user_id,community_id,community_size,community_bot_density,community_internal_density,coordination_score,temporal_burstiness
103428,0,115,0.5826,0.021815,0.20292,0.0
109318,0,115,0.5826,0.021815,0.44824,0.0
107271,0,115,0.5826,0.021815,0.47344,0.0
100871,0,115,0.5826,0.021815,0.12828,0.0
100360,0,115,0.5826,0.021815,0.13464,0.0
108053,0,115,0.5826,0.021815,0.46816,0.0
107542,0,115,0.5826,0.021815,0.47084000000000004,0.0
107285,0,115,0.5826,0.021815,0.48632000000000003,0.0
102936,0,115,0.5826,0.021815,0.125,0.0
103446,0,115,0.5826,0.021815,0.14432,0.0
107548,0,115,0.5826,0.021815,0.38692000000000004,0.0
109597,0,115,0.5826,0.021815,0.36492,0.0
106525,0,115,0.5826,0.021815,0.49456000000000006,0.0
105247,0,115,0.5826,0.021815,0.46056,0.0
100382,0,115,0.5826,0.021815,0.125,0.0
108832,0,115,0.5826,0.021815,0.35328000000000004,0.0
102945,0,115,0.5826,0.021815,0.1504,0.0
108538,0,115,0.5826,0.021815,0.24288,0.0
102436,0,115,0.5826,0.021815,0.15164,0.0
100900,0,115,0.5826,0.021815,0.16056,0.0
101670,0,115,0.5826,0.021815,0.15808,0.0
107813,0,115,0.5826,0.021815,0.359,0.0
102693,0,115,0.5826,0.021815,0.20264,0.0
104741,0,115,0.5826,0.021815,0.1752,0.0
105000,0,115,0.5826,0.021815,0.14464,0.0
100654,0,115,0.5826,0.021815,0.13332,0.0
101936,0,115,0.5826,0.021815,0.12552,0.0
104241,0,115,0.5826,0.021815,0.14344,0.0
102455,0,115,0.5826,0.021815,0.128,0.0
109112,0,115,0.5826,0.021815,0.3756,0.0
105786,0,115,0.5826,0.021815,0.28080000000000005,0.0
108604,0,115,0.5826,0.021815,0.30908,0.0
107581,0,115,0.5826,0.021815,0.41772000000000004,0.0
107070,0,115,0.5826,0.021815,0.3572,0.0
104765,0,115,0.5826,0.021815,0.13364,0.0
104003,0,115,0.5826,0.021815,0.12564,0.0
101443,0,115,0.5826,0.021815,0.12508,0.0
101189,0,115,0.5826,0.021815,0.15108,0.0
102983,0,115,0.5826,0.021815,0.12584,0.0
107339,0,115,0.5826,0.021815,0.2882,0.0
102479,0,115,0.5826,0.021815,0.14108,0.0
101460,0,115,0.5826,0.021815,0.12596,0.0
105814,0,115,0.5826,0.021815,0.33936,0.0
101470,0,115,0.5826,0.021815,0.13716,0.0
100702,0,115,0.5826,0.021815,0.12692,0.0
107361,0,115,0.5826,0.021815,0.40772,0.0
100451,0,115,0.5826,0.021815,0.19804,0.0
109415,0,115,0.5826,0.021815,0.32964000000000004,0.0
102250,0,115,0.5826,0.021815,0.1396,0.0
106092,0,115,0.5826,0.021815,0.45332,0.0
104819,0,115,0.5826,0.021815,0.13164,0.0
108411,0,115,0.5826,0.021815,0.49872000000000005,0.0
102272,0,115,0.5826,0.021815,0.12584,0.0
108168,0,115,0.5826,0.021815,0.44456000000000007,0.0
107144,0,115,0.5826,0.021815,0.35840000000000005,0.0
101516,0,115,0.5826,0.021815,0.226,0.0
107661,0,115,0.5826,0.021815,0.47292,0.0
105358,0,115,0.5826,0.021815,0.47892,0.0
109198,0,115,0.5826,0.021815,0.23428,0.0
103311,0,115,0.5826,0.021815,0.1254,0.0
106896,0,115,0.5826,0.021815,0.48360000000000003,0.0
101264,0,115,0.5826,0.021815,0.1384,0.0
109205,0,115,0.5826,0.021815,0.20884000000000003,0.0
106390,0,115,0.5826,0.021815,0.4616,0.0
107671,0,115,0.5826,0.021815,0.5078800000000001,0.0
107420,0,115,0.5826,0.021815,0.4658,0.0
106909,0,115,0.5826,0.021815,0.41312000000000004,0.0
107168,0,115,0.5826,0.021815,0.46508,0.0
100003,0,115,0.5826,0.021815,0.1626,0.0
109990,0,115,0.5826,0.021815,0.40812,0.0
109479,0,115,0.5826,0.021815,0.25836000000000003,0.0
108456,0,115,0.5826,0.021815,0.45472,0.0
103084,0,115,0.5826,0.021815,0.153,0.0
108208,0,115,0.5826,0.021815,0.40292,0.0
106928,0,115,0.5826,0.021815,0.42900000000000005,0.0
102833,0,115,0.5826,0.021815,0.12776,0.0
105650,0,115,0.5826,0.021815,0.36663999999999997,0.0
103857,0,115,0.5826,0.021815,0.125,0.0
100533,0,115,0.5826,0.021815,0.12976,0.0
104634,0,115,0.5826,0.021815,0.16828,0.0
105663,0,115,0.5826,0.021815,0.47672000000000003,0.0
104383,0,115,0.5826,0.021815,0.18431999999999998,0.0
106943,0,115,0.5826,0.021815,0.47552,0.0
107458,0,115,0.5826,0.021815,0.42784,0.0
106689,0,115,0.5826,0.021815,0.45464000000000004,0.0
104390,0,115,0.5826,0.021815,0.125,0.0
104134,0,115,0.5826,0.021815,0.12816,0.0
106698,0,115,0.5826,0.021815,0.40299999999999997,0.0
103116,0,115,0.5826,0.021815,0.13028,0.0
108752,0,115,0.5826,0.021815,0.35216000000000003,0.0
109522,0,115,0.5826,0.021815,0.41908,0.0
108755,0,115,0.5826,0.021815,0.36148,0.0
107731,0,115,0.5826,0.021815,0.27352,0.0
105173,0,115,0.5826,0.021815,0.40328,0.0
107222,0,115,0.5826,0.021815,0.45316,0.0
109523,0,115,0.5826,0.021815,0.35840000000000005,0.0
106197,0,115,0.5826,0.021815,0.45308000000000004,0.0
108505,0,115,0.5826,0.021815,0.37879999999999997,0.0
109783,0,115,0.5826,0.021815,0.3004,0.0
108508,0,115,0.5826,0.021815,0.38432,0.0
103645,0,115,0.5826,0.021815,0.22152,0.0
102366,0,115,0.5826,0.021815,0.13192,0.0
109540,0,115,0.5826,0.021815,0.37568,0.0
105701,0,115,0.5826,0.021815,0.4126,0.0
104933,0,115,0.5826,0.021815,0.12728,0.0
108005,0,115,0.5826,0.021815,0.39732,0.0
108776,0,115,0.5826,0.021815,0.26428,0.0
106473,0,115,0.5826,0.021815,0.41824,0.0
105201,0,115,0.5826,0.021815,0.44568,0.0
106994,0,115,0.5826,0.021815,0.46104,0.0
106232,0,115,0.5826,0.021815,0.51324,0.0
100857,0,115,0.5826,0.021815,0.13544,0.0
101882,0,115,0.5826,0.021815,0.12512,0.0
108539,0,115,0.5826,0.021815,0.27864,0.0
105726,0,115,0.5826,0.021815,0.5029600000000001,0.0
105991,1,196,0.4898,0.013448,0.45248,0.0
102921,1,196,0.4898,0.013448,0.13136,0.0
105995,1,196,0.4898,0.013448,0.40936,0.0
106510,1,196,0.4898,0.013448,0.46772,0.0
103439,1,196,0.4898,0.013448,0.13088,0.0
101906,1,196,0.4898,0.013448,0.1386,0.0
100371,1,196,0.4898,0.013448,0.1772,0.0
103444,1,196,0.4898,0.013448,0.12892,0.0
108055,1,196,0.4898,0.013448,0.49524,0.0
102424,1,196,0.4898,0.013448,0.26964,0.0
108572,1,196,0.4898,0.013448,0.43788000000000005,0.0
106528,1,196,0.4898,0.013448,0.46464,0.0
104487,1,196,0.4898,0.013448,0.148,0.0
103464,1,196,0.4898,0.013448,0.14256,0.0
102439,1,196,0.4898,0.013448,0.18756,0.0
106545,1,196,0.4898,0.013448,0.43396,0.0
102452,1,196,0.4898,0.013448,0.16816,0.0
108084,1,196,0.4898,0.013448,0.45804,0.0
105528,1,196,0.4898,0.013448,0.49384000000000006,0.0
108608,1,196,0.4898,0.013448,0.35736,0.0
109632,1,196,0.4898,0.013448,0.48256000000000004,0.0
100930,1,196,0.4898,0.013448,0.24224,0.0
101442,1,196,0.4898,0.013448,0.12552,0.0
101446,1,196,0.4898,0.013448,0.13972,0.0
105032,1,196,0.4898,0.013448,0.40828000000000003,0.0
108617,1,196,0.4898,0.013448,0.46080000000000004,0.0
109135,1,196,0.4898,0.013448,0.39076,0.0
106063,1,196,0.4898,0.013448,0.4622,0.0
101457,1,196,0.4898,0.013448,0.2228,0.0
109140,1,196,0.4898,0.013448,0.38444,0.0
106072,1,196,0.4898,0.013448,0.32684,0.0
102491,1,196,0.4898,0.013448,0.1314,0.0
103516,1,196,0.4898,0.013448,0.14464,0.0
106079,1,196,0.4898,0.013448,0.4832,0.0
100960,1,196,0.4898,0.013448,0.18212,0.0
109153,1,196,0.4898,0.013448,0.1892,0.0
101992,1,196,0.4898,0.013448,0.12508,0.0
101486,1,196,0.4898,0.013448,0.19156,0.0
101489,1,196,0.4898,0.013448,0.12752,0.0
107128,1,196,0.4898,0.013448,0.40192,0.0
104568,1,196,0.4898,0.013448,0.17052,0.0
102009,1,196,0.4898,0.013448,0.16912,0.0
107131,1,196,0.4898,0.013448,0.33548,0.0
107643,1,196,0.4898,0.013448,0.35852,0.0
107645,1,196,0.4898,0.013448,0.3048,0.0
102014,1,196,0.4898,0.013448,0.17980000000000002,0.0
107648,1,196,0.4898,0.013448,0.454,0.0
102532,1,196,0.4898,0.013448,0.25056,0.0
107141,1,196,0.4898,0.013448,0.47604,0.0
104583,1,196,0.4898,0.013448,0.15872,0.0
103560,1,196,0.4898,0.013448,0.1968,0.0
107658,1,196,0.4898,0.013448,0.42500000000000004,0.0
108688,1,196,0.4898,0.013448,0.21252,0.0
107664,1,196,0.4898,0.013448,0.41644000000000003,0.0
103573,1,196,0.4898,0.013448,0.12596,0.0
108699,1,196,0.4898,0.013448,0.4308,0.0
105628,1,196,0.4898,0.013448,0.34148,0.0
103581,1,196,0.4898,0.013448,0.13684,0.0
100509,1,196,0.4898,0.013448,0.15752,0.0
109728,1,196,0.4898,0.013448,0.25296,0.0
107680,1,196,0.4898,0.013448,0.37164,0.0
107170,1,196,0.4898,0.013448,0.47052000000000005,0.0
100516,1,196,0.4898,0.013448,0.19072,0.0
104101,1,196,0.4898,0.013448,0.13788,0.0
105128,1,196,0.4898,0.013448,0.51576,0.0
101545,1,196,0.4898,0.013448,0.13144,0.0
103594,1,196,0.4898,0.013448,0.14728,0.0
102574,1,196,0.4898,0.013448,0.12524,0.0
109235,1,196,0.4898,0.013448,0.3774,0.0
106164,1,196,0.4898,0.013448,0.41112000000000004,0.0
105146,1,196,0.4898,0.013448,0.38664000000000004,0.0
100538,1,196,0.4898,0.013448,0.12504,0.0
103102,1,196,0.4898,0.013448,0.1428,0.0
108735,1,196,0.4898,0.013448,0.49108,0.0
106175,1,196,0.4898,0.013448,0.5067600000000001,0.0
100032,1,196,0.4898,0.013448,0.15924,0.0
108226,1,196,0.4898,0.013448,0.45444,0.0
104130,1,196,0.4898,0.013448,0.125,0.0
103618,1,196,0.4898,0.013448,0.21356000000000003,0.0
101061,1,196,0.4898,0.013448,0.16012,0.0
105158,1,196,0.4898,0.013448,0.48912,0.0
103617,1,196,0.4898,0.013448,0.14536,0.0
106184,1,196,0.4898,0.013448,0.34388,0.0
105161,1,196,0.4898,0.013448,0.42436,0.0
104138,1,196,0.4898,0.013448,0.12864,0.0
101580,1,196,0.4898,0.013448,0.131,0.0
102605,1,196,0.4898,0.013448,0.14012,0.0
102096,1,196,0.4898,0.013448,0.12516,0.0
104657,1,196,0.4898,0.013448,0.16232,0.0
102612,1,196,0.4898,0.013448,0.14912,0.0
106488,1,196,0.4898,0.013448,0.406,0.0
107746,1,196,0.4898,0.013448,0.36396000000000006,0.0
103652,1,196,0.4898,0.013448,0.12524,0.0
100069,1,196,0.4898,0.013448,0.14548,0.0
101607,1,196,0.4898,0.013448,0.14844000000000002,0.0
107239,1,196,0.4898,0.013448,0.49864,0.0
105705,1,196,0.4898,0.013448,0.48492,0.0
100076,1,196,0.4898,0.013448,0.1336,0.0
101106,1,196,0.4898,0.013448,0.12984,0.0
100594,1,196,0.4898,0.013448,0.17456,0.0
103668,1,196,0.4898,0.013448,0.14976,0.0
103157,1,196,0.4898,0.013448,0.12656,0.0
102648,1,196,0.4898,0.013448,0.13604,0.0
103164,1,196,0.4898,0.013448,0.15852,0.0
106239,1,196,0.4898,0.013448,0.34276,0.0
105219,1,196,0.4898,0.013448,0.4298,0.0
100100,1,196,0.4898,0.013448,0.13408,0.0
107269,1,196,0.4898,0.013448,0.42212,0.0
101127,1,196,0.4898,0.013448,0.137,0.0
104723,1,196,0.4898,0.013448,0.14544,0.0
106260,1,196,0.4898,0.013448,0.44792000000000004,0.0
109846,1,196,0.4898,0.013448,0.50072,0.0
109847,1,196,0.4898,0.013448,0.2908,0.0
101150,1,196,0.4898,0.013448,0.12712,0.0
106783,1,196,0.4898,0.013448,0.37756,0.0
104742,1,196,0.4898,0.013448,0.1264,0.0
104235,1,196,0.4898,0.013448,0.12588,0.0
106796,1,196,0.4898,0.013448,0.39211999999999997,0.0
101675,1,196,0.4898,0.013448,0.13804,0.0
104750,1,196,0.4898,0.013448,0.12504,0.0
105266,1,196,0.4898,0.013448,0.44476000000000004,0.0
106294,1,196,0.4898,0.013448,0.45592000000000005,0.0
106299,1,196,0.4898,0.013448,0.46136,0.0
103739,1,196,0.4898,0.013448,0.13312,0.0
101696,1,196,0.4898,0.013448,0.13496,0.0
107330,1,196,0.4898,0.013448,0.5036,0.0
108354,1,196,0.4898,0.013448,0.47100000000000003,0.0
109378,1,196,0.4898,0.013448,0.24008000000000002,0.0
106823,1,196,0.4898,0.013448,0.42360000000000003,0.0
100168,1,196,0.4898,0.013448,0.18932,0.0
107847,1,196,0.4898,0.013448,0.43872,0.0
103246,1,196,0.4898,0.013448,0.12516,0.0
109391,1,196,0.4898,0.013448,0.37612,0.0
101714,1,196,0.4898,0.013448,0.12608,0.0
103762,1,196,0.4898,0.013448,0.1846,0.0
107347,1,196,0.4898,0.013448,0.50448,0.0
101718,1,196,0.4898,0.013448,0.15496,0.0
100705,1,196,0.4898,0.013448,0.12732,0.0
107362,1,196,0.4898,0.013448,0.37172000000000005,0.0
101735,1,196,0.4898,0.013448,0.13232,0.0
103273,1,196,0.4898,0.013448,0.14328,0.0
109930,1,196,0.4898,0.013448,0.24132,0.0
104301,1,196,0.4898,0.013448,0.12544,0.0
101231,1,196,0.4898,0.013448,0.23408,0.0
102257,1,196,0.4898,0.013448,0.13916,0.0
101747,1,196,0.4898,0.013448,0.12892,0.0
106869,1,196,0.4898,0.013448,0.47316,0.0
106877,1,196,0.4898,0.013448,0.39256,0.0
108419,1,196,0.4898,0.013448,0.4006,0.0
101252,1,196,0.4898,0.013448,0.12844,0.0
102276,1,196,0.4898,0.013448,0.28288,0.0
108935,1,196,0.4898,0.013448,0.36124,0.0
106376,1,196,0.4898,0.013448,0.44168,0.0
103305,1,196,0.4898,0.013448,0.12808,0.0
105865,1,196,0.4898,0.013448,0.36532,0.0
103818,1,196,0.4898,0.013448,0.12504,0.0
107405,1,196,0.4898,0.013448,0.41456,0.0
107918,1,196,0.4898,0.013448,0.48716000000000004,0.0
102292,1,196,0.4898,0.013448,0.20588,0.0
106903,1,196,0.4898,0.013448,0.44008,0.0
103321,1,196,0.4898,0.013448,0.21216000000000002,0.0
104860,1,196,0.4898,0.013448,0.12576,0.0
105885,1,196,0.4898,0.013448,0.41304,0.0
107426,1,196,0.4898,0.013448,0.46772,0.0
107428,1,196,0.4898,0.013448,0.43236,0.0
104869,1,196,0.4898,0.013448,0.1368,0.0
102821,1,196,0.4898,0.013448,0.14792,0.0
107940,1,196,0.4898,0.013448,0.34152000000000005,0.0
100264,1,196,0.4898,0.013448,0.12848,0.0
107434,1,196,0.4898,0.013448,0.36876000000000003,0.0
109999,1,196,0.4898,0.013448,0.25828,0.0
100273,1,196,0.4898,0.013448,0.13592,0.0
108978,1,196,0.4898,0.013448,0.26316,0.0
105398,1,196,0.4898,0.013448,0.36168,0.0
101818,1,196,0.4898,0.013448,0.24036000000000002,0.0
105921,1,196,0.4898,0.013448,0.48736,0.0
109506,1,196,0.4898,0.013448,0.3924,0.0
101314,1,196,0.4898,0.013448,0.12716,0.0
102857,1,196,0.4898,0.013448,0.12912,0.0
103882,1,196,0.4898,0.013448,0.13436,0.0
101835,1,196,0.4898,0.013448,0.16576000000000002,0.0
105936,1,196,0.4898,0.013448,0.46724000000000004,0.0
105426,1,196,0.4898,0.013448,0.40968,0.0
103894,1,196,0.4898,0.013448,0.1268,0.0
109527,1,196,0.4898,0.013448,0.27536000000000005,0.0
100313,1,196,0.4898,0.013448,0.1326,0.0
107486,1,196,0.4898,0.013448,0.4818,0.0
101344,1,196,0.4898,0.013448,0.16364,0.0
105952,1,196,0.4898,0.013448,0.50308,0.0
108515,1,196,0.4898,0.013448,0.3756,0.0
109027,1,196,0.4898,0.013448,0.2972,0.0
105960,1,196,0.4898,0.013448,0.40824,0.0
107505,1,196,0.4898,0.013448,0.36392,0.0
100856,1,196,0.4898,0.013448,0.12532,0.0
100346,1,196,0.4898,0.013448,0.16372,0.0
105469,1,196,0.4898,0.013448,0.45752000000000004,0.0
104454,2,362,0.605,0.007744,0.13372,0.0
104455,2,362,0.605,0.007744,0.13004,0.0
103433,2,362,0.605,0.007744,0.22504000000000002,0.0
105486,2,362,0.605,0.007744,0.29968,0.0
109583,2,362,0.605,0.007744,0.37676,0.0
107534,2,362,0.605,0.007744,0.41344,0.0
101402,2,362,0.605,0.007744,0.12784,0.0
109595,2,362,0.605,0.007744,0.20188,0.0
107557,2,362,0.605,0.007744,0.3634,0.0
101414,2,362,0.605,0.007744,0.15756,0.0
105512,2,362,0.605,0.007744,0.43828,0.0
108585,2,362,0.605,0.007744,0.39016,0.0
109610,2,362,0.605,0.007744,0.38424,0.0
108587,2,362,0.605,0.007744,0.34604,0.0
106544,2,362,0.605,0.007744,0.37936000000000003,0.0
109622,2,362,0.605,0.007744,0.25668,0.0
103478,2,362,0.605,0.007744,0.2298,0.0
109624,2,362,0.605,0.007744,0.44224,0.0
105531,2,362,0.605,0.007744,0.43748000000000004,0.0
109630,2,362,0.605,0.007744,0.26524000000000003,0.0
103488,2,362,0.605,0.007744,0.13732,0.0
100417,2,362,0.605,0.007744,0.12848,0.0
105536,2,362,0.605,0.007744,0.36612,0.0
102470,2,362,0.605,0.007744,0.12512,0.0
107600,2,362,0.605,0.007744,0.44900000000000007,0.0
101458,2,362,0.605,0.007744,0.19788,0.0
108627,2,362,0.605,0.007744,0.34108000000000005,0.0
107605,2,362,0.605,0.007744,0.48024,0.0
101464,2,362,0.605,0.007744,0.12872,0.0
109659,2,362,0.605,0.007744,0.28048,0.0
103515,2,362,0.605,0.007744,0.146,0.0
104541,2,362,0.605,0.007744,0.12536,0.0
103519,2,362,0.605,0.007744,0.12904,0.0
105568,2,362,0.605,0.007744,0.44508000000000003,0.0
101473,2,362,0.605,0.007744,0.147,0.0
102498,2,362,0.605,0.007744,0.12532,0.0
109667,2,362,0.605,0.007744,0.43432000000000004,0.0
108648,2,362,0.605,0.007744,0.30816,0.0
102504,2,362,0.605,0.007744,0.12532,0.0
103530,2,362,0.605,0.007744,0.13956,0.0
107627,2,362,0.605,0.007744,0.39616,0.0
100463,2,362,0.605,0.007744,0.18492,0.0
106607,2,362,0.605,0.007744,0.383,0.0
106610,2,362,0.605,0.007744,0.40112000000000003,0.0
109685,2,362,0.605,0.007744,0.22952,0.0
104566,2,362,0.605,0.007744,0.12508,0.0
103545,2,362,0.605,0.007744,0.13056,0.0
102523,2,362,0.605,0.007744,0.22152,0.0
101500,2,362,0.605,0.007744,0.158,0.0
108672,2,362,0.605,0.007744,0.42316,0.0
108673,2,362,0.605,0.007744,0.38404,0.0
106625,2,362,0.605,0.007744,0.46736,0.0
102531,2,362,0.605,0.007744,0.13612,0.0
103558,2,362,0.605,0.007744,0.12612,0.0
100487,2,362,0.605,0.007744,0.16352,0.0
105609,2,362,0.605,0.007744,0.45652000000000004,0.0
107663,2,362,0.605,0.007744,0.4504,0.0
107670,2,362,0.605,0.007744,0.45928,0.0
104599,2,362,0.605,0.007744,0.14584,0.0
107675,2,362,0.605,0.007744,0.45924000000000004,0.0
105627,2,362,0.605,0.007744,0.43700000000000006,0.0
101533,2,362,0.605,0.007744,0.1262,0.0
102561,2,362,0.605,0.007744,0.13376,0.0
105633,2,362,0.605,0.007744,0.42644000000000004,0.0
103588,2,362,0.605,0.007744,0.12656,0.0
109735,2,362,0.605,0.007744,0.38316,0.0
105642,2,362,0.605,0.007744,0.36704000000000003,0.0
102575,2,362,0.605,0.007744,0.15728,0.0
106672,2,362,0.605,0.007744,0.4228,0.0
108725,2,362,0.605,0.007744,0.43284,0.0
107706,2,362,0.605,0.007744,0.48776,0.0
101563,2,362,0.605,0.007744,0.13356,0.0
109763,2,362,0.605,0.007744,0.29052,0.0
102596,2,362,0.605,0.007744,0.17904,0.0
100551,2,362,0.605,0.007744,0.13244,0.0
103628,2,362,0.605,0.007744,0.12608,0.0
107725,2,362,0.605,0.007744,0.39064000000000004,0.0
106701,2,362,0.605,0.007744,0.39584,0.0
102607,2,362,0.605,0.007744,0.12616,0.0
108754,2,362,0.605,0.007744,0.34443999999999997,0.0
109782,2,362,0.605,0.007744,0.44996,0.0
109784,2,362,0.605,0.007744,0.40299999999999997,0.0
105688,2,362,0.605,0.007744,0.37988,0.0
106715,2,362,0.605,0.007744,0.262,0.0
101601,2,362,0.605,0.007744,0.12704,0.0
106722,2,362,0.605,0.007744,0.47472000000000003,0.0
101603,2,362,0.605,0.007744,0.23528,0.0
107745,2,362,0.605,0.007744,0.36040000000000005,0.0
107750,2,362,0.605,0.007744,0.50012,0.0
100588,2,362,0.605,0.007744,0.15104,0.0
108793,2,362,0.605,0.007744,0.39420000000000005,0.0
107769,2,362,0.605,0.007744,0.44264000000000003,0.0
102651,2,362,0.605,0.007744,0.1262,0.0
105729,2,362,0.605,0.007744,0.37,0.0
107778,2,362,0.605,0.007744,0.34131999999999996,0.0
107783,2,362,0.605,0.007744,0.45972,0.0
105739,2,362,0.605,0.007744,0.36063999999999996,0.0
106763,2,362,0.605,0.007744,0.47628000000000004,0.0
107798,2,362,0.605,0.007744,0.44148000000000004,0.0
101659,2,362,0.605,0.007744,0.15712,0.0
106780,2,362,0.605,0.007744,0.43192,0.0
107805,2,362,0.605,0.007744,0.39592,0.0
107811,2,362,0.605,0.007744,0.33796000000000004,0.0
105765,2,362,0.605,0.007744,0.4868,0.0
103721,2,362,0.605,0.007744,0.125,0.0
106799,2,362,0.605,0.007744,0.24228,0.0
107834,2,362,0.605,0.007744,0.46336,0.0
102716,2,362,0.605,0.007744,0.12676,0.0
100670,2,362,0.605,0.007744,0.14204,0.0
104769,2,362,0.605,0.007744,0.12756,0.0
108870,2,362,0.605,0.007744,0.45824,0.0
104781,2,362,0.605,0.007744,0.15712,0.0
107855,2,362,0.605,0.007744,0.45688,0.0
107859,2,362,0.605,0.007744,0.40364,0.0
106836,2,362,0.605,0.007744,0.4872,0.0
109912,2,362,0.605,0.007744,0.2062,0.0
105817,2,362,0.605,0.007744,0.49484,0.0
108891,2,362,0.605,0.007744,0.48984000000000005,0.0
107868,2,362,0.605,0.007744,0.40908000000000005,0.0
104797,2,362,0.605,0.007744,0.12584,0.0
105821,2,362,0.605,0.007744,0.47240000000000004,0.0
108895,2,362,0.605,0.007744,0.32308000000000003,0.0
106849,2,362,0.605,0.007744,0.42252,0.0
100707,2,362,0.605,0.007744,0.13348,0.0
106852,2,362,0.605,0.007744,0.4844,0.0
102756,2,362,0.605,0.007744,0.16796,0.0
106855,2,362,0.605,0.007744,0.39011999999999997,0.0
107884,2,362,0.605,0.007744,0.44380000000000003,0.0
100721,2,362,0.605,0.007744,0.19956000000000002,0.0
107889,2,362,0.605,0.007744,0.4298,0.0
100723,2,362,0.605,0.007744,0.12632,0.0
102772,2,362,0.605,0.007744,0.15192,0.0
100725,2,362,0.605,0.007744,0.1648,0.0
105848,2,362,0.605,0.007744,0.47628000000000004,0.0
106872,2,362,0.605,0.007744,0.40628000000000003,0.0
109947,2,362,0.605,0.007744,0.26552,0.0
102782,2,362,0.605,0.007744,0.12704,0.0
100735,2,362,0.605,0.007744,0.13672,0.0
105857,2,362,0.605,0.007744,0.45796000000000003,0.0
104834,2,362,0.605,0.007744,0.125,0.0
108942,2,362,0.605,0.007744,0.34784000000000004,0.0
106895,2,362,0.605,0.007744,0.36556,0.0
105873,2,362,0.605,0.007744,0.32076000000000005,0.0
107922,2,362,0.605,0.007744,0.46,0.0
101779,2,362,0.605,0.007744,0.1316,0.0
100755,2,362,0.605,0.007744,0.12564,0.0
109972,2,362,0.605,0.007744,0.30948,0.0
102805,2,362,0.605,0.007744,0.13416,0.0
104853,2,362,0.605,0.007744,0.1258,0.0
109975,2,362,0.605,0.007744,0.30264,0.0
102810,2,362,0.605,0.007744,0.12564,0.0
105886,2,362,0.605,0.007744,0.33568,0.0
108959,2,362,0.605,0.007744,0.37336,0.0
107936,2,362,0.605,0.007744,0.40543999999999997,0.0
104867,2,362,0.605,0.007744,0.12552,0.0
106916,2,362,0.605,0.007744,0.42756,0.0
104868,2,362,0.605,0.007744,0.12648,0.0
108970,2,362,0.605,0.007744,0.40512000000000004,0.0
105899,2,362,0.605,0.007744,0.47364000000000006,0.0
108972,2,362,0.605,0.007744,0.28368000000000004,0.0
104878,2,362,0.605,0.007744,0.12508,0.0
108976,2,362,0.605,0.007744,0.41732,0.0
100791,2,362,0.605,0.007744,0.12944,0.0
101816,2,362,0.605,0.007744,0.13284,0.0
107959,2,362,0.605,0.007744,0.49712,0.0
106945,2,362,0.605,0.007744,0.4554,0.0
108994,2,362,0.605,0.007744,0.394,0.0
105924,2,362,0.605,0.007744,0.41988,0.0
105928,2,362,0.605,0.007744,0.29992,0.0
107978,2,362,0.605,0.007744,0.42432,0.0
102861,2,362,0.605,0.007744,0.12516,0.0
105937,2,362,0.605,0.007744,0.43688,0.0
104913,2,362,0.605,0.007744,0.16748000000000002,0.0
104916,2,362,0.605,0.007744,0.12576,0.0
106966,2,362,0.605,0.007744,0.46224,0.0
105944,2,362,0.605,0.007744,0.41744,0.0
100825,2,362,0.605,0.007744,0.12572,0.0
105951,2,362,0.605,0.007744,0.49744000000000005,0.0
100832,2,362,0.605,0.007744,0.12864,0.0
101865,2,362,0.605,0.007744,0.14196,0.0
103914,2,362,0.605,0.007744,0.12664,0.0
105962,2,362,0.605,0.007744,0.51644,0.0
109037,2,362,0.605,0.007744,0.32776000000000005,0.0
103923,2,362,0.605,0.007744,0.12544,0.0
105981,2,362,0.605,0.007744,0.35948,0.0
100862,2,362,0.605,0.007744,0.13212,0.0
109055,2,362,0.605,0.007744,0.33432,0.0
109056,2,362,0.605,0.007744,0.49668,0.0
108033,2,362,0.605,0.007744,0.41708,0.0
100866,2,362,0.605,0.007744,0.143,0.0
109061,2,362,0.605,0.007744,0.33144,0.0
102922,2,362,0.605,0.007744,0.12584,0.0
108054,2,362,0.605,0.007744,0.3796,0.0
104985,2,362,0.605,0.007744,0.12636,0.0
104987,2,362,0.605,0.007744,0.14404,0.0
103963,2,362,0.605,0.007744,0.1254,0.0
108068,2,362,0.605,0.007744,0.40052,0.0
102952,2,362,0.605,0.007744,0.12532,0.0
109105,2,362,0.605,0.007744,0.37864000000000003,0.0
106035,2,362,0.605,0.007744,0.33576000000000006,0.0
105014,2,362,0.605,0.007744,0.50732,0.0
107065,2,362,0.605,0.007744,0.48792,0.0
105018,2,362,0.605,0.007744,0.47144,0.0
101950,2,362,0.605,0.007744,0.13832,0.0
107071,2,362,0.605,0.007744,0.40552000000000005,0.0
109125,2,362,0.605,0.007744,0.3448,0.0
100935,2,362,0.605,0.007744,0.22204000000000002,0.0
107093,2,362,0.605,0.007744,0.35564,0.0
102997,2,362,0.605,0.007744,0.1956,0.0
108121,2,362,0.605,0.007744,0.40636,0.0
106074,2,362,0.605,0.007744,0.47948,0.0
105051,2,362,0.605,0.007744,0.28212000000000004,0.0
109148,2,362,0.605,0.007744,0.26808,0.0
104028,2,362,0.605,0.007744,0.17616,0.0
107106,2,362,0.605,0.007744,0.34216,0.0
109155,2,362,0.605,0.007744,0.4082,0.0
104037,2,362,0.605,0.007744,0.17872,0.0
106090,2,362,0.605,0.007744,0.36396000000000006,0.0
105066,2,362,0.605,0.007744,0.34692,0.0
107116,2,362,0.605,0.007744,0.49384000000000006,0.0
105077,2,362,0.605,0.007744,0.43832000000000004,0.0
103029,2,362,0.605,0.007744,0.20888,0.0
102005,2,362,0.605,0.007744,0.12612,0.0
100984,2,362,0.605,0.007744,0.1262,0.0
109179,2,362,0.605,0.007744,0.42372000000000004,0.0
106110,2,362,0.605,0.007744,0.40256,0.0
108159,2,362,0.605,0.007744,0.33999999999999997,0.0
108164,2,362,0.605,0.007744,0.3754,0.0
102021,2,362,0.605,0.007744,0.28028,0.0
106118,2,362,0.605,0.007744,0.46356,0.0
107143,2,362,0.605,0.007744,0.32864000000000004,0.0
101000,2,362,0.605,0.007744,0.12996,0.0
101003,2,362,0.605,0.007744,0.1476,0.0
102029,2,362,0.605,0.007744,0.13196,0.0
105101,2,362,0.605,0.007744,0.51036,0.0
101006,2,362,0.605,0.007744,0.22708,0.0
109201,2,362,0.605,0.007744,0.30616,0.0
104087,2,362,0.605,0.007744,0.20416,0.0
105115,2,362,0.605,0.007744,0.43448000000000003,0.0
102047,2,362,0.605,0.007744,0.12712,0.0
105119,2,362,0.605,0.007744,0.49204000000000003,0.0
100001,2,362,0.605,0.007744,0.15704,0.0
108197,2,362,0.605,0.007744,0.49404000000000003,0.0
105126,2,362,0.605,0.007744,0.45284,0.0
102053,2,362,0.605,0.007744,0.12712,0.0
100005,2,362,0.605,0.007744,0.13056,0.0
101032,2,362,0.605,0.007744,0.15752,0.0
108204,2,362,0.605,0.007744,0.37684,0.0
107193,2,362,0.605,0.007744,0.51888,0.0
104125,2,362,0.605,0.007744,0.13084,0.0
106176,2,362,0.605,0.007744,0.44748000000000004,0.0
106177,2,362,0.605,0.007744,0.37836,0.0
101063,2,362,0.605,0.007744,0.12568000000000001,0.0
105163,2,362,0.605,0.007744,0.4128,0.0
107217,2,362,0.605,0.007744,0.42772000000000004,0.0
109265,2,362,0.605,0.007744,0.45192000000000004,0.0
101073,2,362,0.605,0.007744,0.18464,0.0
108255,2,362,0.605,0.007744,0.38420000000000004,0.0
101087,2,362,0.605,0.007744,0.12516,0.0
107235,2,362,0.605,0.007744,0.38608,0.0
108261,2,362,0.605,0.007744,0.39644,0.0
103142,2,362,0.605,0.007744,0.12616,0.0
106215,2,362,0.605,0.007744,0.41708,0.0
102120,2,362,0.605,0.007744,0.16532,0.0
105193,2,362,0.605,0.007744,0.48552,0.0
108275,2,362,0.605,0.007744,0.40484000000000003,0.0
104179,2,362,0.605,0.007744,0.14676,0.0
107256,2,362,0.605,0.007744,0.4358,0.0
101113,2,362,0.605,0.007744,0.12756,0.0
106240,2,362,0.605,0.007744,0.43456000000000006,0.0
104194,2,362,0.605,0.007744,0.12604,0.0
102146,2,362,0.605,0.007744,0.12548,0.0
108301,2,362,0.605,0.007744,0.37928,0.0
102158,2,362,0.605,0.007744,0.16924,0.0
104207,2,362,0.605,0.007744,0.14424,0.0
109331,2,362,0.605,0.007744,0.41200000000000003,0.0
107295,2,362,0.605,0.007744,0.42752,0.0
107296,2,362,0.605,0.007744,0.39296000000000003,0.0
103201,2,362,0.605,0.007744,0.13076,0.0
100134,2,362,0.605,0.007744,0.14172,0.0
108326,2,362,0.605,0.007744,0.4892,0.0
102188,2,362,0.605,0.007744,0.1626,0.0
108337,2,362,0.605,0.007744,0.4134,0.0
103222,2,362,0.605,0.007744,0.14052,0.0
105276,2,362,0.605,0.007744,0.44416000000000005,0.0
105278,2,362,0.605,0.007744,0.50596,0.0
108351,2,362,0.605,0.007744,0.43864000000000003,0.0
103235,2,362,0.605,0.007744,0.19184,0.0
105288,2,362,0.605,0.007744,0.38596,0.0
100175,2,362,0.605,0.007744,0.13052,0.0
108369,2,362,0.605,0.007744,0.31248,0.0
109393,2,362,0.605,0.007744,0.44756,0.0
105299,2,362,0.605,0.007744,0.44824,0.0
100180,2,362,0.605,0.007744,0.1274,0.0
107351,2,362,0.605,0.007744,0.5134000000000001,0.0
108377,2,362,0.605,0.007744,0.41488,0.0
106330,2,362,0.605,0.007744,0.38523999999999997,0.0
108378,2,362,0.605,0.007744,0.38788,0.0
104284,2,362,0.605,0.007744,0.1312,0.0
105323,2,362,0.605,0.007744,0.46068,0.0
106348,2,362,0.605,0.007744,0.4046,0.0
106350,2,362,0.605,0.007744,0.37888000000000005,0.0
101233,2,362,0.605,0.007744,0.13808,0.0
101234,2,362,0.605,0.007744,0.1262,0.0
109436,2,362,0.605,0.007744,0.40132,0.0
109439,2,362,0.605,0.007744,0.41772000000000004,0.0
106373,2,362,0.605,0.007744,0.45324000000000003,0.0
105353,2,362,0.605,0.007744,0.43648,0.0
104329,2,362,0.605,0.007744,0.13532,0.0
101257,2,362,0.605,0.007744,0.1252,0.0
100237,2,362,0.605,0.007744,0.12716,0.0
100238,2,362,0.605,0.007744,0.16244,0.0
106381,2,362,0.605,0.007744,0.38536000000000004,0.0
105362,2,362,0.605,0.007744,0.42296,0.0
107411,2,362,0.605,0.007744,0.45552000000000004,0.0
109460,2,362,0.605,0.007744,0.23016000000000003,0.0
109459,2,362,0.605,0.007744,0.26264,0.0
104340,2,362,0.605,0.007744,0.12644,0.0
105368,2,362,0.605,0.007744,0.43312,0.0
104348,2,362,0.605,0.007744,0.125,0.0
105382,2,362,0.605,0.007744,0.30816,0.0
104359,2,362,0.605,0.007744,0.18431999999999998,0.0
102313,2,362,0.605,0.007744,0.22492,0.0
106410,2,362,0.605,0.007744,0.36608,0.0
106409,2,362,0.605,0.007744,0.5002800000000001,0.0
101290,2,362,0.605,0.007744,0.12892,0.0
104365,2,362,0.605,0.007744,0.13588,0.0
106413,2,362,0.605,0.007744,0.36996000000000007,0.0
101295,2,362,0.605,0.007744,0.12628,0.0
107435,2,362,0.605,0.007744,0.49132,0.0
105392,2,362,0.605,0.007744,0.48624,0.0
108465,2,362,0.605,0.007744,0.52012,0.0
106422,2,362,0.605,0.007744,0.48996,0.0
102331,2,362,0.605,0.007744,0.21844000000000002,0.0
105405,2,362,0.605,0.007744,0.51236,0.0
108479,2,362,0.605,0.007744,0.40344,0.0
101311,2,362,0.605,0.007744,0.19364,0.0
100289,2,362,0.605,0.007744,0.12516,0.0
100295,2,362,0.605,0.007744,0.14148,0.0
105416,2,362,0.605,0.007744,0.29796,0.0
103370,2,362,0.605,0.007744,0.13432,0.0
107468,2,362,0.605,0.007744,0.3756,0.0
108492,2,362,0.605,0.007744,0.44592000000000004,0.0
107473,2,362,0.605,0.007744,0.44300000000000006,0.0
100306,2,362,0.605,0.007744,0.13356,0.0
107475,2,362,0.605,0.007744,0.48712,0.0
102354,2,362,0.605,0.007744,0.17088,0.0
105428,2,362,0.605,0.007744,0.48756,0.0
109524,2,362,0.605,0.007744,0.30448,0.0
107478,2,362,0.605,0.007744,0.48588000000000003,0.0
102353,2,362,0.605,0.007744,0.1424,0.0
105432,2,362,0.605,0.007744,0.39156,0.0
106458,2,362,0.605,0.007744,0.432,0.0
105443,2,362,0.605,0.007744,0.43900000000000006,0.0
102371,2,362,0.605,0.007744,0.12872,0.0
100332,2,362,0.605,0.007744,0.12756,0.0
107504,2,362,0.605,0.007744,0.39872,0.0
105457,2,362,0.605,0.007744,0.41152000000000005,0.0
107507,2,362,0.605,0.007744,0.49848000000000003,0.0
106489,2,362,0.605,0.007744,0.30876000000000003,0.0
107518,2,362,0.605,0.007744,0.48460000000000003,0.0
109567,2,362,0.605,0.007744,0.24524,0.0
108544,3,432,0.75,0.006939,0.23752,0.0
106496,3,432,0.75,0.006939,0.36608,0.0
106497,3,432,0.75,0.006939,0.466,0.0
100352,3,432,0.75,0.006939,0.14364,0.0
107522,3,432,0.75,0.006939,0.364,0.0
101382,3,432,0.75,0.006939,0.21672000000000002,0.0
105483,3,432,0.75,0.006939,0.31316,0.0
100364,3,432,0.75,0.006939,0.1252,0.0
106509,3,432,0.75,0.006939,0.37464,0.0
104464,3,432,0.75,0.006939,0.125,0.0
107539,3,432,0.75,0.006939,0.41944,0.0
106516,3,432,0.75,0.006939,0.38216,0.0
105493,3,432,0.75,0.006939,0.50204,0.0
109591,3,432,0.75,0.006939,0.18531999999999998,0.0
107547,3,432,0.75,0.006939,0.44724,0.0
102429,3,432,0.75,0.006939,0.12528,0.0
105504,3,432,0.75,0.006939,0.41852,0.0
100386,3,432,0.75,0.006939,0.12504,0.0
109605,3,432,0.75,0.006939,0.32220000000000004,0.0
103465,3,432,0.75,0.006939,0.17732,0.0
105516,3,432,0.75,0.006939,0.40232,0.0
107565,3,432,0.75,0.006939,0.47624,0.0
107566,3,432,0.75,0.006939,0.5103200000000001,0.0
107567,3,432,0.75,0.006939,0.39152000000000003,0.0
100399,3,432,0.75,0.006939,0.1432,0.0
109615,3,432,0.75,0.006939,0.3988,0.0
105522,3,432,0.75,0.006939,0.47132,0.0
103475,3,432,0.75,0.006939,0.13024,0.0
106547,3,432,0.75,0.006939,0.46440000000000003,0.0
108597,3,432,0.75,0.006939,0.26696,0.0
108598,3,432,0.75,0.006939,0.31420000000000003,0.0
107568,3,432,0.75,0.006939,0.43464,0.0
108596,3,432,0.75,0.006939,0.28112000000000004,0.0
109626,3,432,0.75,0.006939,0.41240000000000004,0.0
107578,3,432,0.75,0.006939,0.34136,0.0
101439,3,432,0.75,0.006939,0.12772,0.0
102465,3,432,0.75,0.006939,0.12504,0.0
107586,3,432,0.75,0.006939,0.41476,0.0
108609,3,432,0.75,0.006939,0.25828,0.0
105538,3,432,0.75,0.006939,0.46808000000000005,0.0
109639,3,432,0.75,0.006939,0.17216,0.0
106568,3,432,0.75,0.006939,0.44852000000000003,0.0
100428,3,432,0.75,0.006939,0.12576,0.0
109644,3,432,0.75,0.006939,0.32320000000000004,0.0
108623,3,432,0.75,0.006939,0.45708000000000004,0.0
106578,3,432,0.75,0.006939,0.38956,0.0
100436,3,432,0.75,0.006939,0.16588,0.0
105556,3,432,0.75,0.006939,0.508,0.0
106580,3,432,0.75,0.006939,0.49168,0.0
106583,3,432,0.75,0.006939,0.45132,0.0
102488,3,432,0.75,0.006939,0.13104,0.0
102494,3,432,0.75,0.006939,0.17824,0.0
105567,3,432,0.75,0.006939,0.42272,0.0
105570,3,432,0.75,0.006939,0.45364000000000004,0.0
106596,3,432,0.75,0.006939,0.48140000000000005,0.0
105572,3,432,0.75,0.006939,0.5089600000000001,0.0
109670,3,432,0.75,0.006939,0.41652,0.0
104548,3,432,0.75,0.006939,0.1376,0.0
107622,3,432,0.75,0.006939,0.38016,0.0
104553,3,432,0.75,0.006939,0.12636,0.0
106602,3,432,0.75,0.006939,0.48652000000000006,0.0
106603,3,432,0.75,0.006939,0.32012,0.0
105580,3,432,0.75,0.006939,0.45732,0.0
100461,3,432,0.75,0.006939,0.12644,0.0
108650,3,432,0.75,0.006939,0.22268,0.0
107630,3,432,0.75,0.006939,0.49924,0.0
107633,3,432,0.75,0.006939,0.45908000000000004,0.0
109686,3,432,0.75,0.006939,0.21504,0.0
102522,3,432,0.75,0.006939,0.1436,0.0
108671,3,432,0.75,0.006939,0.38156,0.0
108677,3,432,0.75,0.006939,0.32012,0.0
105605,3,432,0.75,0.006939,0.38972,0.0
108680,3,432,0.75,0.006939,0.36844,0.0
108683,3,432,0.75,0.006939,0.3796,0.0
109710,3,432,0.75,0.006939,0.45292,0.0
108687,3,432,0.75,0.006939,0.26812,0.0
107669,3,432,0.75,0.006939,0.44516,0.0
105625,3,432,0.75,0.006939,0.40288,0.0
106650,3,432,0.75,0.006939,0.38696,0.0
109730,3,432,0.75,0.006939,0.24784,0.0
105634,3,432,0.75,0.006939,0.35984,0.0
108708,3,432,0.75,0.006939,0.2964,0.0
105636,3,432,0.75,0.006939,0.47256000000000004,0.0
105638,3,432,0.75,0.006939,0.5103200000000001,0.0
106662,3,432,0.75,0.006939,0.50212,0.0
107683,3,432,0.75,0.006939,0.49508,0.0
105647,3,432,0.75,0.006939,0.41836,0.0
108721,3,432,0.75,0.006939,0.25360000000000005,0.0
108723,3,432,0.75,0.006939,0.41624,0.0
109748,3,432,0.75,0.006939,0.26836000000000004,0.0
100532,3,432,0.75,0.006939,0.13108,0.0
103608,3,432,0.75,0.006939,0.13928000000000001,0.0
109755,3,432,0.75,0.006939,0.23471999999999998,0.0
104635,3,432,0.75,0.006939,0.12516,0.0
106685,3,432,0.75,0.006939,0.4318,0.0
109757,3,432,0.75,0.006939,0.2934,0.0
101567,3,432,0.75,0.006939,0.16864,0.0
105665,3,432,0.75,0.006939,0.42764,0.0
109761,3,432,0.75,0.006939,0.36224,0.0
108742,3,432,0.75,0.006939,0.28864,0.0
108744,3,432,0.75,0.006939,0.34892,0.0
103630,3,432,0.75,0.006939,0.14736,0.0
101584,3,432,0.75,0.006939,0.17796,0.0
101593,3,432,0.75,0.006939,0.26668000000000003,0.0
108763,3,432,0.75,0.006939,0.38376000000000005,0.0
108764,3,432,0.75,0.006939,0.30791999999999997,0.0
108765,3,432,0.75,0.006939,0.30564,0.0
107741,3,432,0.75,0.006939,0.48156,0.0
100575,3,432,0.75,0.006939,0.13876,0.0
106726,3,432,0.75,0.006939,0.36132,0.0
108777,3,432,0.75,0.006939,0.34188,0.0
108783,3,432,0.75,0.006939,0.331,0.0
109816,3,432,0.75,0.006939,0.39464000000000005,0.0
107773,3,432,0.75,0.006939,0.51256,0.0
109822,3,432,0.75,0.006939,0.29688000000000003,0.0
105728,3,432,0.75,0.006939,0.48188000000000003,0.0
109825,3,432,0.75,0.006939,0.29368000000000005,0.0
109826,3,432,0.75,0.006939,0.245,0.0
108802,3,432,0.75,0.006939,0.23320000000000002,0.0
102663,3,432,0.75,0.006939,0.17416,0.0
106761,3,432,0.75,0.006939,0.42392,0.0
108809,3,432,0.75,0.006939,0.44728,0.0
104718,3,432,0.75,0.006939,0.15560000000000002,0.0
104720,3,432,0.75,0.006939,0.14184,0.0
105745,3,432,0.75,0.006939,0.29564,0.0
100625,3,432,0.75,0.006939,0.13392,0.0
108817,3,432,0.75,0.006939,0.33292,0.0
105746,3,432,0.75,0.006939,0.4524,0.0
101653,3,432,0.75,0.006939,0.12552,0.0
105748,3,432,0.75,0.006939,0.37360000000000004,0.0
104730,3,432,0.75,0.006939,0.13816,0.0
104735,3,432,0.75,0.006939,0.12952,0.0
105759,3,432,0.75,0.006939,0.29732000000000003,0.0
106785,3,432,0.75,0.006939,0.45168,0.0
105761,3,432,0.75,0.006939,0.44508000000000003,0.0
102689,3,432,0.75,0.006939,0.24788,0.0
108836,3,432,0.75,0.006939,0.27864,0.0
102694,3,432,0.75,0.006939,0.16172,0.0
105773,3,432,0.75,0.006939,0.43336,0.0
106798,3,432,0.75,0.006939,0.43744000000000005,0.0
101679,3,432,0.75,0.006939,0.12632,0.0
107824,3,432,0.75,0.006939,0.34696,0.0
104751,3,432,0.75,0.006939,0.1262,0.0
102706,3,432,0.75,0.006939,0.13456,0.0
108851,3,432,0.75,0.006939,0.48676,0.0
107828,3,432,0.75,0.006939,0.43092,0.0
100663,3,432,0.75,0.006939,0.13184,0.0
109881,3,432,0.75,0.006939,0.37372000000000005,0.0
109882,3,432,0.75,0.006939,0.31264000000000003,0.0
109883,3,432,0.75,0.006939,0.36532,0.0
105793,3,432,0.75,0.006939,0.35696,0.0
109894,3,432,0.75,0.006939,0.33348,0.0
106825,3,432,0.75,0.006939,0.43828,0.0
104777,3,432,0.75,0.006939,0.1352,0.0
108884,3,432,0.75,0.006939,0.29924,0.0
107862,3,432,0.75,0.006939,0.48876000000000003,0.0
107867,3,432,0.75,0.006939,0.44224,0.0
100704,3,432,0.75,0.006939,0.16244,0.0
105824,3,432,0.75,0.006939,0.40572,0.0
105826,3,432,0.75,0.006939,0.43852,0.0
103779,3,432,0.75,0.006939,0.19252000000000002,0.0
106853,3,432,0.75,0.006939,0.47696000000000005,0.0
108903,3,432,0.75,0.006939,0.29164,0.0
106856,3,432,0.75,0.006939,0.47716000000000003,0.0
106859,3,432,0.75,0.006939,0.38312,0.0
108907,3,432,0.75,0.006939,0.40324,0.0
102766,3,432,0.75,0.006939,0.13476,0.0
106866,3,432,0.75,0.006939,0.47828000000000004,0.0
101749,3,432,0.75,0.006939,0.14028,0.0
101750,3,432,0.75,0.006939,0.14376,0.0
107895,3,432,0.75,0.006939,0.32212,0.0
109944,3,432,0.75,0.006939,0.23032,0.0
106871,3,432,0.75,0.006939,0.43856000000000006,0.0
107898,3,432,0.75,0.006939,0.36484000000000005,0.0
101759,3,432,0.75,0.006939,0.13408,0.0
103809,3,432,0.75,0.006939,0.14832,0.0
107906,3,432,0.75,0.006939,0.32476000000000005,0.0
109959,3,432,0.75,0.006939,0.46176,0.0
109961,3,432,0.75,0.006939,0.42488000000000004,0.0
106889,3,432,0.75,0.006939,0.33408000000000004,0.0
106894,3,432,0.75,0.006939,0.35844,0.0
109968,3,432,0.75,0.006939,0.38272,0.0
103830,3,432,0.75,0.006939,0.16644,0.0
108951,3,432,0.75,0.006939,0.26012,0.0
100759,3,432,0.75,0.006939,0.12576,0.0
105883,3,432,0.75,0.006939,0.44116,0.0
100764,3,432,0.75,0.006939,0.12528,0.0
109982,3,432,0.75,0.006939,0.33724,0.0
106911,3,432,0.75,0.006939,0.3588,0.0
109987,3,432,0.75,0.006939,0.20992,0.0
102820,3,432,0.75,0.006939,0.1664,0.0
107947,3,432,0.75,0.006939,0.47792,0.0
107948,3,432,0.75,0.006939,0.46852000000000005,0.0
100781,3,432,0.75,0.006939,0.1388,0.0
108977,3,432,0.75,0.006939,0.33340000000000003,0.0
107955,3,432,0.75,0.006939,0.45208000000000004,0.0
105909,3,432,0.75,0.006939,0.37124,0.0
108981,3,432,0.75,0.006939,0.46880000000000005,0.0
106939,3,432,0.75,0.006939,0.47252000000000005,0.0
100795,3,432,0.75,0.006939,0.17664,0.0
105517,3,432,0.75,0.006939,0.28648,0.0
106952,3,432,0.75,0.006939,0.45312,0.0
105930,3,432,0.75,0.006939,0.28256000000000003,0.0
105932,3,432,0.75,0.006939,0.46708,0.0
105934,3,432,0.75,0.006939,0.47968000000000005,0.0
103892,3,432,0.75,0.006939,0.12728,0.0
109013,3,432,0.75,0.006939,0.35396000000000005,0.0
109015,3,432,0.75,0.006939,0.26572,0.0
109016,3,432,0.75,0.006939,0.41892,0.0
107996,3,432,0.75,0.006939,0.36976,0.0
105949,3,432,0.75,0.006939,0.41556000000000004,0.0
103903,3,432,0.75,0.006939,0.1366,0.0
108008,3,432,0.75,0.006939,0.47204,0.0
108011,3,432,0.75,0.006939,0.49136,0.0
105963,3,432,0.75,0.006939,0.36744,0.0
108013,3,432,0.75,0.006939,0.32584,0.0
109035,3,432,0.75,0.006939,0.28376,0.0
101871,3,432,0.75,0.006939,0.14307999999999998,0.0
102898,3,432,0.75,0.006939,0.13576,0.0
109043,3,432,0.75,0.006939,0.35616000000000003,0.0
105971,3,432,0.75,0.006939,0.44396,0.0
106999,3,432,0.75,0.006939,0.44980000000000003,0.0
108029,3,432,0.75,0.006939,0.49072000000000005,0.0
108030,3,432,0.75,0.006939,0.38036,0.0
108032,3,432,0.75,0.006939,0.41664,0.0
107011,3,432,0.75,0.006939,0.45880000000000004,0.0
109070,3,432,0.75,0.006939,0.21944000000000002,0.0
109071,3,432,0.75,0.006939,0.36728000000000005,0.0
105999,3,432,0.75,0.006939,0.36704000000000003,0.0
106001,3,432,0.75,0.006939,0.36292,0.0
107031,3,432,0.75,0.006939,0.34676,0.0
104986,3,432,0.75,0.006939,0.29456000000000004,0.0
108058,3,432,0.75,0.006939,0.42416000000000004,0.0
106012,3,432,0.75,0.006939,0.43336,0.0
107036,3,432,0.75,0.006939,0.51912,0.0
103964,3,432,0.75,0.006939,0.13424,0.0
108063,3,432,0.75,0.006939,0.5104,0.0
104989,3,432,0.75,0.006939,0.12792,0.0
108065,3,432,0.75,0.006939,0.41604,0.0
100898,3,432,0.75,0.006939,0.12828,0.0
106019,3,432,0.75,0.006939,0.43684,0.0
100902,3,432,0.75,0.006939,0.12608,0.0
105004,3,432,0.75,0.006939,0.40800000000000003,0.0
107055,3,432,0.75,0.006939,0.43244,0.0
107057,3,432,0.75,0.006939,0.47740000000000005,0.0
102963,3,432,0.75,0.006939,0.12912,0.0
100920,3,432,0.75,0.006939,0.1254,0.0
103994,3,432,0.75,0.006939,0.24428,0.0
106043,3,432,0.75,0.006939,0.38256,0.0
107069,3,432,0.75,0.006939,0.28959999999999997,0.0
107076,3,432,0.75,0.006939,0.41387999999999997,0.0
100933,3,432,0.75,0.006939,0.12608,0.0
106054,3,432,0.75,0.006939,0.40728000000000003,0.0
100937,3,432,0.75,0.006939,0.12612,0.0
100938,3,432,0.75,0.006939,0.12652,0.0
109129,3,432,0.75,0.006939,0.32336,0.0
107085,3,432,0.75,0.006939,0.3258,0.0
108110,3,432,0.75,0.006939,0.46692,0.0
106062,3,432,0.75,0.006939,0.45156,0.0
107094,3,432,0.75,0.006939,0.5012000000000001,0.0
108120,3,432,0.75,0.006939,0.503,0.0
109145,3,432,0.75,0.006939,0.35819999999999996,0.0
105053,3,432,0.75,0.006939,0.45772,0.0
108127,3,432,0.75,0.006939,0.48864,0.0
108132,3,432,0.75,0.006939,0.41092,0.0
106086,3,432,0.75,0.006939,0.4766,0.0
107112,3,432,0.75,0.006939,0.45932,0.0
106097,3,432,0.75,0.006939,0.44320000000000004,0.0
103025,3,432,0.75,0.006939,0.127,0.0
108145,3,432,0.75,0.006939,0.34916,0.0
105075,3,432,0.75,0.006939,0.39168,0.0
107124,3,432,0.75,0.006939,0.46608000000000005,0.0
108146,3,432,0.75,0.006939,0.45208000000000004,0.0
103031,3,432,0.75,0.006939,0.15448,0.0
109172,3,432,0.75,0.006939,0.45016,0.0
107126,3,432,0.75,0.006939,0.2932,0.0
106107,3,432,0.75,0.006939,0.44948000000000005,0.0
108161,3,432,0.75,0.006939,0.33656,0.0
109191,3,432,0.75,0.006939,0.42452,0.0
104072,3,432,0.75,0.006939,0.17508,0.0
106121,3,432,0.75,0.006939,0.37688000000000005,0.0
107147,3,432,0.75,0.006939,0.39084,0.0
102030,3,432,0.75,0.006939,0.1346,0.0
108175,3,432,0.75,0.006939,0.4182,0.0
105104,3,432,0.75,0.006939,0.37460000000000004,0.0
107153,3,432,0.75,0.006939,0.48592,0.0
109202,3,432,0.75,0.006939,0.36812,0.0
108180,3,432,0.75,0.006939,0.47888000000000003,0.0
103061,3,432,0.75,0.006939,0.2482,0.0
105109,3,432,0.75,0.006939,0.51336,0.0
108182,3,432,0.75,0.006939,0.48176,0.0
105112,3,432,0.75,0.006939,0.43220000000000003,0.0
107156,3,432,0.75,0.006939,0.43072,0.0
106138,3,432,0.75,0.006939,0.46396000000000004,0.0
106141,3,432,0.75,0.006939,0.34588,0.0
108189,3,432,0.75,0.006939,0.5105200000000001,0.0
109217,3,432,0.75,0.006939,0.32484,0.0
100002,3,432,0.75,0.006939,0.18316,0.0
106148,3,432,0.75,0.006939,0.44644,0.0
105125,3,432,0.75,0.006939,0.42808,0.0
108196,3,432,0.75,0.006939,0.45156,0.0
109227,3,432,0.75,0.006939,0.27480000000000004,0.0
105138,3,432,0.75,0.006939,0.44556,0.0
101043,3,432,0.75,0.006939,0.16052,0.0
109250,3,432,0.75,0.006939,0.32908000000000004,0.0
105155,3,432,0.75,0.006939,0.27980000000000005,0.0
107204,3,432,0.75,0.006939,0.33408000000000004,0.0
102082,3,432,0.75,0.006939,0.248,0.0
102086,3,432,0.75,0.006939,0.13604,0.0
104137,3,432,0.75,0.006939,0.16884,0.0
101066,3,432,0.75,0.006939,0.18431999999999998,0.0
109259,3,432,0.75,0.006939,0.33540000000000003,0.0
100041,3,432,0.75,0.006939,0.14224,0.0
102097,3,432,0.75,0.006939,0.12840000000000001,0.0
107219,3,432,0.75,0.006939,0.45312,0.0
105172,3,432,0.75,0.006939,0.43916,0.0
102102,3,432,0.75,0.006939,0.13556,0.0
109272,3,432,0.75,0.006939,0.35452,0.0
105178,3,432,0.75,0.006939,0.346,0.0
100064,3,432,0.75,0.006939,0.16748000000000002,0.0
100065,3,432,0.75,0.006939,0.23336,0.0
105188,3,432,0.75,0.006939,0.50224,0.0
107237,3,432,0.75,0.006939,0.39348,0.0
108262,3,432,0.75,0.006939,0.46984000000000004,0.0
107240,3,432,0.75,0.006939,0.5065200000000001,0.0
109292,3,432,0.75,0.006939,0.42048,0.0
106224,3,432,0.75,0.006939,0.46292,0.0
107254,3,432,0.75,0.006939,0.45188000000000006,0.0
106231,3,432,0.75,0.006939,0.51612,0.0
109306,3,432,0.75,0.006939,0.36996000000000007,0.0
106237,3,432,0.75,0.006939,0.36044,0.0
104190,3,432,0.75,0.006939,0.14816000000000001,0.0
105216,3,432,0.75,0.006939,0.4658,0.0
102145,3,432,0.75,0.006939,0.12612,0.0
105217,3,432,0.75,0.006939,0.40736,0.0
105222,3,432,0.75,0.006939,0.51836,0.0
105225,3,432,0.75,0.006939,0.45704,0.0
105229,3,432,0.75,0.006939,0.31104,0.0
108305,3,432,0.75,0.006939,0.3244,0.0
103190,3,432,0.75,0.006939,0.1352,0.0
108311,3,432,0.75,0.006939,0.44768,0.0
102166,3,432,0.75,0.006939,0.13044,0.0
108314,3,432,0.75,0.006939,0.35856,0.0
102170,3,432,0.75,0.006939,0.14756,0.0
105245,3,432,0.75,0.006939,0.41468,0.0
103203,3,432,0.75,0.006939,0.20156000000000002,0.0
108323,3,432,0.75,0.006939,0.36392,0.0
109352,3,432,0.75,0.006939,0.42872,0.0
107306,3,432,0.75,0.006939,0.41992,0.0
103213,3,432,0.75,0.006939,0.23224,0.0
102189,3,432,0.75,0.006939,0.125,0.0
109359,3,432,0.75,0.006939,0.42772000000000004,0.0
108334,3,432,0.75,0.006939,0.43288000000000004,0.0
106290,3,432,0.75,0.006939,0.42060000000000003,0.0
108343,3,432,0.75,0.006939,0.50596,0.0
105272,3,432,0.75,0.006939,0.24184,0.0
109370,3,432,0.75,0.006939,0.39688,0.0
109371,3,432,0.75,0.006939,0.36636,0.0
106301,3,432,0.75,0.006939,0.40608,0.0
106307,3,432,0.75,0.006939,0.42692,0.0
106309,3,432,0.75,0.006939,0.42536,0.0
107334,3,432,0.75,0.006939,0.43536,0.0
107335,3,432,0.75,0.006939,0.4398,0.0
109383,3,432,0.75,0.006939,0.31792,0.0
106313,3,432,0.75,0.006939,0.5021599999999999,0.0
102217,3,432,0.75,0.006939,0.28088,0.0
109387,3,432,0.75,0.006939,0.28580000000000005,0.0
103239,3,432,0.75,0.006939,0.18684,0.0
101197,3,432,0.75,0.006939,0.12504,0.0
105292,3,432,0.75,0.006939,0.33532000000000006,0.0
102223,3,432,0.75,0.006939,0.13816,0.0
107352,3,432,0.75,0.006939,0.39176000000000005,0.0
103260,3,432,0.75,0.006939,0.13544,0.0
109406,3,432,0.75,0.006939,0.368,0.0
107358,3,432,0.75,0.006939,0.48412000000000005,0.0
106338,3,432,0.75,0.006939,0.43744000000000005,0.0
101224,3,432,0.75,0.006939,0.15356,0.0
106346,3,432,0.75,0.006939,0.37156,0.0
101226,3,432,0.75,0.006939,0.12812,0.0
105325,3,432,0.75,0.006939,0.49372,0.0
105333,3,432,0.75,0.006939,0.35804,0.0
106360,3,432,0.75,0.006939,0.32667999999999997,0.0
107388,3,432,0.75,0.006939,0.39380000000000004,0.0
109440,3,432,0.75,0.006939,0.27280000000000004,0.0
109441,3,432,0.75,0.006939,0.43032000000000004,0.0
106368,3,432,0.75,0.006939,0.45936,0.0
108420,3,432,0.75,0.006939,0.43028,0.0
109449,3,432,0.75,0.006939,0.39336000000000004,0.0
107402,3,432,0.75,0.006939,0.47428000000000003,0.0
108429,3,432,0.75,0.006939,0.46368000000000004,0.0
105361,3,432,0.75,0.006939,0.42404000000000003,0.0
108435,3,432,0.75,0.006939,0.5036400000000001,0.0
102293,3,432,0.75,0.006939,0.14712,0.0
108439,3,432,0.75,0.006939,0.49760000000000004,0.0
106396,3,432,0.75,0.006939,0.32188000000000005,0.0
106397,3,432,0.75,0.006939,0.46280000000000004,0.0
109472,3,432,0.75,0.006939,0.28364,0.0
107433,3,432,0.75,0.006939,0.42604000000000003,0.0
109488,3,432,0.75,0.006939,0.31000000000000005,0.0
107443,3,432,0.75,0.006939,0.38304,0.0
108468,3,432,0.75,0.006939,0.43112,0.0
107445,3,432,0.75,0.006939,0.47764000000000006,0.0
107446,3,432,0.75,0.006939,0.35108000000000006,0.0
108471,3,432,0.75,0.006939,0.40032,0.0
108472,3,432,0.75,0.006939,0.45548000000000005,0.0
106424,3,432,0.75,0.006939,0.44848,0.0
101306,3,432,0.75,0.006939,0.18016,0.0
109492,3,432,0.75,0.006939,0.39752000000000004,0.0
108474,3,432,0.75,0.006939,0.33224,0.0
109503,3,432,0.75,0.006939,0.39952000000000004,0.0
102342,3,432,0.75,0.006939,0.1642,0.0
108489,3,432,0.75,0.006939,0.45888,0.0
104393,3,432,0.75,0.006939,0.14035999999999998,0.0
109514,3,432,0.75,0.006939,0.33852000000000004,0.0
108496,3,432,0.75,0.006939,0.47408000000000006,0.0
107472,3,432,0.75,0.006939,0.49696,0.0
106450,3,432,0.75,0.006939,0.42964,0.0
104402,3,432,0.75,0.006939,0.16448000000000002,0.0
107476,3,432,0.75,0.006939,0.44548000000000004,0.0
105429,3,432,0.75,0.006939,0.44372,0.0
106455,3,432,0.75,0.006939,0.46052000000000004,0.0
105434,3,432,0.75,0.006939,0.46296000000000004,0.0
107482,3,432,0.75,0.006939,0.44084,0.0
109532,3,432,0.75,0.006939,0.36012,0.0
106474,3,432,0.75,0.006939,0.35056,0.0
105452,3,432,0.75,0.006939,0.44936,0.0
105454,3,432,0.75,0.006939,0.43824,0.0
101362,3,432,0.75,0.006939,0.12872,0.0
100341,3,432,0.75,0.006939,0.12524,0.0
108537,3,432,0.75,0.006939,0.33996000000000004,0.0
109563,3,432,0.75,0.006939,0.31312,0.0
100348,3,432,0.75,0.006939,0.14448,0.0
102916,4,213,0.3146,0.012844,0.21884,0.0
108037,4,213,0.3146,0.012844,0.47548,0.0
101384,4,213,0.3146,0.012844,0.12552,0.0
103948,4,213,0.3146,0.012844,0.1936,0.0
101393,4,213,0.3146,0.012844,0.13676,0.0
103442,4,213,0.3146,0.012844,0.1274,0.0
102933,4,213,0.3146,0.012844,0.12684,0.0
100885,4,213,0.3146,0.012844,0.15592,0.0
103448,4,213,0.3146,0.012844,0.1558,0.0
105500,4,213,0.3146,0.012844,0.4116,0.0
100892,4,213,0.3146,0.012844,0.12524,0.0
104990,4,213,0.3146,0.012844,0.12604,0.0
107039,4,213,0.3146,0.012844,0.48528,0.0
103966,4,213,0.3146,0.012844,0.13004,0.0
109602,4,213,0.3146,0.012844,0.25632,0.0
107044,4,213,0.3146,0.012844,0.43588000000000005,0.0
106533,4,213,0.3146,0.012844,0.4824,0.0
100903,4,213,0.3146,0.012844,0.12692,0.0
103978,4,213,0.3146,0.012844,0.1394,0.0
105005,4,213,0.3146,0.012844,0.42516,0.0
101422,4,213,0.3146,0.012844,0.12624,0.0
100401,4,213,0.3146,0.012844,0.12588,0.0
108082,4,213,0.3146,0.012844,0.4582,0.0
101939,4,213,0.3146,0.012844,0.14624,0.0
103990,4,213,0.3146,0.012844,0.14788,0.0
100918,4,213,0.3146,0.012844,0.1272,0.0
103482,4,213,0.3146,0.012844,0.12556,0.0
100416,4,213,0.3146,0.012844,0.146,0.0
105539,4,213,0.3146,0.012844,0.47792,0.0
100420,4,213,0.3146,0.012844,0.25684,0.0
104518,4,213,0.3146,0.012844,0.13512,0.0
105035,4,213,0.3146,0.012844,0.4002,0.0
100940,4,213,0.3146,0.012844,0.17396,0.0
108622,4,213,0.3146,0.012844,0.31788000000000005,0.0
101967,4,213,0.3146,0.012844,0.17044,0.0
101456,4,213,0.3146,0.012844,0.1316,0.0
109646,4,213,0.3146,0.012844,0.4026,0.0
109652,4,213,0.3146,0.012844,0.29532,0.0
101974,4,213,0.3146,0.012844,0.19936,0.0
104534,4,213,0.3146,0.012844,0.20256000000000002,0.0
109149,4,213,0.3146,0.012844,0.33348,0.0
103008,4,213,0.3146,0.012844,0.12516,0.0
101984,4,213,0.3146,0.012844,0.16056,0.0
108641,4,213,0.3146,0.012844,0.40440000000000004,0.0
103014,4,213,0.3146,0.012844,0.14104,0.0
100455,4,213,0.3146,0.012844,0.13404,0.0
107113,4,213,0.3146,0.012844,0.462,0.0
103529,4,213,0.3146,0.012844,0.14296,0.0
107629,4,213,0.3146,0.012844,0.48564,0.0
100465,4,213,0.3146,0.012844,0.12632,0.0
103538,4,213,0.3146,0.012844,0.1494,0.0
100980,4,213,0.3146,0.012844,0.14436,0.0
102517,4,213,0.3146,0.012844,0.12704,0.0
101495,4,213,0.3146,0.012844,0.17168,0.0
103032,4,213,0.3146,0.012844,0.126,0.0
101502,4,213,0.3146,0.012844,0.12804,0.0
104063,4,213,0.3146,0.012844,0.12704,0.0
100991,4,213,0.3146,0.012844,0.12904,0.0
101511,4,213,0.3146,0.012844,0.14836,0.0
102025,4,213,0.3146,0.012844,0.12644,0.0
104074,4,213,0.3146,0.012844,0.15444,0.0
101513,4,213,0.3146,0.012844,0.13496,0.0
103563,4,213,0.3146,0.012844,0.13824,0.0
101005,4,213,0.3146,0.012844,0.24088,0.0
101009,4,213,0.3146,0.012844,0.16512,0.0
102033,4,213,0.3146,0.012844,0.13152,0.0
105620,4,213,0.3146,0.012844,0.42508,0.0
101527,4,213,0.3146,0.012844,0.1708,0.0
102552,4,213,0.3146,0.012844,0.21988000000000002,0.0
103071,4,213,0.3146,0.012844,0.28528,0.0
101033,4,213,0.3146,0.012844,0.13684,0.0
105641,4,213,0.3146,0.012844,0.41948,0.0
107183,4,213,0.3146,0.012844,0.28736,0.0
102066,4,213,0.3146,0.012844,0.12804,0.0
100531,4,213,0.3146,0.012844,0.16564,0.0
109754,4,213,0.3146,0.012844,0.39476,0.0
101052,4,213,0.3146,0.012844,0.1274,0.0
105148,4,213,0.3146,0.012844,0.49664,0.0
101054,4,213,0.3146,0.012844,0.16852,0.0
105661,4,213,0.3146,0.012844,0.4034,0.0
103105,4,213,0.3146,0.012844,0.12584,0.0
109251,4,213,0.3146,0.012844,0.27696,0.0
104644,4,213,0.3146,0.012844,0.13008,0.0
106182,4,213,0.3146,0.012844,0.49104000000000003,0.0
106186,4,213,0.3146,0.012844,0.4534,0.0
102603,4,213,0.3146,0.012844,0.138,0.0
104141,4,213,0.3146,0.012844,0.16084,0.0
100045,4,213,0.3146,0.012844,0.18668,0.0
100048,4,213,0.3146,0.012844,0.17924,0.0
104663,4,213,0.3146,0.012844,0.12948,0.0
103640,4,213,0.3146,0.012844,0.12928,0.0
101595,4,213,0.3146,0.012844,0.1372,0.0
100060,4,213,0.3146,0.012844,0.13392,0.0
100576,4,213,0.3146,0.012844,0.22372,0.0
104162,4,213,0.3146,0.012844,0.12508,0.0
103660,4,213,0.3146,0.012844,0.12588,0.0
103148,4,213,0.3146,0.012844,0.16168,0.0
109299,4,213,0.3146,0.012844,0.25832,0.0
104692,4,213,0.3146,0.012844,0.13528,0.0
104184,4,213,0.3146,0.012844,0.13628,0.0
107258,4,213,0.3146,0.012844,0.44112,0.0
103675,4,213,0.3146,0.012844,0.12608,0.0
101115,4,213,0.3146,0.012844,0.12544,0.0
105214,4,213,0.3146,0.012844,0.34104,0.0
102143,4,213,0.3146,0.012844,0.12756,0.0
108800,4,213,0.3146,0.012844,0.29984,0.0
109313,4,213,0.3146,0.012844,0.38432,0.0
103679,4,213,0.3146,0.012844,0.28348,0.0
104708,4,213,0.3146,0.012844,0.12564,0.0
107784,4,213,0.3146,0.012844,0.4334,0.0
102667,4,213,0.3146,0.012844,0.13956,0.0
104717,4,213,0.3146,0.012844,0.13524,0.0
105741,4,213,0.3146,0.012844,0.37332,0.0
102162,4,213,0.3146,0.012844,0.15072,0.0
100627,4,213,0.3146,0.012844,0.1378,0.0
100628,4,213,0.3146,0.012844,0.12584,0.0
102678,4,213,0.3146,0.012844,0.20424,0.0
106777,4,213,0.3146,0.012844,0.33468,0.0
103707,4,213,0.3146,0.012844,0.14936,0.0
103198,4,213,0.3146,0.012844,0.13656000000000001,0.0
105246,4,213,0.3146,0.012844,0.34744,0.0
100126,4,213,0.3146,0.012844,0.12848,0.0
104740,4,213,0.3146,0.012844,0.12808,0.0
101159,4,213,0.3146,0.012844,0.13468,0.0
101162,4,213,0.3146,0.012844,0.129,0.0
100140,4,213,0.3146,0.012844,0.12668,0.0
101165,4,213,0.3146,0.012844,0.14828,0.0
102702,4,213,0.3146,0.012844,0.20052,0.0
105261,4,213,0.3146,0.012844,0.41200000000000003,0.0
101681,4,213,0.3146,0.012844,0.125,0.0
109873,4,213,0.3146,0.012844,0.16796,0.0
101172,4,213,0.3146,0.012844,0.13096,0.0
107831,4,213,0.3146,0.012844,0.36296,0.0
102712,4,213,0.3146,0.012844,0.14176,0.0
104761,4,213,0.3146,0.012844,0.23648000000000002,0.0
104763,4,213,0.3146,0.012844,0.12504,0.0
109884,4,213,0.3146,0.012844,0.34128000000000003,0.0
106814,4,213,0.3146,0.012844,0.4998,0.0
102719,4,213,0.3146,0.012844,0.13568,0.0
105285,4,213,0.3146,0.012844,0.47732,0.0
103752,4,213,0.3146,0.012844,0.22672000000000003,0.0
108874,4,213,0.3146,0.012844,0.3492,0.0
108875,4,213,0.3146,0.012844,0.37708,0.0
108365,4,213,0.3146,0.012844,0.43804,0.0
107348,4,213,0.3146,0.012844,0.45148000000000005,0.0
103253,4,213,0.3146,0.012844,0.135,0.0
105812,4,213,0.3146,0.012844,0.49520000000000003,0.0
104789,4,213,0.3146,0.012844,0.13696,0.0
102238,4,213,0.3146,0.012844,0.12552,0.0
106336,4,213,0.3146,0.012844,0.42808,0.0
100199,4,213,0.3146,0.012844,0.15532,0.0
103783,4,213,0.3146,0.012844,0.1484,0.0
109417,4,213,0.3146,0.012844,0.39408,0.0
101737,4,213,0.3146,0.012844,0.13592,0.0
101736,4,213,0.3146,0.012844,0.28400000000000003,0.0
105324,4,213,0.3146,0.012844,0.41668,0.0
106349,4,213,0.3146,0.012844,0.48104,0.0
105328,4,213,0.3146,0.012844,0.32292,0.0
100218,4,213,0.3146,0.012844,0.2508,0.0
101756,4,213,0.3146,0.012844,0.13116,0.0
103804,4,213,0.3146,0.012844,0.12784,0.0
101247,4,213,0.3146,0.012844,0.15868,0.0
102784,4,213,0.3146,0.012844,0.125,0.0
101761,4,213,0.3146,0.012844,0.14812,0.0
102787,4,213,0.3146,0.012844,0.1654,0.0
104324,4,213,0.3146,0.012844,0.1418,0.0
109956,4,213,0.3146,0.012844,0.34592,0.0
103306,4,213,0.3146,0.012844,0.12784,0.0
108938,4,213,0.3146,0.012844,0.34652,0.0
102285,4,213,0.3146,0.012844,0.1348,0.0
102286,4,213,0.3146,0.012844,0.16896,0.0
103314,4,213,0.3146,0.012844,0.13072,0.0
109971,4,213,0.3146,0.012844,0.40516,0.0
104341,4,213,0.3146,0.012844,0.1484,0.0
107935,4,213,0.3146,0.012844,0.47976,0.0
103840,4,213,0.3146,0.012844,0.12812,0.0
104352,4,213,0.3146,0.012844,0.25451999999999997,0.0
105377,4,213,0.3146,0.012844,0.4178,0.0
105385,4,213,0.3146,0.012844,0.38984,0.0
106922,4,213,0.3146,0.012844,0.47376,0.0
102316,4,213,0.3146,0.012844,0.1332,0.0
104367,4,213,0.3146,0.012844,0.17908,0.0
103860,4,213,0.3146,0.012844,0.12568000000000001,0.0
104374,4,213,0.3146,0.012844,0.1262,0.0
108986,4,213,0.3146,0.012844,0.28912000000000004,0.0
104891,4,213,0.3146,0.012844,0.12812,0.0
102333,4,213,0.3146,0.012844,0.12896,0.0
103358,4,213,0.3146,0.012844,0.16436,0.0
100799,4,213,0.3146,0.012844,0.19112,0.0
104896,4,213,0.3146,0.012844,0.13332,0.0
100801,4,213,0.3146,0.012844,0.16308,0.0
104894,4,213,0.3146,0.012844,0.1344,0.0
101830,4,213,0.3146,0.012844,0.14212,0.0
100809,4,213,0.3146,0.012844,0.12588,0.0
106954,4,213,0.3146,0.012844,0.47964000000000007,0.0
109515,4,213,0.3146,0.012844,0.31748,0.0
105420,4,213,0.3146,0.012844,0.47456000000000004,0.0
102355,4,213,0.3146,0.012844,0.12664,0.0
102871,4,213,0.3146,0.012844,0.15796,0.0
105946,4,213,0.3146,0.012844,0.48224,0.0
102365,4,213,0.3146,0.012844,0.18264,0.0
100322,4,213,0.3146,0.012844,0.12548,0.0
108517,4,213,0.3146,0.012844,0.355,0.0
100327,4,213,0.3146,0.012844,0.16168,0.0
102889,4,213,0.3146,0.012844,0.13884,0.0
100844,4,213,0.3146,0.012844,0.125,0.0
100846,4,213,0.3146,0.012844,0.125,0.0
100336,4,213,0.3146,0.012844,0.12532,0.0
104435,4,213,0.3146,0.012844,0.13044,0.0
109046,4,213,0.3146,0.012844,0.38068,0.0
108536,4,213,0.3146,0.012844,0.38836,0.0
104441,4,213,0.3146,0.012844,0.15316000000000002,0.0
108028,4,213,0.3146,0.012844,0.41244000000000003,0.0
104450,5,590,0.6797,0.005508,0.12828,0.0
106518,5,590,0.6797,0.005508,0.4258,0.0
108570,5,590,0.6797,0.005508,0.37684,0.0
106527,5,590,0.6797,0.005508,0.47308,0.0
106535,5,590,0.6797,0.005508,0.35572000000000004,0.0
100393,5,590,0.6797,0.005508,0.17548,0.0
106551,5,590,0.6797,0.005508,0.30372,0.0
108601,5,590,0.6797,0.005508,0.40988,0.0
106553,5,590,0.6797,0.005508,0.4108,0.0
106561,5,590,0.6797,0.005508,0.454,0.0
108618,5,590,0.6797,0.005508,0.38656,0.0
106574,5,590,0.6797,0.005508,0.45512,0.0
100439,5,590,0.6797,0.005508,0.12588,0.0
106588,5,590,0.6797,0.005508,0.38628,0.0
106589,5,590,0.6797,0.005508,0.39808,0.0
102495,5,590,0.6797,0.005508,0.12896,0.0
104556,5,590,0.6797,0.005508,0.12528,0.0
108654,5,590,0.6797,0.005508,0.36376,0.0
104558,5,590,0.6797,0.005508,0.137,0.0
100462,5,590,0.6797,0.005508,0.13488,0.0
106609,5,590,0.6797,0.005508,0.46056,0.0
102515,5,590,0.6797,0.005508,0.12596,0.0
106612,5,590,0.6797,0.005508,0.48272000000000004,0.0
106616,5,590,0.6797,0.005508,0.41592,0.0
104576,5,590,0.6797,0.005508,0.13592,0.0
106626,5,590,0.6797,0.005508,0.42268,0.0
100494,5,590,0.6797,0.005508,0.13328,0.0
106639,5,590,0.6797,0.005508,0.37628,0.0
108691,5,590,0.6797,0.005508,0.22536,0.0
106649,5,590,0.6797,0.005508,0.44312,0.0
108700,5,590,0.6797,0.005508,0.42104,0.0
102557,5,590,0.6797,0.005508,0.129,0.0
102560,5,590,0.6797,0.005508,0.14668,0.0
104612,5,590,0.6797,0.005508,0.12652,0.0
108714,5,590,0.6797,0.005508,0.29616,0.0
108715,5,590,0.6797,0.005508,0.37879999999999997,0.0
100525,5,590,0.6797,0.005508,0.14476,0.0
104622,5,590,0.6797,0.005508,0.14135999999999999,0.0
108718,5,590,0.6797,0.005508,0.25444,0.0
100528,5,590,0.6797,0.005508,0.23848000000000003,0.0
106680,5,590,0.6797,0.005508,0.41387999999999997,0.0
108739,5,590,0.6797,0.005508,0.31996,0.0
104654,5,590,0.6797,0.005508,0.13008,0.0
104655,5,590,0.6797,0.005508,0.13832,0.0
106712,5,590,0.6797,0.005508,0.4978,0.0
108761,5,590,0.6797,0.005508,0.25148000000000004,0.0
108769,5,590,0.6797,0.005508,0.39855999999999997,0.0
106724,5,590,0.6797,0.005508,0.44516,0.0
106725,5,590,0.6797,0.005508,0.38464000000000004,0.0
106734,5,590,0.6797,0.005508,0.44804,0.0
104686,5,590,0.6797,0.005508,0.12528,0.0
100597,5,590,0.6797,0.005508,0.14448,0.0
106742,5,590,0.6797,0.005508,0.29376,0.0
100602,5,590,0.6797,0.005508,0.15304,0.0
106754,5,590,0.6797,0.005508,0.40536,0.0
106755,5,590,0.6797,0.005508,0.34608,0.0
108807,5,590,0.6797,0.005508,0.21128000000000002,0.0
104725,5,590,0.6797,0.005508,0.12572,0.0
108830,5,590,0.6797,0.005508,0.32768,0.0
106788,5,590,0.6797,0.005508,0.45768000000000003,0.0
102692,5,590,0.6797,0.005508,0.12764,0.0
106792,5,590,0.6797,0.005508,0.45316,0.0
106794,5,590,0.6797,0.005508,0.48108,0.0
106803,5,590,0.6797,0.005508,0.47896000000000005,0.0
106807,5,590,0.6797,0.005508,0.37388,0.0
106810,5,590,0.6797,0.005508,0.47400000000000003,0.0
100667,5,590,0.6797,0.005508,0.1252,0.0
100671,5,590,0.6797,0.005508,0.12568000000000001,0.0
100673,5,590,0.6797,0.005508,0.125,0.0
106821,5,590,0.6797,0.005508,0.31856,0.0
100679,5,590,0.6797,0.005508,0.1916,0.0
102737,5,590,0.6797,0.005508,0.23664000000000002,0.0
100691,5,590,0.6797,0.005508,0.15888,0.0
104799,5,590,0.6797,0.005508,0.15476,0.0
106848,5,590,0.6797,0.005508,0.50464,0.0
108898,5,590,0.6797,0.005508,0.35324,0.0
100708,5,590,0.6797,0.005508,0.17020000000000002,0.0
106857,5,590,0.6797,0.005508,0.28396,0.0
108911,5,590,0.6797,0.005508,0.41524,0.0
108913,5,590,0.6797,0.005508,0.34843999999999997,0.0
106865,5,590,0.6797,0.005508,0.5018800000000001,0.0
108916,5,590,0.6797,0.005508,0.39456,0.0
106870,5,590,0.6797,0.005508,0.45388000000000006,0.0
106879,5,590,0.6797,0.005508,0.37184,0.0
102786,5,590,0.6797,0.005508,0.12564,0.0
108934,5,590,0.6797,0.005508,0.27928,0.0
108937,5,590,0.6797,0.005508,0.3046,0.0
100747,5,590,0.6797,0.005508,0.1292,0.0
104848,5,590,0.6797,0.005508,0.12512,0.0
100754,5,590,0.6797,0.005508,0.12952,0.0
106900,5,590,0.6797,0.005508,0.39192,0.0
106907,5,590,0.6797,0.005508,0.47132,0.0
108960,5,590,0.6797,0.005508,0.48148,0.0
100771,5,590,0.6797,0.005508,0.14804,0.0
106920,5,590,0.6797,0.005508,0.5098,0.0
104877,5,590,0.6797,0.005508,0.154,0.0
106930,5,590,0.6797,0.005508,0.39144,0.0
102835,5,590,0.6797,0.005508,0.12504,0.0
108983,5,590,0.6797,0.005508,0.46844,0.0
106936,5,590,0.6797,0.005508,0.46204,0.0
108987,5,590,0.6797,0.005508,0.44356,0.0
102844,5,590,0.6797,0.005508,0.13176,0.0
100798,5,590,0.6797,0.005508,0.13736,0.0
100804,5,590,0.6797,0.005508,0.14272,0.0
104901,5,590,0.6797,0.005508,0.16124,0.0
104902,5,590,0.6797,0.005508,0.14832,0.0
102853,5,590,0.6797,0.005508,0.15332,0.0
109000,5,590,0.6797,0.005508,0.47908,0.0
106949,5,590,0.6797,0.005508,0.39256,0.0
100820,5,590,0.6797,0.005508,0.1636,0.0
106971,5,590,0.6797,0.005508,0.41676,0.0
104924,5,590,0.6797,0.005508,0.13904,0.0
109024,5,590,0.6797,0.005508,0.31312,0.0
106982,5,590,0.6797,0.005508,0.30008,0.0
106984,5,590,0.6797,0.005508,0.32768,0.0
100841,5,590,0.6797,0.005508,0.13048,0.0
106986,5,590,0.6797,0.005508,0.45736,0.0
109034,5,590,0.6797,0.005508,0.45436000000000004,0.0
104948,5,590,0.6797,0.005508,0.12648,0.0
104951,5,590,0.6797,0.005508,0.15272,0.0
107002,5,590,0.6797,0.005508,0.49576,0.0
100860,5,590,0.6797,0.005508,0.1522,0.0
102911,5,590,0.6797,0.005508,0.16576000000000002,0.0
109058,5,590,0.6797,0.005508,0.43424,0.0
107014,5,590,0.6797,0.005508,0.46476000000000006,0.0
104967,5,590,0.6797,0.005508,0.14824,0.0
104966,5,590,0.6797,0.005508,0.1632,0.0
104973,5,590,0.6797,0.005508,0.16652,0.0
104983,5,590,0.6797,0.005508,0.13468,0.0
107033,5,590,0.6797,0.005508,0.41831999999999997,0.0
102939,5,590,0.6797,0.005508,0.126,0.0
109085,5,590,0.6797,0.005508,0.25272,0.0
109092,5,590,0.6797,0.005508,0.30932000000000004,0.0
109095,5,590,0.6797,0.005508,0.26248000000000005,0.0
105001,5,590,0.6797,0.005508,0.3932,0.0
109097,5,590,0.6797,0.005508,0.41684000000000004,0.0
109099,5,590,0.6797,0.005508,0.24756,0.0
102961,5,590,0.6797,0.005508,0.165,0.0
100914,5,590,0.6797,0.005508,0.16772,0.0
105013,5,590,0.6797,0.005508,0.38396,0.0
107062,5,590,0.6797,0.005508,0.452,0.0
109114,5,590,0.6797,0.005508,0.36751999999999996,0.0
109118,5,590,0.6797,0.005508,0.22156,0.0
109119,5,590,0.6797,0.005508,0.22004,0.0
107072,5,590,0.6797,0.005508,0.5182800000000001,0.0
107077,5,590,0.6797,0.005508,0.42216000000000004,0.0
107082,5,590,0.6797,0.005508,0.50084,0.0
109130,5,590,0.6797,0.005508,0.27764,0.0
100944,5,590,0.6797,0.005508,0.17048,0.0
107090,5,590,0.6797,0.005508,0.47288,0.0
107092,5,590,0.6797,0.005508,0.36656,0.0
105045,5,590,0.6797,0.005508,0.49668,0.0
109143,5,590,0.6797,0.005508,0.32316,0.0
109144,5,590,0.6797,0.005508,0.36268,0.0
107100,5,590,0.6797,0.005508,0.4758,0.0
107102,5,590,0.6797,0.005508,0.47092,0.0
105055,5,590,0.6797,0.005508,0.46748,0.0
105061,5,590,0.6797,0.005508,0.5110399999999999,0.0
103013,5,590,0.6797,0.005508,0.15476,0.0
109163,5,590,0.6797,0.005508,0.36588,0.0
107120,5,590,0.6797,0.005508,0.47528000000000004,0.0
103024,5,590,0.6797,0.005508,0.12524,0.0
109183,5,590,0.6797,0.005508,0.24492000000000003,0.0
100995,5,590,0.6797,0.005508,0.16584,0.0
105092,5,590,0.6797,0.005508,0.45732,0.0
100997,5,590,0.6797,0.005508,0.17876,0.0
103048,5,590,0.6797,0.005508,0.12852,0.0
107150,5,590,0.6797,0.005508,0.49804000000000004,0.0
105106,5,590,0.6797,0.005508,0.49916000000000005,0.0
109212,5,590,0.6797,0.005508,0.42144,0.0
103069,5,590,0.6797,0.005508,0.13788,0.0
105118,5,590,0.6797,0.005508,0.39788,0.0
109216,5,590,0.6797,0.005508,0.20140000000000002,0.0
109218,5,590,0.6797,0.005508,0.365,0.0
105124,5,590,0.6797,0.005508,0.51936,0.0
109220,5,590,0.6797,0.005508,0.35292,0.0
101041,5,590,0.6797,0.005508,0.18980000000000002,0.0
105142,5,590,0.6797,0.005508,0.47512,0.0
101047,5,590,0.6797,0.005508,0.1762,0.0
107192,5,590,0.6797,0.005508,0.40092,0.0
107198,5,590,0.6797,0.005508,0.37668,0.0
107199,5,590,0.6797,0.005508,0.44192000000000004,0.0
107202,5,590,0.6797,0.005508,0.46844,0.0
105159,5,590,0.6797,0.005508,0.46376,0.0
107208,5,590,0.6797,0.005508,0.41631999999999997,0.0
103111,5,590,0.6797,0.005508,0.13708,0.0
109258,5,590,0.6797,0.005508,0.32572,0.0
105168,5,590,0.6797,0.005508,0.46764000000000006,0.0
103121,5,590,0.6797,0.005508,0.125,0.0
105171,5,590,0.6797,0.005508,0.47168000000000004,0.0
101080,5,590,0.6797,0.005508,0.12524,0.0
107227,5,590,0.6797,0.005508,0.47608000000000006,0.0
105179,5,590,0.6797,0.005508,0.44460000000000005,0.0
107228,5,590,0.6797,0.005508,0.45524000000000003,0.0
109279,5,590,0.6797,0.005508,0.30576000000000003,0.0
109281,5,590,0.6797,0.005508,0.36396000000000006,0.0
109285,5,590,0.6797,0.005508,0.42148,0.0
107241,5,590,0.6797,0.005508,0.51412,0.0
103160,5,590,0.6797,0.005508,0.125,0.0
105211,5,590,0.6797,0.005508,0.4288,0.0
109307,5,590,0.6797,0.005508,0.29388000000000003,0.0
109311,5,590,0.6797,0.005508,0.30796,0.0
103168,5,590,0.6797,0.005508,0.12728,0.0
101126,5,590,0.6797,0.005508,0.1388,0.0
101131,5,590,0.6797,0.005508,0.15708,0.0
103183,5,590,0.6797,0.005508,0.125,0.0
107280,5,590,0.6797,0.005508,0.46924000000000005,0.0
107282,5,590,0.6797,0.005508,0.35752000000000006,0.0
105243,5,590,0.6797,0.005508,0.36984,0.0
103196,5,590,0.6797,0.005508,0.19908,0.0
107293,5,590,0.6797,0.005508,0.47788,0.0
101155,5,590,0.6797,0.005508,0.13828000000000001,0.0
101157,5,590,0.6797,0.005508,0.1256,0.0
109350,5,590,0.6797,0.005508,0.24159999999999998,0.0
105257,5,590,0.6797,0.005508,0.4864,0.0
101164,5,590,0.6797,0.005508,0.21624,0.0
107309,5,590,0.6797,0.005508,0.36948000000000003,0.0
109362,5,590,0.6797,0.005508,0.2128,0.0
107319,5,590,0.6797,0.005508,0.4616,0.0
109368,5,590,0.6797,0.005508,0.3968,0.0
107325,5,590,0.6797,0.005508,0.3754,0.0
109376,5,590,0.6797,0.005508,0.34552000000000005,0.0
109384,5,590,0.6797,0.005508,0.32432000000000005,0.0
107345,5,590,0.6797,0.005508,0.45456,0.0
107350,5,590,0.6797,0.005508,0.43776000000000004,0.0
109403,5,590,0.6797,0.005508,0.5114000000000001,0.0
107356,5,590,0.6797,0.005508,0.40636,0.0
107357,5,590,0.6797,0.005508,0.43108,0.0
105309,5,590,0.6797,0.005508,0.462,0.0
109414,5,590,0.6797,0.005508,0.24024,0.0
105320,5,590,0.6797,0.005508,0.47684000000000004,0.0
107370,5,590,0.6797,0.005508,0.42576,0.0
107371,5,590,0.6797,0.005508,0.43992000000000003,0.0
105326,5,590,0.6797,0.005508,0.40096,0.0
107375,5,590,0.6797,0.005508,0.45336,0.0
105330,5,590,0.6797,0.005508,0.49836,0.0
103283,5,590,0.6797,0.005508,0.23656,0.0
105334,5,590,0.6797,0.005508,0.4336,0.0
109432,5,590,0.6797,0.005508,0.37908000000000003,0.0
101245,5,590,0.6797,0.005508,0.12828,0.0
105343,5,590,0.6797,0.005508,0.45940000000000003,0.0
107391,5,590,0.6797,0.005508,0.50776,0.0
103300,5,590,0.6797,0.005508,0.17548,0.0
105356,5,590,0.6797,0.005508,0.40612,0.0
105357,5,590,0.6797,0.005508,0.39084,0.0
101265,5,590,0.6797,0.005508,0.1272,0.0
107416,5,590,0.6797,0.005508,0.48444,0.0
105371,5,590,0.6797,0.005508,0.33296000000000003,0.0
101277,5,590,0.6797,0.005508,0.12548,0.0
107422,5,590,0.6797,0.005508,0.46940000000000004,0.0
105373,5,590,0.6797,0.005508,0.49228000000000005,0.0
105374,5,590,0.6797,0.005508,0.4758,0.0
105376,5,590,0.6797,0.005508,0.46448,0.0
105384,5,590,0.6797,0.005508,0.452,0.0
103338,5,590,0.6797,0.005508,0.1358,0.0
103339,5,590,0.6797,0.005508,0.16412,0.0
105389,5,590,0.6797,0.005508,0.3786,0.0
105390,5,590,0.6797,0.005508,0.41324,0.0
107438,5,590,0.6797,0.005508,0.46876000000000007,0.0
103344,5,590,0.6797,0.005508,0.1288,0.0
107444,5,590,0.6797,0.005508,0.42124,0.0
103348,5,590,0.6797,0.005508,0.12704,0.0
105399,5,590,0.6797,0.005508,0.47556,0.0
109497,5,590,0.6797,0.005508,0.37052,0.0
105401,5,590,0.6797,0.005508,0.48260000000000003,0.0
107453,5,590,0.6797,0.005508,0.47468,0.0
107459,5,590,0.6797,0.005508,0.49752,0.0
109509,5,590,0.6797,0.005508,0.397,0.0
107464,5,590,0.6797,0.005508,0.27348,0.0
109516,5,590,0.6797,0.005508,0.30052,0.0
105427,5,590,0.6797,0.005508,0.46252000000000004,0.0
101341,5,590,0.6797,0.005508,0.13724,0.0
105438,5,590,0.6797,0.005508,0.28184,0.0
105441,5,590,0.6797,0.005508,0.29636,0.0
107492,5,590,0.6797,0.005508,0.4278,0.0
101357,5,590,0.6797,0.005508,0.13112000000000001,0.0
105462,5,590,0.6797,0.005508,0.26736000000000004,0.0
103416,5,590,0.6797,0.005508,0.1274,0.0
107515,5,590,0.6797,0.005508,0.49160000000000004,0.0
103423,5,590,0.6797,0.005508,0.12856,0.0
107520,5,590,0.6797,0.005508,0.41512,0.0
109569,5,590,0.6797,0.005508,0.40800000000000003,0.0
105475,5,590,0.6797,0.005508,0.37548,0.0
107524,5,590,0.6797,0.005508,0.49124,0.0
101381,5,590,0.6797,0.005508,0.18348,0.0
107528,5,590,0.6797,0.005508,0.30076,0.0
109579,5,590,0.6797,0.005508,0.21516000000000002,0.0
107540,5,590,0.6797,0.005508,0.47740000000000005,0.0
103445,5,590,0.6797,0.005508,0.16612,0.0
109593,5,590,0.6797,0.005508,0.40308000000000005,0.0
105498,5,590,0.6797,0.005508,0.47632,0.0
105499,5,590,0.6797,0.005508,0.45332,0.0
105502,5,590,0.6797,0.005508,0.36408,0.0
103457,5,590,0.6797,0.005508,0.15272,0.0
105519,5,590,0.6797,0.005508,0.51188,0.0
105526,5,590,0.6797,0.005508,0.3466,0.0
105529,5,590,0.6797,0.005508,0.38980000000000004,0.0
107579,5,590,0.6797,0.005508,0.47136,0.0
103483,5,590,0.6797,0.005508,0.16912,0.0
105532,5,590,0.6797,0.005508,0.45556,0.0
103491,5,590,0.6797,0.005508,0.13184,0.0
109640,5,590,0.6797,0.005508,0.26372,0.0
107593,5,590,0.6797,0.005508,0.46736,0.0
105546,5,590,0.6797,0.005508,0.4988,0.0
107595,5,590,0.6797,0.005508,0.40908000000000005,0.0
105545,5,590,0.6797,0.005508,0.47508,0.0
105555,5,590,0.6797,0.005508,0.47572000000000003,0.0
105559,5,590,0.6797,0.005508,0.402,0.0
105562,5,590,0.6797,0.005508,0.46968000000000004,0.0
107618,5,590,0.6797,0.005508,0.5206,0.0
107621,5,590,0.6797,0.005508,0.4414,0.0
107623,5,590,0.6797,0.005508,0.44756,0.0
109674,5,590,0.6797,0.005508,0.37584,0.0
105598,5,590,0.6797,0.005508,0.42912,0.0
103553,5,590,0.6797,0.005508,0.16664,0.0
103557,5,590,0.6797,0.005508,0.26852,0.0
105607,5,590,0.6797,0.005508,0.394,0.0
107657,5,590,0.6797,0.005508,0.47748,0.0
109706,5,590,0.6797,0.005508,0.20684000000000002,0.0
103568,5,590,0.6797,0.005508,0.12828,0.0
109717,5,590,0.6797,0.005508,0.24204000000000003,0.0
105623,5,590,0.6797,0.005508,0.38976000000000005,0.0
105632,5,590,0.6797,0.005508,0.436,0.0
101539,5,590,0.6797,0.005508,0.14584,0.0
103592,5,590,0.6797,0.005508,0.15908,0.0
103593,5,590,0.6797,0.005508,0.15456,0.0
107688,5,590,0.6797,0.005508,0.38564,0.0
101548,5,590,0.6797,0.005508,0.14004,0.0
109740,5,590,0.6797,0.005508,0.40928000000000003,0.0
109746,5,590,0.6797,0.005508,0.38212,0.0
105655,5,590,0.6797,0.005508,0.36019999999999996,0.0
105658,5,590,0.6797,0.005508,0.44920000000000004,0.0
103612,5,590,0.6797,0.005508,0.12712,0.0
105662,5,590,0.6797,0.005508,0.41288,0.0
101570,5,590,0.6797,0.005508,0.12512,0.0
103620,5,590,0.6797,0.005508,0.12592,0.0
109765,5,590,0.6797,0.005508,0.37384,0.0
105674,5,590,0.6797,0.005508,0.47672000000000003,0.0
103626,5,590,0.6797,0.005508,0.12876,0.0
109772,5,590,0.6797,0.005508,0.39428,0.0
109771,5,590,0.6797,0.005508,0.34248,0.0
105679,5,590,0.6797,0.005508,0.46740000000000004,0.0
103632,5,590,0.6797,0.005508,0.12968,0.0
105683,5,590,0.6797,0.005508,0.48332,0.0
103635,5,590,0.6797,0.005508,0.125,0.0
109787,5,590,0.6797,0.005508,0.46212000000000003,0.0
101596,5,590,0.6797,0.005508,0.16172,0.0
105695,5,590,0.6797,0.005508,0.41324,0.0
105697,5,590,0.6797,0.005508,0.32848,0.0
101608,5,590,0.6797,0.005508,0.2164,0.0
109801,5,590,0.6797,0.005508,0.40592,0.0
107755,5,590,0.6797,0.005508,0.49288,0.0
101618,5,590,0.6797,0.005508,0.12888,0.0
107765,5,590,0.6797,0.005508,0.49144000000000004,0.0
103671,5,590,0.6797,0.005508,0.15704,0.0
105723,5,590,0.6797,0.005508,0.46824,0.0
107771,5,590,0.6797,0.005508,0.34348,0.0
105725,5,590,0.6797,0.005508,0.47732,0.0
103680,5,590,0.6797,0.005508,0.1448,0.0
105732,5,590,0.6797,0.005508,0.39772,0.0
105734,5,590,0.6797,0.005508,0.45256,0.0
109834,5,590,0.6797,0.005508,0.34612,0.0
105743,5,590,0.6797,0.005508,0.45304000000000005,0.0
105747,5,590,0.6797,0.005508,0.38656,0.0
101657,5,590,0.6797,0.005508,0.13488,0.0
107803,5,590,0.6797,0.005508,0.5087600000000001,0.0
105755,5,590,0.6797,0.005508,0.43252,0.0
101662,5,590,0.6797,0.005508,0.13244,0.0
103711,5,590,0.6797,0.005508,0.15416000000000002,0.0
107806,5,590,0.6797,0.005508,0.43956,0.0
101668,5,590,0.6797,0.005508,0.1308,0.0
107818,5,590,0.6797,0.005508,0.38788,0.0
109867,5,590,0.6797,0.005508,0.2964,0.0
105777,5,590,0.6797,0.005508,0.48244,0.0
101682,5,590,0.6797,0.005508,0.15444,0.0
105780,5,590,0.6797,0.005508,0.48204,0.0
105785,5,590,0.6797,0.005508,0.35375999999999996,0.0
105787,5,590,0.6797,0.005508,0.45304000000000005,0.0
107837,5,590,0.6797,0.005508,0.36344,0.0
101697,5,590,0.6797,0.005508,0.12840000000000001,0.0
107842,5,590,0.6797,0.005508,0.43068,0.0
107846,5,590,0.6797,0.005508,0.44296,0.0
105802,5,590,0.6797,0.005508,0.38428,0.0
109899,5,590,0.6797,0.005508,0.37316,0.0
109900,5,590,0.6797,0.005508,0.31992,0.0
105804,5,590,0.6797,0.005508,0.4078,0.0
107857,5,590,0.6797,0.005508,0.35312,0.0
107858,5,590,0.6797,0.005508,0.45508000000000004,0.0
107860,5,590,0.6797,0.005508,0.51528,0.0
105815,5,590,0.6797,0.005508,0.34840000000000004,0.0
107870,5,590,0.6797,0.005508,0.3628,0.0
109928,5,590,0.6797,0.005508,0.29376,0.0
105834,5,590,0.6797,0.005508,0.46852000000000005,0.0
107883,5,590,0.6797,0.005508,0.28936,0.0
107885,5,590,0.6797,0.005508,0.48308,0.0
107886,5,590,0.6797,0.005508,0.43636,0.0
105844,5,590,0.6797,0.005508,0.38708000000000004,0.0
109948,5,590,0.6797,0.005508,0.33796000000000004,0.0
107900,5,590,0.6797,0.005508,0.37408,0.0
107904,5,590,0.6797,0.005508,0.45832000000000006,0.0
105856,5,590,0.6797,0.005508,0.38964,0.0
109955,5,590,0.6797,0.005508,0.26636000000000004,0.0
101764,5,590,0.6797,0.005508,0.16508,0.0
103813,5,590,0.6797,0.005508,0.13108,0.0
105867,5,590,0.6797,0.005508,0.45372,0.0
107915,5,590,0.6797,0.005508,0.38164,0.0
103829,5,590,0.6797,0.005508,0.13136,0.0
107926,5,590,0.6797,0.005508,0.37448000000000004,0.0
109980,5,590,0.6797,0.005508,0.32904,0.0
101791,5,590,0.6797,0.005508,0.178,0.0
107946,5,590,0.6797,0.005508,0.36988,0.0
109996,5,590,0.6797,0.005508,0.35356,0.0
103854,5,590,0.6797,0.005508,0.13812,0.0
105903,5,590,0.6797,0.005508,0.26048000000000004,0.0
103869,5,590,0.6797,0.005508,0.16720000000000002,0.0
101824,5,590,0.6797,0.005508,0.12504,0.0
107976,5,590,0.6797,0.005508,0.48116000000000003,0.0
101840,5,590,0.6797,0.005508,0.13156,0.0
101848,5,590,0.6797,0.005508,0.12856,0.0
103901,5,590,0.6797,0.005508,0.12556,0.0
107998,5,590,0.6797,0.005508,0.33708000000000005,0.0
105958,5,590,0.6797,0.005508,0.45556,0.0
101863,5,590,0.6797,0.005508,0.15072,0.0
108014,5,590,0.6797,0.005508,0.41484000000000004,0.0
108016,5,590,0.6797,0.005508,0.4798,0.0
103922,5,590,0.6797,0.005508,0.17016,0.0
108019,5,590,0.6797,0.005508,0.44112,0.0
105985,5,590,0.6797,0.005508,0.3652,0.0
105986,5,590,0.6797,0.005508,0.46476000000000006,0.0
101892,5,590,0.6797,0.005508,0.1338,0.0
103941,5,590,0.6797,0.005508,0.12632,0.0
108041,5,590,0.6797,0.005508,0.41452,0.0
103947,5,590,0.6797,0.005508,0.1574,0.0
108046,5,590,0.6797,0.005508,0.46396000000000004,0.0
101902,5,590,0.6797,0.005508,0.13176,0.0
108049,5,590,0.6797,0.005508,0.48408000000000007,0.0
106005,5,590,0.6797,0.005508,0.45912000000000003,0.0
106007,5,590,0.6797,0.005508,0.49424,0.0
108061,5,590,0.6797,0.005508,0.44520000000000004,0.0
103967,5,590,0.6797,0.005508,0.15652,0.0
103968,5,590,0.6797,0.005508,0.15308,0.0
106021,5,590,0.6797,0.005508,0.44460000000000005,0.0
101926,5,590,0.6797,0.005508,0.125,0.0
108077,5,590,0.6797,0.005508,0.44952000000000003,0.0
101934,5,590,0.6797,0.005508,0.14132,0.0
106031,5,590,0.6797,0.005508,0.40508000000000005,0.0
106032,5,590,0.6797,0.005508,0.4536,0.0
106033,5,590,0.6797,0.005508,0.5080800000000001,0.0
103991,5,590,0.6797,0.005508,0.12532,0.0
108089,5,590,0.6797,0.005508,0.4174,0.0
108090,5,590,0.6797,0.005508,0.47992,0.0
101945,5,590,0.6797,0.005508,0.14664,0.0
106044,5,590,0.6797,0.005508,0.33064000000000004,0.0
106045,5,590,0.6797,0.005508,0.3774,0.0
108094,5,590,0.6797,0.005508,0.4268,0.0
106046,5,590,0.6797,0.005508,0.36932,0.0
106056,5,590,0.6797,0.005508,0.38392,0.0
104009,5,590,0.6797,0.005508,0.13144,0.0
106061,5,590,0.6797,0.005508,0.45292,0.0
106068,5,590,0.6797,0.005508,0.40176,0.0
106071,5,590,0.6797,0.005508,0.47836,0.0
106075,5,590,0.6797,0.005508,0.44224,0.0
101980,5,590,0.6797,0.005508,0.18544,0.0
104027,5,590,0.6797,0.005508,0.21048,0.0
108128,5,590,0.6797,0.005508,0.45196000000000003,0.0
104035,5,590,0.6797,0.005508,0.12624,0.0
108135,5,590,0.6797,0.005508,0.27280000000000004,0.0
101993,5,590,0.6797,0.005508,0.1404,0.0
106094,5,590,0.6797,0.005508,0.40536,0.0
106096,5,590,0.6797,0.005508,0.38464000000000004,0.0
108148,5,590,0.6797,0.005508,0.49184000000000005,0.0
106100,5,590,0.6797,0.005508,0.44300000000000006,0.0
102006,5,590,0.6797,0.005508,0.12508,0.0
108152,5,590,0.6797,0.005508,0.39692,0.0
108162,5,590,0.6797,0.005508,0.40828000000000003,0.0
108166,5,590,0.6797,0.005508,0.476,0.0
108167,5,590,0.6797,0.005508,0.45832000000000006,0.0
104073,5,590,0.6797,0.005508,0.15264,0.0
106129,5,590,0.6797,0.005508,0.42532000000000003,0.0
108179,5,590,0.6797,0.005508,0.3952,0.0
104084,5,590,0.6797,0.005508,0.12736,0.0
108181,5,590,0.6797,0.005508,0.44256000000000006,0.0
108184,5,590,0.6797,0.005508,0.37996,0.0
104089,5,590,0.6797,0.005508,0.17352,0.0
106139,5,590,0.6797,0.005508,0.42156,0.0
104095,5,590,0.6797,0.005508,0.16216,0.0
108192,5,590,0.6797,0.005508,0.43304000000000004,0.0
104097,5,590,0.6797,0.005508,0.22411999999999999,0.0
102050,5,590,0.6797,0.005508,0.12504,0.0
100009,5,590,0.6797,0.005508,0.12864,0.0
104106,5,590,0.6797,0.005508,0.1622,0.0
102058,5,590,0.6797,0.005508,0.14200000000000002,0.0
106158,5,590,0.6797,0.005508,0.39272,0.0
108207,5,590,0.6797,0.005508,0.32532000000000005,0.0
106167,5,590,0.6797,0.005508,0.36712,0.0
108217,5,590,0.6797,0.005508,0.49716000000000005,0.0
108219,5,590,0.6797,0.005508,0.50108,0.0
108235,5,590,0.6797,0.005508,0.5009600000000001,0.0
108236,5,590,0.6797,0.005508,0.38824000000000003,0.0
106189,5,590,0.6797,0.005508,0.49284,0.0
100046,5,590,0.6797,0.005508,0.13236,0.0
108239,5,590,0.6797,0.005508,0.43764000000000003,0.0
100049,5,590,0.6797,0.005508,0.14424,0.0
106195,5,590,0.6797,0.005508,0.50544,0.0
108247,5,590,0.6797,0.005508,0.3272,0.0
106201,5,590,0.6797,0.005508,0.5154000000000001,0.0
108250,5,590,0.6797,0.005508,0.46624,0.0
106213,5,590,0.6797,0.005508,0.41984,0.0
100071,5,590,0.6797,0.005508,0.125,0.0
106217,5,590,0.6797,0.005508,0.42728000000000005,0.0
108266,5,590,0.6797,0.005508,0.3492,0.0
106220,5,590,0.6797,0.005508,0.39980000000000004,0.0
106225,5,590,0.6797,0.005508,0.30768,0.0
108276,5,590,0.6797,0.005508,0.46756000000000003,0.0
100092,5,590,0.6797,0.005508,0.13484000000000002,0.0
106244,5,590,0.6797,0.005508,0.40924,0.0
106247,5,590,0.6797,0.005508,0.36792,0.0
106249,5,590,0.6797,0.005508,0.45008000000000004,0.0
106252,5,590,0.6797,0.005508,0.42336,0.0
102161,5,590,0.6797,0.005508,0.125,0.0
106259,5,590,0.6797,0.005508,0.47968000000000005,0.0
108312,5,590,0.6797,0.005508,0.47864,0.0
108317,5,590,0.6797,0.005508,0.33808,0.0
108319,5,590,0.6797,0.005508,0.4924,0.0
106275,5,590,0.6797,0.005508,0.40504,0.0
102181,5,590,0.6797,0.005508,0.135,0.0
104231,5,590,0.6797,0.005508,0.13572,0.0
108329,5,590,0.6797,0.005508,0.45032000000000005,0.0
108331,5,590,0.6797,0.005508,0.3568,0.0
106286,5,590,0.6797,0.005508,0.48956,0.0
100155,5,590,0.6797,0.005508,0.12684,0.0
102204,5,590,0.6797,0.005508,0.12528,0.0
108353,5,590,0.6797,0.005508,0.46192000000000005,0.0
108357,5,590,0.6797,0.005508,0.27880000000000005,0.0
108362,5,590,0.6797,0.005508,0.34632,0.0
108370,5,590,0.6797,0.005508,0.39576,0.0
104278,5,590,0.6797,0.005508,0.19904,0.0
106327,5,590,0.6797,0.005508,0.5191600000000001,0.0
108375,5,590,0.6797,0.005508,0.38744,0.0
102234,5,590,0.6797,0.005508,0.12792,0.0
100187,5,590,0.6797,0.005508,0.177,0.0
108385,5,590,0.6797,0.005508,0.42148,0.0
104290,5,590,0.6797,0.005508,0.14924,0.0
108388,5,590,0.6797,0.005508,0.48732000000000003,0.0
106341,5,590,0.6797,0.005508,0.45816,0.0
108392,5,590,0.6797,0.005508,0.47852000000000006,0.0
108398,5,590,0.6797,0.005508,0.40716,0.0
102254,5,590,0.6797,0.005508,0.2106,0.0
106351,5,590,0.6797,0.005508,0.25692000000000004,0.0
106355,5,590,0.6797,0.005508,0.39604,0.0
108408,5,590,0.6797,0.005508,0.45984,0.0
108409,5,590,0.6797,0.005508,0.38308000000000003,0.0
104313,5,590,0.6797,0.005508,0.1336,0.0
104315,5,590,0.6797,0.005508,0.12512,0.0
100236,5,590,0.6797,0.005508,0.137,0.0
104339,5,590,0.6797,0.005508,0.12524,0.0
102294,5,590,0.6797,0.005508,0.12604,0.0
104345,5,590,0.6797,0.005508,0.13408,0.0
100250,5,590,0.6797,0.005508,0.15132,0.0
108446,5,590,0.6797,0.005508,0.52176,0.0
106400,5,590,0.6797,0.005508,0.46636000000000005,0.0
106402,5,590,0.6797,0.005508,0.38552000000000003,0.0
108457,5,590,0.6797,0.005508,0.34124,0.0
100272,5,590,0.6797,0.005508,0.1296,0.0
108473,5,590,0.6797,0.005508,0.48940000000000006,0.0
102330,5,590,0.6797,0.005508,0.14572000000000002,0.0
108477,5,590,0.6797,0.005508,0.33752000000000004,0.0
100285,5,590,0.6797,0.005508,0.12592,0.0
106432,5,590,0.6797,0.005508,0.41568,0.0
100288,5,590,0.6797,0.005508,0.12848,0.0
108481,5,590,0.6797,0.005508,0.33124,0.0
106435,5,590,0.6797,0.005508,0.48288000000000003,0.0
102348,5,590,0.6797,0.005508,0.13896,0.0
108493,5,590,0.6797,0.005508,0.47812000000000004,0.0
100305,5,590,0.6797,0.005508,0.125,0.0
108500,5,590,0.6797,0.005508,0.3476,0.0
106453,5,590,0.6797,0.005508,0.39264000000000004,0.0
106456,5,590,0.6797,0.005508,0.48656000000000005,0.0
100316,5,590,0.6797,0.005508,0.26883999999999997,0.0
104413,5,590,0.6797,0.005508,0.12868,0.0
108511,5,590,0.6797,0.005508,0.24852000000000002,0.0
108512,5,590,0.6797,0.005508,0.31548,0.0
106465,5,590,0.6797,0.005508,0.36648000000000003,0.0
104419,5,590,0.6797,0.005508,0.13504,0.0
106472,5,590,0.6797,0.005508,0.48232,0.0
106480,5,590,0.6797,0.005508,0.37588,0.0
104433,5,590,0.6797,0.005508,0.1584,0.0
106484,5,590,0.6797,0.005508,0.5023200000000001,0.0
106493,5,590,0.6797,0.005508,0.23988,0.0
106494,5,590,0.6797,0.005508,0.39744,0.0
100353,6,326,0.4939,0.008702,0.13032,0.0
108546,6,326,0.4939,0.008702,0.46468,0.0
102403,6,326,0.4939,0.008702,0.13292,0.0
107532,6,326,0.4939,0.008702,0.42868,0.0
105485,6,326,0.4939,0.008702,0.36292,0.0
105490,6,326,0.4939,0.008702,0.39788,0.0
108565,6,326,0.4939,0.008702,0.27036000000000004,0.0
105495,6,326,0.4939,0.008702,0.36032000000000003,0.0
103447,6,326,0.4939,0.008702,0.12504,0.0
101399,6,326,0.4939,0.008702,0.16312,0.0
106522,6,326,0.4939,0.008702,0.42064,0.0
100375,6,326,0.4939,0.008702,0.21776,0.0
107544,6,326,0.4939,0.008702,0.49976,0.0
106526,6,326,0.4939,0.008702,0.38592,0.0
107554,6,326,0.4939,0.008702,0.46588,0.0
105507,6,326,0.4939,0.008702,0.49248000000000003,0.0
101421,6,326,0.4939,0.008702,0.15828,0.0
100403,6,326,0.4939,0.008702,0.12504,0.0
100407,6,326,0.4939,0.008702,0.12884,0.0
102459,6,326,0.4939,0.008702,0.1268,0.0
101437,6,326,0.4939,0.008702,0.125,0.0
103493,6,326,0.4939,0.008702,0.16688,0.0
107591,6,326,0.4939,0.008702,0.50612,0.0
103495,6,326,0.4939,0.008702,0.12644,0.0
106569,6,326,0.4939,0.008702,0.48468,0.0
100426,6,326,0.4939,0.008702,0.20204,0.0
109643,6,326,0.4939,0.008702,0.34464000000000006,0.0
104525,6,326,0.4939,0.008702,0.14748,0.0
104531,6,326,0.4939,0.008702,0.23872,0.0
104536,6,326,0.4939,0.008702,0.16272,0.0
107608,6,326,0.4939,0.008702,0.50212,0.0
107613,6,326,0.4939,0.008702,0.40988,0.0
102502,6,326,0.4939,0.008702,0.12964,0.0
104551,6,326,0.4939,0.008702,0.14624,0.0
105576,6,326,0.4939,0.008702,0.43584,0.0
108651,6,326,0.4939,0.008702,0.4174,0.0
106605,6,326,0.4939,0.008702,0.38432,0.0
105585,6,326,0.4939,0.008702,0.39908000000000005,0.0
101490,6,326,0.4939,0.008702,0.12524,0.0
107635,6,326,0.4939,0.008702,0.29756000000000005,0.0
103547,6,326,0.4939,0.008702,0.13392,0.0
102525,6,326,0.4939,0.008702,0.127,0.0
104575,6,326,0.4939,0.008702,0.12808,0.0
101505,6,326,0.4939,0.008702,0.16184,0.0
104585,6,326,0.4939,0.008702,0.13556,0.0
109707,6,326,0.4939,0.008702,0.28896,0.0
101517,6,326,0.4939,0.008702,0.13816,0.0
109715,6,326,0.4939,0.008702,0.32328,0.0
100501,6,326,0.4939,0.008702,0.15224,0.0
101525,6,326,0.4939,0.008702,0.13128,0.0
105626,6,326,0.4939,0.008702,0.36032000000000003,0.0
100507,6,326,0.4939,0.008702,0.12792,0.0
103589,6,326,0.4939,0.008702,0.12508,0.0
102566,6,326,0.4939,0.008702,0.13704,0.0
105640,6,326,0.4939,0.008702,0.46372,0.0
102572,6,326,0.4939,0.008702,0.14616,0.0
106677,6,326,0.4939,0.008702,0.48864,0.0
109756,6,326,0.4939,0.008702,0.36448,0.0
103615,6,326,0.4939,0.008702,0.1406,0.0
103616,6,326,0.4939,0.008702,0.23600000000000002,0.0
109764,6,326,0.4939,0.008702,0.38108000000000003,0.0
102604,6,326,0.4939,0.008702,0.12516,0.0
105677,6,326,0.4939,0.008702,0.49520000000000003,0.0
106702,6,326,0.4939,0.008702,0.3756,0.0
102609,6,326,0.4939,0.008702,0.25872,0.0
107734,6,326,0.4939,0.008702,0.42256,0.0
105689,6,326,0.4939,0.008702,0.40144,0.0
100572,6,326,0.4939,0.008702,0.16672,0.0
106717,6,326,0.4939,0.008702,0.38564,0.0
109790,6,326,0.4939,0.008702,0.22812,0.0
100578,6,326,0.4939,0.008702,0.12656,0.0
107747,6,326,0.4939,0.008702,0.4522,0.0
100581,6,326,0.4939,0.008702,0.21624,0.0
104678,6,326,0.4939,0.008702,0.12652,0.0
102634,6,326,0.4939,0.008702,0.15464,0.0
105706,6,326,0.4939,0.008702,0.4484,0.0
101615,6,326,0.4939,0.008702,0.17980000000000002,0.0
107760,6,326,0.4939,0.008702,0.36640000000000006,0.0
109807,6,326,0.4939,0.008702,0.36440000000000006,0.0
106739,6,326,0.4939,0.008702,0.45544,0.0
108788,6,326,0.4939,0.008702,0.32028,0.0
107768,6,326,0.4939,0.008702,0.47664,0.0
104699,6,326,0.4939,0.008702,0.15172,0.0
102655,6,326,0.4939,0.008702,0.18276,0.0
105730,6,326,0.4939,0.008702,0.48784000000000005,0.0
100615,6,326,0.4939,0.008702,0.1252,0.0
108814,6,326,0.4939,0.008702,0.35256,0.0
106770,6,326,0.4939,0.008702,0.47916000000000003,0.0
105750,6,326,0.4939,0.008702,0.45956,0.0
105760,6,326,0.4939,0.008702,0.4026,0.0
107808,6,326,0.4939,0.008702,0.48164,0.0
107810,6,326,0.4939,0.008702,0.40484000000000003,0.0
104755,6,326,0.4939,0.008702,0.12516,0.0
109876,6,326,0.4939,0.008702,0.34036,0.0
101684,6,326,0.4939,0.008702,0.13676,0.0
105782,6,326,0.4939,0.008702,0.47700000000000004,0.0
102709,6,326,0.4939,0.008702,0.12724,0.0
108856,6,326,0.4939,0.008702,0.42000000000000004,0.0
101689,6,326,0.4939,0.008702,0.13484000000000002,0.0
102722,6,326,0.4939,0.008702,0.14132,0.0
103755,6,326,0.4939,0.008702,0.16952,0.0
106828,6,326,0.4939,0.008702,0.42572000000000004,0.0
102735,6,326,0.4939,0.008702,0.14116,0.0
100690,6,326,0.4939,0.008702,0.12788,0.0
100693,6,326,0.4939,0.008702,0.15812,0.0
103770,6,326,0.4939,0.008702,0.1282,0.0
102746,6,326,0.4939,0.008702,0.12964,0.0
105823,6,326,0.4939,0.008702,0.45376,0.0
103776,6,326,0.4939,0.008702,0.13328,0.0
102753,6,326,0.4939,0.008702,0.12792,0.0
107874,6,326,0.4939,0.008702,0.43036,0.0
102755,6,326,0.4939,0.008702,0.13096,0.0
107875,6,326,0.4939,0.008702,0.38144,0.0
102761,6,326,0.4939,0.008702,0.1286,0.0
100717,6,326,0.4939,0.008702,0.12524,0.0
101742,6,326,0.4939,0.008702,0.17704,0.0
105840,6,326,0.4939,0.008702,0.46424,0.0
107892,6,326,0.4939,0.008702,0.51536,0.0
105845,6,326,0.4939,0.008702,0.45844,0.0
106873,6,326,0.4939,0.008702,0.47828000000000004,0.0
107903,6,326,0.4939,0.008702,0.45728,0.0
106880,6,326,0.4939,0.008702,0.47884000000000004,0.0
107905,6,326,0.4939,0.008702,0.42232,0.0
105864,6,326,0.4939,0.008702,0.49668,0.0
100744,6,326,0.4939,0.008702,0.14008,0.0
104845,6,326,0.4939,0.008702,0.15212,0.0
102801,6,326,0.4939,0.008702,0.15460000000000002,0.0
100758,6,326,0.4939,0.008702,0.12632,0.0
108952,6,326,0.4939,0.008702,0.37864000000000003,0.0
107934,6,326,0.4939,0.008702,0.4554,0.0
105888,6,326,0.4939,0.008702,0.4272,0.0
106913,6,326,0.4939,0.008702,0.51156,0.0
102816,6,326,0.4939,0.008702,0.1584,0.0
107943,6,326,0.4939,0.008702,0.45908000000000004,0.0
101808,6,326,0.4939,0.008702,0.15268,0.0
106929,6,326,0.4939,0.008702,0.39408,0.0
106931,6,326,0.4939,0.008702,0.49496000000000007,0.0
101822,6,326,0.4939,0.008702,0.15732000000000002,0.0
107968,6,326,0.4939,0.008702,0.47936,0.0
105925,6,326,0.4939,0.008702,0.3632,0.0
103879,6,326,0.4939,0.008702,0.18248,0.0
106953,6,326,0.4939,0.008702,0.38772,0.0
104909,6,326,0.4939,0.008702,0.24703999999999998,0.0
102864,6,326,0.4939,0.008702,0.17476,0.0
105938,6,326,0.4939,0.008702,0.43296,0.0
105941,6,326,0.4939,0.008702,0.42088000000000003,0.0
101849,6,326,0.4939,0.008702,0.12592,0.0
106972,6,326,0.4939,0.008702,0.41884000000000005,0.0
106974,6,326,0.4939,0.008702,0.44172,0.0
107999,6,326,0.4939,0.008702,0.38032,0.0
101859,6,326,0.4939,0.008702,0.14188,0.0
109033,6,326,0.4939,0.008702,0.33799999999999997,0.0
100850,6,326,0.4939,0.008702,0.12716,0.0
102902,6,326,0.4939,0.008702,0.13688,0.0
101879,6,326,0.4939,0.008702,0.1276,0.0
107003,6,326,0.4939,0.008702,0.30828,0.0
107004,6,326,0.4939,0.008702,0.48552,0.0
102912,6,326,0.4939,0.008702,0.13408,0.0
100865,6,326,0.4939,0.008702,0.16688,0.0
105988,6,326,0.4939,0.008702,0.50456,0.0
102918,6,326,0.4939,0.008702,0.12516,0.0
103945,6,326,0.4939,0.008702,0.12632,0.0
109066,6,326,0.4939,0.008702,0.33492,0.0
102924,6,326,0.4939,0.008702,0.20652,0.0
107021,6,326,0.4939,0.008702,0.42244000000000004,0.0
108048,6,326,0.4939,0.008702,0.48852000000000007,0.0
106003,6,326,0.4939,0.008702,0.45124000000000003,0.0
107030,6,326,0.4939,0.008702,0.42244000000000004,0.0
100889,6,326,0.4939,0.008702,0.125,0.0
109081,6,326,0.4939,0.008702,0.30676000000000003,0.0
100897,6,326,0.4939,0.008702,0.16072,0.0
101927,6,326,0.4939,0.008702,0.15664,0.0
106027,6,326,0.4939,0.008702,0.47556,0.0
101937,6,326,0.4939,0.008702,0.15072,0.0
106041,6,326,0.4939,0.008702,0.47724000000000005,0.0
102969,6,326,0.4939,0.008702,0.14964,0.0
103996,6,326,0.4939,0.008702,0.2414,0.0
100927,6,326,0.4939,0.008702,0.16720000000000002,0.0
104001,6,326,0.4939,0.008702,0.12608,0.0
101953,6,326,0.4939,0.008702,0.19404,0.0
108102,6,326,0.4939,0.008702,0.34820000000000007,0.0
107081,6,326,0.4939,0.008702,0.44336000000000003,0.0
104011,6,326,0.4939,0.008702,0.1352,0.0
109133,6,326,0.4939,0.008702,0.29892,0.0
100949,6,326,0.4939,0.008702,0.1412,0.0
101978,6,326,0.4939,0.008702,0.14728,0.0
108129,6,326,0.4939,0.008702,0.43696,0.0
107110,6,326,0.4939,0.008702,0.48216000000000003,0.0
105063,6,326,0.4939,0.008702,0.40384000000000003,0.0
100982,6,326,0.4939,0.008702,0.13512,0.0
106103,6,326,0.4939,0.008702,0.3488,0.0
100986,6,326,0.4939,0.008702,0.12936,0.0
105083,6,326,0.4939,0.008702,0.21552,0.0
102011,6,326,0.4939,0.008702,0.1456,0.0
103040,6,326,0.4939,0.008702,0.14344,0.0
107137,6,326,0.4939,0.008702,0.33204,0.0
105090,6,326,0.4939,0.008702,0.29444000000000004,0.0
104068,6,326,0.4939,0.008702,0.13712,0.0
106117,6,326,0.4939,0.008702,0.43084,0.0
106120,6,326,0.4939,0.008702,0.446,0.0
105097,6,326,0.4939,0.008702,0.5102,0.0
102027,6,326,0.4939,0.008702,0.18531999999999998,0.0
104082,6,326,0.4939,0.008702,0.1272,0.0
102036,6,326,0.4939,0.008702,0.1884,0.0
109211,6,326,0.4939,0.008702,0.32316,0.0
108193,6,326,0.4939,0.008702,0.40928000000000003,0.0
103075,6,326,0.4939,0.008702,0.1626,0.0
104099,6,326,0.4939,0.008702,0.13444,0.0
105127,6,326,0.4939,0.008702,0.48604,0.0
107176,6,326,0.4939,0.008702,0.47544000000000003,0.0
100008,6,326,0.4939,0.008702,0.13684,0.0
104112,6,326,0.4939,0.008702,0.1258,0.0
102067,6,326,0.4939,0.008702,0.13,0.0
107187,6,326,0.4939,0.008702,0.44836000000000004,0.0
105141,6,326,0.4939,0.008702,0.44012,0.0
100025,6,326,0.4939,0.008702,0.1254,0.0
108221,6,326,0.4939,0.008702,0.44684,0.0
107200,6,326,0.4939,0.008702,0.37604000000000004,0.0
105154,6,326,0.4939,0.008702,0.43448000000000003,0.0
107206,6,326,0.4939,0.008702,0.45516,0.0
109271,6,326,0.4939,0.008702,0.36164,0.0
102103,6,326,0.4939,0.008702,0.13132,0.0
105180,6,326,0.4939,0.008702,0.37148000000000003,0.0
106204,6,326,0.4939,0.008702,0.47136,0.0
107231,6,326,0.4939,0.008702,0.43004,0.0
109283,6,326,0.4939,0.008702,0.22428,0.0
104170,6,326,0.4939,0.008702,0.12504,0.0
102124,6,326,0.4939,0.008702,0.13236,0.0
103154,6,326,0.4939,0.008702,0.12752,0.0
107251,6,326,0.4939,0.008702,0.47392,0.0
105203,6,326,0.4939,0.008702,0.49532,0.0
100083,6,326,0.4939,0.008702,0.20548,0.0
103161,6,326,0.4939,0.008702,0.12784,0.0
102139,6,326,0.4939,0.008702,0.13732,0.0
103166,6,326,0.4939,0.008702,0.12588,0.0
106241,6,326,0.4939,0.008702,0.40012,0.0
102147,6,326,0.4939,0.008702,0.154,0.0
107270,6,326,0.4939,0.008702,0.45464000000000004,0.0
100106,6,326,0.4939,0.008702,0.13124,0.0
101130,6,326,0.4939,0.008702,0.13208,0.0
102155,6,326,0.4939,0.008702,0.12808,0.0
105231,6,326,0.4939,0.008702,0.43104000000000003,0.0
106256,6,326,0.4939,0.008702,0.46332,0.0
104211,6,326,0.4939,0.008702,0.12748,0.0
102164,6,326,0.4939,0.008702,0.19092,0.0
107284,6,326,0.4939,0.008702,0.48556,0.0
107286,6,326,0.4939,0.008702,0.46504,0.0
107287,6,326,0.4939,0.008702,0.379,0.0
100122,6,326,0.4939,0.008702,0.1704,0.0
100127,6,326,0.4939,0.008702,0.12516,0.0
105252,6,326,0.4939,0.008702,0.50864,0.0
105254,6,326,0.4939,0.008702,0.37312,0.0
104239,6,326,0.4939,0.008702,0.14076,0.0
102195,6,326,0.4939,0.008702,0.13004,0.0
103220,6,326,0.4939,0.008702,0.15032,0.0
100150,6,326,0.4939,0.008702,0.12632,0.0
105271,6,326,0.4939,0.008702,0.43296,0.0
106298,6,326,0.4939,0.008702,0.38988,0.0
100154,6,326,0.4939,0.008702,0.12544,0.0
106303,6,326,0.4939,0.008702,0.4808,0.0
108352,6,326,0.4939,0.008702,0.34284000000000003,0.0
102209,6,326,0.4939,0.008702,0.14172,0.0
101186,6,326,0.4939,0.008702,0.12632,0.0
108355,6,326,0.4939,0.008702,0.4394,0.0
108356,6,326,0.4939,0.008702,0.45872,0.0
100172,6,326,0.4939,0.008702,0.12664,0.0
107341,6,326,0.4939,0.008702,0.2812,0.0
102224,6,326,0.4939,0.008702,0.17396,0.0
108372,6,326,0.4939,0.008702,0.38784,0.0
101207,6,326,0.4939,0.008702,0.1418,0.0
104279,6,326,0.4939,0.008702,0.20944000000000002,0.0
109401,6,326,0.4939,0.008702,0.4082,0.0
104282,6,326,0.4939,0.008702,0.12888,0.0
101217,6,326,0.4939,0.008702,0.12832,0.0
100193,6,326,0.4939,0.008702,0.12804,0.0
103265,6,326,0.4939,0.008702,0.13308,0.0
103268,6,326,0.4939,0.008702,0.13852,0.0
102248,6,326,0.4939,0.008702,0.14924,0.0
100200,6,326,0.4939,0.008702,0.1358,0.0
102256,6,326,0.4939,0.008702,0.12612,0.0
107377,6,326,0.4939,0.008702,0.45912000000000003,0.0
100208,6,326,0.4939,0.008702,0.15636,0.0
104306,6,326,0.4939,0.008702,0.12572,0.0
106361,6,326,0.4939,0.008702,0.4742,0.0
102266,6,326,0.4939,0.008702,0.1466,0.0
105340,6,326,0.4939,0.008702,0.44996,0.0
103294,6,326,0.4939,0.008702,0.13588,0.0
105349,6,326,0.4939,0.008702,0.42564,0.0
100242,6,326,0.4939,0.008702,0.16204000000000002,0.0
102291,6,326,0.4939,0.008702,0.12712,0.0
108434,6,326,0.4939,0.008702,0.41048,0.0
103317,6,326,0.4939,0.008702,0.1294,0.0
101273,6,326,0.4939,0.008702,0.15476,0.0
108441,6,326,0.4939,0.008702,0.39484,0.0
100253,6,326,0.4939,0.008702,0.12768,0.0
100261,6,326,0.4939,0.008702,0.13048,0.0
106406,6,326,0.4939,0.008702,0.49624,0.0
103340,6,326,0.4939,0.008702,0.12692,0.0
106412,6,326,0.4939,0.008702,0.45688,0.0
108463,6,326,0.4939,0.008702,0.362,0.0
102321,6,326,0.4939,0.008702,0.1696,0.0
106418,6,326,0.4939,0.008702,0.51056,0.0
104370,6,326,0.4939,0.008702,0.15736,0.0
106417,6,326,0.4939,0.008702,0.29088,0.0
104373,6,326,0.4939,0.008702,0.16488,0.0
103351,6,326,0.4939,0.008702,0.12504,0.0
107457,6,326,0.4939,0.008702,0.4832,0.0
106433,6,326,0.4939,0.008702,0.47264,0.0
103365,6,326,0.4939,0.008702,0.13248,0.0
108487,6,326,0.4939,0.008702,0.36208,0.0
101321,6,326,0.4939,0.008702,0.1254,0.0
108490,6,326,0.4939,0.008702,0.35544,0.0
108494,6,326,0.4939,0.008702,0.41592,0.0
104403,6,326,0.4939,0.008702,0.12508,0.0
105435,6,326,0.4939,0.008702,0.49592,0.0
106459,6,326,0.4939,0.008702,0.34508000000000005,0.0
100319,6,326,0.4939,0.008702,0.2482,0.0
103400,6,326,0.4939,0.008702,0.14176,0.0
105451,6,326,0.4939,0.008702,0.35704,0.0
104427,6,326,0.4939,0.008702,0.13528,0.0
109548,6,326,0.4939,0.008702,0.25632,0.0
108526,6,326,0.4939,0.008702,0.239,0.0
106482,6,326,0.4939,0.008702,0.46628000000000003,0.0
109556,6,326,0.4939,0.008702,0.41504,0.0
101366,6,326,0.4939,0.008702,0.129,0.0
100343,6,326,0.4939,0.008702,0.12840000000000001,0.0
100355,7,625,0.8704,0.00561,0.15336,0.0
108547,7,625,0.8704,0.00561,0.40636,0.0
108549,7,625,0.8704,0.00561,0.30924,0.0
108550,7,625,0.8704,0.00561,0.47140000000000004,0.0
106503,7,625,0.8704,0.00561,0.41148,0.0
106499,7,625,0.8704,0.00561,0.45988000000000007,0.0
108551,7,625,0.8704,0.00561,0.25544,0.0
108554,7,625,0.8704,0.00561,0.46428,0.0
108557,7,625,0.8704,0.00561,0.30328,0.0
108559,7,625,0.8704,0.00561,0.43764000000000003,0.0
108562,7,625,0.8704,0.00561,0.34548,0.0
108563,7,625,0.8704,0.00561,0.39812,0.0
106523,7,625,0.8704,0.00561,0.39772,0.0
108573,7,625,0.8704,0.00561,0.51172,0.0
108576,7,625,0.8704,0.00561,0.37120000000000003,0.0
102432,7,625,0.8704,0.00561,0.13052,0.0
106530,7,625,0.8704,0.00561,0.29788000000000003,0.0
108579,7,625,0.8704,0.00561,0.30356000000000005,0.0
108580,7,625,0.8704,0.00561,0.41984,0.0
108584,7,625,0.8704,0.00561,0.31796,0.0
108588,7,625,0.8704,0.00561,0.25060000000000004,0.0
100398,7,625,0.8704,0.00561,0.13608,0.0
100402,7,625,0.8704,0.00561,0.18708,0.0
108594,7,625,0.8704,0.00561,0.41184,0.0
108602,7,625,0.8704,0.00561,0.25568,0.0
108603,7,625,0.8704,0.00561,0.40384000000000003,0.0
106556,7,625,0.8704,0.00561,0.48864,0.0
104514,7,625,0.8704,0.00561,0.1554,0.0
108613,7,625,0.8704,0.00561,0.45328,0.0
108614,7,625,0.8704,0.00561,0.33904,0.0
108620,7,625,0.8704,0.00561,0.35344000000000003,0.0
108626,7,625,0.8704,0.00561,0.42088000000000003,0.0
108629,7,625,0.8704,0.00561,0.3328,0.0
102489,7,625,0.8704,0.00561,0.19504,0.0
106587,7,625,0.8704,0.00561,0.32972,0.0
102493,7,625,0.8704,0.00561,0.14836,0.0
108640,7,625,0.8704,0.00561,0.32888000000000006,0.0
108642,7,625,0.8704,0.00561,0.33436,0.0
106595,7,625,0.8704,0.00561,0.47424,0.0
108653,7,625,0.8704,0.00561,0.45348000000000005,0.0
108655,7,625,0.8704,0.00561,0.35116,0.0
108656,7,625,0.8704,0.00561,0.34464000000000006,0.0
106608,7,625,0.8704,0.00561,0.4336,0.0
108660,7,625,0.8704,0.00561,0.42548,0.0
108664,7,625,0.8704,0.00561,0.34156,0.0
104571,7,625,0.8704,0.00561,0.12532,0.0
108668,7,625,0.8704,0.00561,0.32656,0.0
108667,7,625,0.8704,0.00561,0.43472,0.0
108670,7,625,0.8704,0.00561,0.32772,0.0
108679,7,625,0.8704,0.00561,0.43524,0.0
108685,7,625,0.8704,0.00561,0.33440000000000003,0.0
106638,7,625,0.8704,0.00561,0.48304,0.0
106640,7,625,0.8704,0.00561,0.43352,0.0
108692,7,625,0.8704,0.00561,0.44176000000000004,0.0
106644,7,625,0.8704,0.00561,0.35092,0.0
108694,7,625,0.8704,0.00561,0.35224,0.0
106648,7,625,0.8704,0.00561,0.33776000000000006,0.0
108697,7,625,0.8704,0.00561,0.3856,0.0
108696,7,625,0.8704,0.00561,0.5156000000000001,0.0
106651,7,625,0.8704,0.00561,0.44052,0.0
106654,7,625,0.8704,0.00561,0.43344000000000005,0.0
108704,7,625,0.8704,0.00561,0.35316000000000003,0.0
108711,7,625,0.8704,0.00561,0.34575999999999996,0.0
108712,7,625,0.8704,0.00561,0.32056,0.0
106664,7,625,0.8704,0.00561,0.2278,0.0
106667,7,625,0.8704,0.00561,0.47000000000000003,0.0
108716,7,625,0.8704,0.00561,0.456,0.0
106668,7,625,0.8704,0.00561,0.45976,0.0
108719,7,625,0.8704,0.00561,0.35116,0.0
108720,7,625,0.8704,0.00561,0.37932000000000005,0.0
108727,7,625,0.8704,0.00561,0.35219999999999996,0.0
108730,7,625,0.8704,0.00561,0.38952000000000003,0.0
108736,7,625,0.8704,0.00561,0.226,0.0
106691,7,625,0.8704,0.00561,0.30096,0.0
108740,7,625,0.8704,0.00561,0.45864,0.0
108741,7,625,0.8704,0.00561,0.48692,0.0
106692,7,625,0.8704,0.00561,0.46520000000000006,0.0
104648,7,625,0.8704,0.00561,0.1698,0.0
106697,7,625,0.8704,0.00561,0.44132,0.0
108746,7,625,0.8704,0.00561,0.3486,0.0
108751,7,625,0.8704,0.00561,0.18108,0.0
100559,7,625,0.8704,0.00561,0.17996,0.0
108757,7,625,0.8704,0.00561,0.29852,0.0
108762,7,625,0.8704,0.00561,0.34376000000000007,0.0
108766,7,625,0.8704,0.00561,0.43432000000000004,0.0
106720,7,625,0.8704,0.00561,0.36551999999999996,0.0
108768,7,625,0.8704,0.00561,0.44120000000000004,0.0
108771,7,625,0.8704,0.00561,0.22864,0.0
108773,7,625,0.8704,0.00561,0.44444,0.0
106728,7,625,0.8704,0.00561,0.51544,0.0
108782,7,625,0.8704,0.00561,0.35908000000000007,0.0
100591,7,625,0.8704,0.00561,0.2052,0.0
104691,7,625,0.8704,0.00561,0.12748,0.0
108790,7,625,0.8704,0.00561,0.29864,0.0
106744,7,625,0.8704,0.00561,0.4134,0.0
108799,7,625,0.8704,0.00561,0.29072,0.0
106752,7,625,0.8704,0.00561,0.365,0.0
108803,7,625,0.8704,0.00561,0.26436000000000004,0.0
108805,7,625,0.8704,0.00561,0.47608000000000006,0.0
108810,7,625,0.8704,0.00561,0.35996000000000006,0.0
108812,7,625,0.8704,0.00561,0.40336,0.0
108813,7,625,0.8704,0.00561,0.4314,0.0
106771,7,625,0.8704,0.00561,0.40640000000000004,0.0
106776,7,625,0.8704,0.00561,0.37008,0.0
108828,7,625,0.8704,0.00561,0.32544,0.0
108835,7,625,0.8704,0.00561,0.28948,0.0
106789,7,625,0.8704,0.00561,0.39928,0.0
108841,7,625,0.8704,0.00561,0.26624000000000003,0.0
104752,7,625,0.8704,0.00561,0.17648,0.0
100656,7,625,0.8704,0.00561,0.12732,0.0
106801,7,625,0.8704,0.00561,0.5105999999999999,0.0
108854,7,625,0.8704,0.00561,0.29732000000000003,0.0
108859,7,625,0.8704,0.00561,0.31488000000000005,0.0
108868,7,625,0.8704,0.00561,0.30576000000000003,0.0
108873,7,625,0.8704,0.00561,0.43936000000000003,0.0
108879,7,625,0.8704,0.00561,0.37824,0.0
108883,7,625,0.8704,0.00561,0.41004,0.0
106838,7,625,0.8704,0.00561,0.39076,0.0
106840,7,625,0.8704,0.00561,0.30444000000000004,0.0
108893,7,625,0.8704,0.00561,0.339,0.0
108900,7,625,0.8704,0.00561,0.38804,0.0
100709,7,625,0.8704,0.00561,0.13772,0.0
108909,7,625,0.8704,0.00561,0.38152,0.0
108917,7,625,0.8704,0.00561,0.322,0.0
100727,7,625,0.8704,0.00561,0.1274,0.0
108920,7,625,0.8704,0.00561,0.31844,0.0
108922,7,625,0.8704,0.00561,0.19408,0.0
106874,7,625,0.8704,0.00561,0.5089600000000001,0.0
108926,7,625,0.8704,0.00561,0.32372,0.0
108927,7,625,0.8704,0.00561,0.341,0.0
104833,7,625,0.8704,0.00561,0.12892,0.0
106881,7,625,0.8704,0.00561,0.36272000000000004,0.0
108933,7,625,0.8704,0.00561,0.41444000000000003,0.0
108944,7,625,0.8704,0.00561,0.3078,0.0
108945,7,625,0.8704,0.00561,0.40084000000000003,0.0
104849,7,625,0.8704,0.00561,0.13668,0.0
108954,7,625,0.8704,0.00561,0.41912,0.0
108955,7,625,0.8704,0.00561,0.28256000000000003,0.0
108956,7,625,0.8704,0.00561,0.25052,0.0
108957,7,625,0.8704,0.00561,0.35804,0.0
102812,7,625,0.8704,0.00561,0.13648,0.0
108961,7,625,0.8704,0.00561,0.27964,0.0
108962,7,625,0.8704,0.00561,0.35668,0.0
106927,7,625,0.8704,0.00561,0.41696,0.0
100789,7,625,0.8704,0.00561,0.18608,0.0
108982,7,625,0.8704,0.00561,0.4056,0.0
108985,7,625,0.8704,0.00561,0.26068,0.0
106938,7,625,0.8704,0.00561,0.38376000000000005,0.0
108990,7,625,0.8704,0.00561,0.32376000000000005,0.0
108995,7,625,0.8704,0.00561,0.384,0.0
109001,7,625,0.8704,0.00561,0.34128000000000003,0.0
109003,7,625,0.8704,0.00561,0.3246,0.0
106958,7,625,0.8704,0.00561,0.29868,0.0
109010,7,625,0.8704,0.00561,0.36344,0.0
109014,7,625,0.8704,0.00561,0.27564,0.0
109017,7,625,0.8704,0.00561,0.38116,0.0
106969,7,625,0.8704,0.00561,0.38656,0.0
109028,7,625,0.8704,0.00561,0.23724,0.0
102885,7,625,0.8704,0.00561,0.12516,0.0
104936,7,625,0.8704,0.00561,0.1848,0.0
106995,7,625,0.8704,0.00561,0.35016,0.0
109044,7,625,0.8704,0.00561,0.42404000000000003,0.0
100853,7,625,0.8704,0.00561,0.20076,0.0
107007,7,625,0.8704,0.00561,0.39952000000000004,0.0
107010,7,625,0.8704,0.00561,0.47888000000000003,0.0
109059,7,625,0.8704,0.00561,0.423,0.0
107012,7,625,0.8704,0.00561,0.48176,0.0
109060,7,625,0.8704,0.00561,0.31408,0.0
100867,7,625,0.8704,0.00561,0.16212,0.0
107015,7,625,0.8704,0.00561,0.47184000000000004,0.0
109065,7,625,0.8704,0.00561,0.29503999999999997,0.0
109068,7,625,0.8704,0.00561,0.45184,0.0
109069,7,625,0.8704,0.00561,0.30112000000000005,0.0
107025,7,625,0.8704,0.00561,0.40204,0.0
109073,7,625,0.8704,0.00561,0.32964000000000004,0.0
107027,7,625,0.8704,0.00561,0.35760000000000003,0.0
109079,7,625,0.8704,0.00561,0.37832,0.0
100890,7,625,0.8704,0.00561,0.12552,0.0
109084,7,625,0.8704,0.00561,0.37879999999999997,0.0
109086,7,625,0.8704,0.00561,0.40828000000000003,0.0
102947,7,625,0.8704,0.00561,0.12572,0.0
109091,7,625,0.8704,0.00561,0.41312000000000004,0.0
109102,7,625,0.8704,0.00561,0.36696,0.0
105011,7,625,0.8704,0.00561,0.43476000000000004,0.0
107064,7,625,0.8704,0.00561,0.4638,0.0
107066,7,625,0.8704,0.00561,0.47156,0.0
109115,7,625,0.8704,0.00561,0.28668000000000005,0.0
107068,7,625,0.8704,0.00561,0.51708,0.0
107075,7,625,0.8704,0.00561,0.43464,0.0
109124,7,625,0.8704,0.00561,0.24359999999999998,0.0
105031,7,625,0.8704,0.00561,0.39644,0.0
107080,7,625,0.8704,0.00561,0.46268,0.0
109134,7,625,0.8704,0.00561,0.24159999999999998,0.0
105039,7,625,0.8704,0.00561,0.44732,0.0
105038,7,625,0.8704,0.00561,0.46312000000000003,0.0
109142,7,625,0.8704,0.00561,0.455,0.0
107097,7,625,0.8704,0.00561,0.48708,0.0
109147,7,625,0.8704,0.00561,0.29096,0.0
109151,7,625,0.8704,0.00561,0.32996000000000003,0.0
109152,7,625,0.8704,0.00561,0.34696,0.0
100961,7,625,0.8704,0.00561,0.14400000000000002,0.0
109154,7,625,0.8704,0.00561,0.32104,0.0
107103,7,625,0.8704,0.00561,0.463,0.0
109156,7,625,0.8704,0.00561,0.3486,0.0
109158,7,625,0.8704,0.00561,0.36376,0.0
105065,7,625,0.8704,0.00561,0.44480000000000003,0.0
109164,7,625,0.8704,0.00561,0.44968,0.0
107117,7,625,0.8704,0.00561,0.39636,0.0
109165,7,625,0.8704,0.00561,0.27912000000000003,0.0
105072,7,625,0.8704,0.00561,0.46088,0.0
109171,7,625,0.8704,0.00561,0.41212,0.0
109176,7,625,0.8704,0.00561,0.32128,0.0
105080,7,625,0.8704,0.00561,0.44712,0.0
109178,7,625,0.8704,0.00561,0.22676000000000002,0.0
109177,7,625,0.8704,0.00561,0.3728,0.0
107132,7,625,0.8704,0.00561,0.38896000000000003,0.0
103037,7,625,0.8704,0.00561,0.25048000000000004,0.0
109180,7,625,0.8704,0.00561,0.36476000000000003,0.0
109182,7,625,0.8704,0.00561,0.40584,0.0
109187,7,625,0.8704,0.00561,0.22364,0.0
107142,7,625,0.8704,0.00561,0.30632000000000004,0.0
105095,7,625,0.8704,0.00561,0.39892,0.0
105098,7,625,0.8704,0.00561,0.36072000000000004,0.0
105099,7,625,0.8704,0.00561,0.44868,0.0
109197,7,625,0.8704,0.00561,0.40772,0.0
109204,7,625,0.8704,0.00561,0.25708,0.0
109207,7,625,0.8704,0.00561,0.30591999999999997,0.0
109209,7,625,0.8704,0.00561,0.40232,0.0
109226,7,625,0.8704,0.00561,0.41552,0.0
105132,7,625,0.8704,0.00561,0.35748,0.0
109231,7,625,0.8704,0.00561,0.41584,0.0
109232,7,625,0.8704,0.00561,0.37868,0.0
109233,7,625,0.8704,0.00561,0.23764000000000002,0.0
107185,7,625,0.8704,0.00561,0.35640000000000005,0.0
105136,7,625,0.8704,0.00561,0.4424,0.0
109238,7,625,0.8704,0.00561,0.29028,0.0
109254,7,625,0.8704,0.00561,0.39572,0.0
105165,7,625,0.8704,0.00561,0.4378,0.0
107216,7,625,0.8704,0.00561,0.27008,0.0
107218,7,625,0.8704,0.00561,0.46432000000000007,0.0
109267,7,625,0.8704,0.00561,0.45456,0.0
107224,7,625,0.8704,0.00561,0.3784,0.0
109273,7,625,0.8704,0.00561,0.33536,0.0
109275,7,625,0.8704,0.00561,0.44324,0.0
109290,7,625,0.8704,0.00561,0.4228,0.0
105199,7,625,0.8704,0.00561,0.47976,0.0
107250,7,625,0.8704,0.00561,0.45292,0.0
109309,7,625,0.8704,0.00561,0.40576,0.0
107263,7,625,0.8704,0.00561,0.40212,0.0
105218,7,625,0.8704,0.00561,0.36788,0.0
107274,7,625,0.8704,0.00561,0.44380000000000003,0.0
109324,7,625,0.8704,0.00561,0.4098,0.0
107277,7,625,0.8704,0.00561,0.44812,0.0
107278,7,625,0.8704,0.00561,0.35992,0.0
105232,7,625,0.8704,0.00561,0.36432000000000003,0.0
109336,7,625,0.8704,0.00561,0.50748,0.0
105241,7,625,0.8704,0.00561,0.46896000000000004,0.0
107290,7,625,0.8704,0.00561,0.44232000000000005,0.0
105242,7,625,0.8704,0.00561,0.40328,0.0
109340,7,625,0.8704,0.00561,0.26332,0.0
109341,7,625,0.8704,0.00561,0.38084,0.0
109354,7,625,0.8704,0.00561,0.42136,0.0
105259,7,625,0.8704,0.00561,0.4008,0.0
109356,7,625,0.8704,0.00561,0.35192,0.0
109357,7,625,0.8704,0.00561,0.41792,0.0
101166,7,625,0.8704,0.00561,0.12524,0.0
107311,7,625,0.8704,0.00561,0.46956000000000003,0.0
109360,7,625,0.8704,0.00561,0.24828,0.0
103218,7,625,0.8704,0.00561,0.12908,0.0
109363,7,625,0.8704,0.00561,0.47332,0.0
107317,7,625,0.8704,0.00561,0.45572,0.0
109372,7,625,0.8704,0.00561,0.46072,0.0
109374,7,625,0.8704,0.00561,0.19648,0.0
107327,7,625,0.8704,0.00561,0.38508000000000003,0.0
109382,7,625,0.8704,0.00561,0.22932,0.0
103244,7,625,0.8704,0.00561,0.1264,0.0
105294,7,625,0.8704,0.00561,0.36060000000000003,0.0
109398,7,625,0.8704,0.00561,0.45172,0.0
105304,7,625,0.8704,0.00561,0.42292,0.0
107354,7,625,0.8704,0.00561,0.46792,0.0
109404,7,625,0.8704,0.00561,0.47964000000000007,0.0
109409,7,625,0.8704,0.00561,0.4792,0.0
109413,7,625,0.8704,0.00561,0.44876000000000005,0.0
109418,7,625,0.8704,0.00561,0.428,0.0
109419,7,625,0.8704,0.00561,0.33536,0.0
107373,7,625,0.8704,0.00561,0.48176,0.0
109427,7,625,0.8704,0.00561,0.21568,0.0
109428,7,625,0.8704,0.00561,0.42108,0.0
105335,7,625,0.8704,0.00561,0.32116,0.0
109431,7,625,0.8704,0.00561,0.26648000000000005,0.0
107385,7,625,0.8704,0.00561,0.41668,0.0
107384,7,625,0.8704,0.00561,0.46392000000000005,0.0
105341,7,625,0.8704,0.00561,0.45832000000000006,0.0
105345,7,625,0.8704,0.00561,0.47940000000000005,0.0
107394,7,625,0.8704,0.00561,0.35284000000000004,0.0
107399,7,625,0.8704,0.00561,0.46036000000000005,0.0
105352,7,625,0.8704,0.00561,0.51024,0.0
103304,7,625,0.8704,0.00561,0.17592,0.0
109450,7,625,0.8704,0.00561,0.23164,0.0
107400,7,625,0.8704,0.00561,0.45484,0.0
109452,7,625,0.8704,0.00561,0.28856000000000004,0.0
101259,7,625,0.8704,0.00561,0.15684,0.0
109448,7,625,0.8704,0.00561,0.38020000000000004,0.0
109456,7,625,0.8704,0.00561,0.31516,0.0
103315,7,625,0.8704,0.00561,0.13496,0.0
105364,7,625,0.8704,0.00561,0.34248,0.0
109463,7,625,0.8704,0.00561,0.47408000000000006,0.0
109474,7,625,0.8704,0.00561,0.37164,0.0
103333,7,625,0.8704,0.00561,0.19364,0.0
107430,7,625,0.8704,0.00561,0.42768000000000006,0.0
109478,7,625,0.8704,0.00561,0.44776,0.0
103343,7,625,0.8704,0.00561,0.13032,0.0
109493,7,625,0.8704,0.00561,0.32404,0.0
109502,7,625,0.8704,0.00561,0.22892,0.0
105410,7,625,0.8704,0.00561,0.39888,0.0
105418,7,625,0.8704,0.00561,0.44836000000000004,0.0
103374,7,625,0.8704,0.00561,0.12796,0.0
101338,7,625,0.8704,0.00561,0.16528,0.0
109531,7,625,0.8704,0.00561,0.46192000000000005,0.0
109534,7,625,0.8704,0.00561,0.29276,0.0
107487,7,625,0.8704,0.00561,0.48968,0.0
109535,7,625,0.8704,0.00561,0.42288000000000003,0.0
105445,7,625,0.8704,0.00561,0.43868,0.0
109542,7,625,0.8704,0.00561,0.30808,0.0
109545,7,625,0.8704,0.00561,0.28736,0.0
109546,7,625,0.8704,0.00561,0.33952000000000004,0.0
103401,7,625,0.8704,0.00561,0.14164,0.0
107499,7,625,0.8704,0.00561,0.46640000000000004,0.0
109549,7,625,0.8704,0.00561,0.24180000000000001,0.0
109551,7,625,0.8704,0.00561,0.22752,0.0
109554,7,625,0.8704,0.00561,0.34988,0.0
109557,7,625,0.8704,0.00561,0.22668,0.0
109560,7,625,0.8704,0.00561,0.29059999999999997,0.0
107514,7,625,0.8704,0.00561,0.40324,0.0
103422,7,625,0.8704,0.00561,0.13908,0.0
109568,7,625,0.8704,0.00561,0.34496000000000004,0.0
105474,7,625,0.8704,0.00561,0.5047200000000001,0.0
107523,7,625,0.8704,0.00561,0.434,0.0
109572,7,625,0.8704,0.00561,0.3758,0.0
109575,7,625,0.8704,0.00561,0.31988000000000005,0.0
105480,7,625,0.8704,0.00561,0.45292,0.0
107529,7,625,0.8704,0.00561,0.43544000000000005,0.0
109577,7,625,0.8704,0.00561,0.3828,0.0
109584,7,625,0.8704,0.00561,0.30548,0.0
105489,7,625,0.8704,0.00561,0.45528,0.0
107536,7,625,0.8704,0.00561,0.47992,0.0
109587,7,625,0.8704,0.00561,0.29328,0.0
105491,7,625,0.8704,0.00561,0.43484,0.0
107549,7,625,0.8704,0.00561,0.46676000000000006,0.0
109598,7,625,0.8704,0.00561,0.45872,0.0
109603,7,625,0.8704,0.00561,0.25976,0.0
107558,7,625,0.8704,0.00561,0.37536,0.0
109608,7,625,0.8704,0.00561,0.3934,0.0
109609,7,625,0.8704,0.00561,0.2454,0.0
109620,7,625,0.8704,0.00561,0.41492,0.0
105525,7,625,0.8704,0.00561,0.45612,0.0
109628,7,625,0.8704,0.00561,0.40288,0.0
105533,7,625,0.8704,0.00561,0.49496000000000007,0.0
109629,7,625,0.8704,0.00561,0.33452000000000004,0.0
105537,7,625,0.8704,0.00561,0.43172000000000005,0.0
109634,7,625,0.8704,0.00561,0.3332,0.0
109636,7,625,0.8704,0.00561,0.38456,0.0
109638,7,625,0.8704,0.00561,0.27252,0.0
105542,7,625,0.8704,0.00561,0.34243999999999997,0.0
109642,7,625,0.8704,0.00561,0.48724,0.0
107594,7,625,0.8704,0.00561,0.32584,0.0
107597,7,625,0.8704,0.00561,0.41744,0.0
105550,7,625,0.8704,0.00561,0.37524,0.0
109647,7,625,0.8704,0.00561,0.42504000000000003,0.0
109649,7,625,0.8704,0.00561,0.4008,0.0
109651,7,625,0.8704,0.00561,0.35172000000000003,0.0
105557,7,625,0.8704,0.00561,0.4534,0.0
107606,7,625,0.8704,0.00561,0.45924000000000004,0.0
105561,7,625,0.8704,0.00561,0.49592,0.0
109660,7,625,0.8704,0.00561,0.43248000000000003,0.0
109661,7,625,0.8704,0.00561,0.34556,0.0
109662,7,625,0.8704,0.00561,0.30136,0.0
109665,7,625,0.8704,0.00561,0.40456,0.0
105569,7,625,0.8704,0.00561,0.39964,0.0
107620,7,625,0.8704,0.00561,0.46080000000000004,0.0
109676,7,625,0.8704,0.00561,0.41656,0.0
109677,7,625,0.8704,0.00561,0.2714,0.0
109678,7,625,0.8704,0.00561,0.27492000000000005,0.0
105584,7,625,0.8704,0.00561,0.28824000000000005,0.0
107634,7,625,0.8704,0.00561,0.47004,0.0
105586,7,625,0.8704,0.00561,0.47176,0.0
105589,7,625,0.8704,0.00561,0.47584000000000004,0.0
103544,7,625,0.8704,0.00561,0.1292,0.0
101497,7,625,0.8704,0.00561,0.12632,0.0
103546,7,625,0.8704,0.00561,0.13228,0.0
109690,7,625,0.8704,0.00561,0.39872,0.0
109692,7,625,0.8704,0.00561,0.31436,0.0
107646,7,625,0.8704,0.00561,0.45236000000000004,0.0
107647,7,625,0.8704,0.00561,0.4812,0.0
109696,7,625,0.8704,0.00561,0.30056000000000005,0.0
103552,7,625,0.8704,0.00561,0.13292,0.0
109697,7,625,0.8704,0.00561,0.4678,0.0
107656,7,625,0.8704,0.00561,0.419,0.0
101512,7,625,0.8704,0.00561,0.13192,0.0
105612,7,625,0.8704,0.00561,0.30868,0.0
107667,7,625,0.8704,0.00561,0.44616,0.0
105621,7,625,0.8704,0.00561,0.39016,0.0
109722,7,625,0.8704,0.00561,0.48684,0.0
109725,7,625,0.8704,0.00561,0.17496,0.0
107682,7,625,0.8704,0.00561,0.45308000000000004,0.0
109731,7,625,0.8704,0.00561,0.28148,0.0
109733,7,625,0.8704,0.00561,0.48224,0.0
107692,7,625,0.8704,0.00561,0.37532000000000004,0.0
107694,7,625,0.8704,0.00561,0.44536,0.0
105646,7,625,0.8704,0.00561,0.41800000000000004,0.0
107696,7,625,0.8704,0.00561,0.27956000000000003,0.0
103601,7,625,0.8704,0.00561,0.13252,0.0
107698,7,625,0.8704,0.00561,0.5078,0.0
105653,7,625,0.8704,0.00561,0.49272000000000005,0.0
109752,7,625,0.8704,0.00561,0.4068,0.0
107717,7,625,0.8704,0.00561,0.39596000000000003,0.0
109773,7,625,0.8704,0.00561,0.3108,0.0
105678,7,625,0.8704,0.00561,0.47240000000000004,0.0
109775,7,625,0.8704,0.00561,0.26480000000000004,0.0
107729,7,625,0.8704,0.00561,0.46316,0.0
109778,7,625,0.8704,0.00561,0.30604,0.0
105684,7,625,0.8704,0.00561,0.41372000000000003,0.0
107733,7,625,0.8704,0.00561,0.503,0.0
109785,7,625,0.8704,0.00561,0.43388000000000004,0.0
105690,7,625,0.8704,0.00561,0.49288,0.0
107742,7,625,0.8704,0.00561,0.512,0.0
109792,7,625,0.8704,0.00561,0.2008,0.0
109796,7,625,0.8704,0.00561,0.27944,0.0
105702,7,625,0.8704,0.00561,0.49428000000000005,0.0
109799,7,625,0.8704,0.00561,0.38804,0.0
107752,7,625,0.8704,0.00561,0.45656,0.0
107757,7,625,0.8704,0.00561,0.46816,0.0
109805,7,625,0.8704,0.00561,0.48364,0.0
107759,7,625,0.8704,0.00561,0.48512,0.0
109808,7,625,0.8704,0.00561,0.39532,0.0
109809,7,625,0.8704,0.00561,0.28876,0.0
109812,7,625,0.8704,0.00561,0.35744,0.0
109814,7,625,0.8704,0.00561,0.34052,0.0
109820,7,625,0.8704,0.00561,0.34496000000000004,0.0
109821,7,625,0.8704,0.00561,0.3628,0.0
107772,7,625,0.8704,0.00561,0.4566,0.0
109823,7,625,0.8704,0.00561,0.325,0.0
101636,7,625,0.8704,0.00561,0.12788,0.0
109832,7,625,0.8704,0.00561,0.29436,0.0
107785,7,625,0.8704,0.00561,0.45392000000000005,0.0
109835,7,625,0.8704,0.00561,0.30788000000000004,0.0
103693,7,625,0.8704,0.00561,0.1256,0.0
109837,7,625,0.8704,0.00561,0.28692,0.0
107794,7,625,0.8704,0.00561,0.38548,0.0
103702,7,625,0.8704,0.00561,0.18104,0.0
105752,7,625,0.8704,0.00561,0.38956,0.0
107801,7,625,0.8704,0.00561,0.43792000000000003,0.0
105754,7,625,0.8704,0.00561,0.4878,0.0
109852,7,625,0.8704,0.00561,0.42344,0.0
109854,7,625,0.8704,0.00561,0.4374,0.0
109857,7,625,0.8704,0.00561,0.19976,0.0
105762,7,625,0.8704,0.00561,0.47464,0.0
105763,7,625,0.8704,0.00561,0.49728,0.0
109864,7,625,0.8704,0.00561,0.23924,0.0
107819,7,625,0.8704,0.00561,0.39488,0.0
107822,7,625,0.8704,0.00561,0.4756,0.0
109871,7,625,0.8704,0.00561,0.38716,0.0
105776,7,625,0.8704,0.00561,0.45004,0.0
105775,7,625,0.8704,0.00561,0.45156,0.0
109872,7,625,0.8704,0.00561,0.21684,0.0
109875,7,625,0.8704,0.00561,0.2142,0.0
109878,7,625,0.8704,0.00561,0.27188,0.0
105788,7,625,0.8704,0.00561,0.37912,0.0
109889,7,625,0.8704,0.00561,0.30632000000000004,0.0
105794,7,625,0.8704,0.00561,0.50708,0.0
109890,7,625,0.8704,0.00561,0.37336,0.0
107844,7,625,0.8704,0.00561,0.44508000000000003,0.0
107845,7,625,0.8704,0.00561,0.38676,0.0
101703,7,625,0.8704,0.00561,0.18328,0.0
109898,7,625,0.8704,0.00561,0.34487999999999996,0.0
101706,7,625,0.8704,0.00561,0.14928,0.0
107853,7,625,0.8704,0.00561,0.49484,0.0
109904,7,625,0.8704,0.00561,0.36063999999999996,0.0
109905,7,625,0.8704,0.00561,0.45484,0.0
109908,7,625,0.8704,0.00561,0.39724,0.0
109909,7,625,0.8704,0.00561,0.20135999999999998,0.0
109910,7,625,0.8704,0.00561,0.31792,0.0
107864,7,625,0.8704,0.00561,0.37704,0.0
105819,7,625,0.8704,0.00561,0.38488000000000006,0.0
109920,7,625,0.8704,0.00561,0.2212,0.0
107872,7,625,0.8704,0.00561,0.44096,0.0
109931,7,625,0.8704,0.00561,0.4122,0.0
109935,7,625,0.8704,0.00561,0.33128,0.0
107888,7,625,0.8704,0.00561,0.35572000000000004,0.0
109938,7,625,0.8704,0.00561,0.2958,0.0
109950,7,625,0.8704,0.00561,0.32304,0.0
109954,7,625,0.8704,0.00561,0.26696,0.0
105859,7,625,0.8704,0.00561,0.39224000000000003,0.0
107908,7,625,0.8704,0.00561,0.41076,0.0
109958,7,625,0.8704,0.00561,0.40352000000000005,0.0
105863,7,625,0.8704,0.00561,0.4172,0.0
109962,7,625,0.8704,0.00561,0.22964,0.0
109963,7,625,0.8704,0.00561,0.26783999999999997,0.0
105872,7,625,0.8704,0.00561,0.5048,0.0
109969,7,625,0.8704,0.00561,0.46448,0.0
107930,7,625,0.8704,0.00561,0.42004,0.0
109981,7,625,0.8704,0.00561,0.39652,0.0
101790,7,625,0.8704,0.00561,0.17980000000000002,0.0
107937,7,625,0.8704,0.00561,0.44848,0.0
101795,7,625,0.8704,0.00561,0.12596,0.0
109988,7,625,0.8704,0.00561,0.20864,0.0
109989,7,625,0.8704,0.00561,0.47836,0.0
107939,7,625,0.8704,0.00561,0.417,0.0
107951,7,625,0.8704,0.00561,0.38244,0.0
105911,7,625,0.8704,0.00561,0.47664,0.0
105926,7,625,0.8704,0.00561,0.38328,0.0
101838,7,625,0.8704,0.00561,0.12784,0.0
107984,7,625,0.8704,0.00561,0.47624,0.0
105939,7,625,0.8704,0.00561,0.45912000000000003,0.0
108002,7,625,0.8704,0.00561,0.40692,0.0
105957,7,625,0.8704,0.00561,0.44556,0.0
108009,7,625,0.8704,0.00561,0.32628,0.0
101868,7,625,0.8704,0.00561,0.13804,0.0
105993,7,625,0.8704,0.00561,0.47936,0.0
106000,7,625,0.8704,0.00561,0.324,0.0
106004,7,625,0.8704,0.00561,0.38812,0.0
103962,7,625,0.8704,0.00561,0.12748,0.0
106010,7,625,0.8704,0.00561,0.41476,0.0
108064,7,625,0.8704,0.00561,0.4558,0.0
103971,7,625,0.8704,0.00561,0.13032,0.0
106023,7,625,0.8704,0.00561,0.46592,0.0
106025,7,625,0.8704,0.00561,0.46308,0.0
108073,7,625,0.8704,0.00561,0.49012,0.0
108074,7,625,0.8704,0.00561,0.46332,0.0
108085,7,625,0.8704,0.00561,0.47092,0.0
106040,7,625,0.8704,0.00561,0.5012000000000001,0.0
106048,7,625,0.8704,0.00561,0.48124,0.0
106060,7,625,0.8704,0.00561,0.47328000000000003,0.0
101965,7,625,0.8704,0.00561,0.12784,0.0
108111,7,625,0.8704,0.00561,0.36764,0.0
106064,7,625,0.8704,0.00561,0.42712,0.0
106066,7,625,0.8704,0.00561,0.46028,0.0
101977,7,625,0.8704,0.00561,0.15812,0.0
108122,7,625,0.8704,0.00561,0.44228,0.0
108131,7,625,0.8704,0.00561,0.5001599999999999,0.0
108134,7,625,0.8704,0.00561,0.29159999999999997,0.0
106098,7,625,0.8704,0.00561,0.31064,0.0
106099,7,625,0.8704,0.00561,0.4772,0.0
108154,7,625,0.8704,0.00561,0.46584000000000003,0.0
106109,7,625,0.8704,0.00561,0.33076,0.0
106113,7,625,0.8704,0.00561,0.47828000000000004,0.0
108171,7,625,0.8704,0.00561,0.49728,0.0
108172,7,625,0.8704,0.00561,0.45108000000000004,0.0
106125,7,625,0.8704,0.00561,0.40088,0.0
108191,7,625,0.8704,0.00561,0.36492,0.0
106152,7,625,0.8704,0.00561,0.45640000000000003,0.0
102056,7,625,0.8704,0.00561,0.12724,0.0
102061,7,625,0.8704,0.00561,0.12932,0.0
108209,7,625,0.8704,0.00561,0.41872,0.0
104116,7,625,0.8704,0.00561,0.12708,0.0
108218,7,625,0.8704,0.00561,0.49716000000000005,0.0
108220,7,625,0.8704,0.00561,0.48796,0.0
108223,7,625,0.8704,0.00561,0.42716,0.0
100034,7,625,0.8704,0.00561,0.1606,0.0
108229,7,625,0.8704,0.00561,0.5098,0.0
104136,7,625,0.8704,0.00561,0.12896,0.0
108234,7,625,0.8704,0.00561,0.4922,0.0
104143,7,625,0.8704,0.00561,0.19632,0.0
106191,7,625,0.8704,0.00561,0.42964,0.0
106194,7,625,0.8704,0.00561,0.38256,0.0
106198,7,625,0.8704,0.00561,0.31072,0.0
100055,7,625,0.8704,0.00561,0.20932,0.0
100056,7,625,0.8704,0.00561,0.12556,0.0
106209,7,625,0.8704,0.00561,0.48752,0.0
100073,7,625,0.8704,0.00561,0.1388,0.0
104173,7,625,0.8704,0.00561,0.1292,0.0
108269,7,625,0.8704,0.00561,0.39655999999999997,0.0
106228,7,625,0.8704,0.00561,0.48824,0.0
100089,7,625,0.8704,0.00561,0.14188,0.0
106233,7,625,0.8704,0.00561,0.49612,0.0
106238,7,625,0.8704,0.00561,0.47196,0.0
102152,7,625,0.8704,0.00561,0.12628,0.0
104212,7,625,0.8704,0.00561,0.15596,0.0
102171,7,625,0.8704,0.00561,0.12552,0.0
106267,7,625,0.8704,0.00561,0.49104000000000003,0.0
108322,7,625,0.8704,0.00561,0.4376,0.0
108325,7,625,0.8704,0.00561,0.41416000000000003,0.0
102182,7,625,0.8704,0.00561,0.16592,0.0
108328,7,625,0.8704,0.00561,0.26616,0.0
108336,7,625,0.8704,0.00561,0.38024,0.0
106289,7,625,0.8704,0.00561,0.37572,0.0
108339,7,625,0.8704,0.00561,0.33540000000000003,0.0
108340,7,625,0.8704,0.00561,0.42036,0.0
108350,7,625,0.8704,0.00561,0.45408000000000004,0.0
108358,7,625,0.8704,0.00561,0.47412000000000004,0.0
106312,7,625,0.8704,0.00561,0.27496,0.0
106335,7,625,0.8704,0.00561,0.4278,0.0
106340,7,625,0.8704,0.00561,0.404,0.0
108397,7,625,0.8704,0.00561,0.45576,0.0
106356,7,625,0.8704,0.00561,0.42132000000000003,0.0
102262,7,625,0.8704,0.00561,0.13464,0.0
106364,7,625,0.8704,0.00561,0.41836,0.0
108423,7,625,0.8704,0.00561,0.51012,0.0
108424,7,625,0.8704,0.00561,0.42868,0.0
102280,7,625,0.8704,0.00561,0.12604,0.0
108432,7,625,0.8704,0.00561,0.51044,0.0
106388,7,625,0.8704,0.00561,0.40552000000000005,0.0
106391,7,625,0.8704,0.00561,0.41944,0.0
104349,7,625,0.8704,0.00561,0.18272,0.0
108452,7,625,0.8704,0.00561,0.42444000000000004,0.0
100293,7,625,0.8704,0.00561,0.12844,0.0
106439,7,625,0.8704,0.00561,0.35076,0.0
106440,7,625,0.8704,0.00561,0.351,0.0
106447,7,625,0.8704,0.00561,0.33632,0.0
106448,7,625,0.8704,0.00561,0.4716,0.0
108502,7,625,0.8704,0.00561,0.42828,0.0
104407,7,625,0.8704,0.00561,0.1312,0.0
102364,7,625,0.8704,0.00561,0.14,0.0
108510,7,625,0.8704,0.00561,0.48228000000000004,0.0
108514,7,625,0.8704,0.00561,0.36728000000000005,0.0
100323,7,625,0.8704,0.00561,0.15304,0.0
108518,7,625,0.8704,0.00561,0.29344000000000003,0.0
108520,7,625,0.8704,0.00561,0.35192,0.0
108521,7,625,0.8704,0.00561,0.37336,0.0
108525,7,625,0.8704,0.00561,0.29956000000000005,0.0
108531,7,625,0.8704,0.00561,0.33476,0.0
108533,7,625,0.8704,0.00561,0.43548000000000003,0.0
106492,7,625,0.8704,0.00561,0.47356,0.0
108541,7,625,0.8704,0.00561,0.26388,0.0
108543,7,625,0.8704,0.00561,0.3492,0.0
102406,8,434,0.7327,0.006801,0.12524,0.0
107526,8,434,0.7327,0.006801,0.39064000000000004,0.0
105479,8,434,0.7327,0.006801,0.44512,0.0
106508,8,434,0.7327,0.006801,0.43144000000000005,0.0
103436,8,434,0.7327,0.006801,0.22364,0.0
100368,8,434,0.7327,0.006801,0.18148,0.0
101392,8,434,0.7327,0.006801,0.12536,0.0
109586,8,434,0.7327,0.006801,0.2874,0.0
101396,8,434,0.7327,0.006801,0.12572,0.0
106517,8,434,0.7327,0.006801,0.41168,0.0
104471,8,434,0.7327,0.006801,0.1632,0.0
108567,8,434,0.7327,0.006801,0.21228000000000002,0.0
108568,8,434,0.7327,0.006801,0.28772,0.0
108571,8,434,0.7327,0.006801,0.36768,0.0
100381,8,434,0.7327,0.006801,0.12832,0.0
101406,8,434,0.7327,0.006801,0.12856,0.0
105505,8,434,0.7327,0.006801,0.40584,0.0
105509,8,434,0.7327,0.006801,0.45748000000000005,0.0
106534,8,434,0.7327,0.006801,0.39020000000000005,0.0
103463,8,434,0.7327,0.006801,0.1372,0.0
100394,8,434,0.7327,0.006801,0.13284,0.0
107564,8,434,0.7327,0.006801,0.2826,0.0
108590,8,434,0.7327,0.006801,0.38064000000000003,0.0
105518,8,434,0.7327,0.006801,0.47120000000000006,0.0
104494,8,434,0.7327,0.006801,0.15772,0.0
106543,8,434,0.7327,0.006801,0.42108,0.0
107571,8,434,0.7327,0.006801,0.49732,0.0
104500,8,434,0.7327,0.006801,0.19584000000000001,0.0
106554,8,434,0.7327,0.006801,0.43388000000000004,0.0
109631,8,434,0.7327,0.006801,0.33032,0.0
106566,8,434,0.7327,0.006801,0.46104,0.0
106567,8,434,0.7327,0.006801,0.36444,0.0
108619,8,434,0.7327,0.006801,0.32784,0.0
105548,8,434,0.7327,0.006801,0.37712,0.0
100429,8,434,0.7327,0.006801,0.15992,0.0
102477,8,434,0.7327,0.006801,0.14208,0.0
109650,8,434,0.7327,0.006801,0.4546,0.0
107604,8,434,0.7327,0.006801,0.40848,0.0
105558,8,434,0.7327,0.006801,0.29816,0.0
108632,8,434,0.7327,0.006801,0.2622,0.0
109657,8,434,0.7327,0.006801,0.33012,0.0
109656,8,434,0.7327,0.006801,0.26928,0.0
105565,8,434,0.7327,0.006801,0.48564,0.0
100449,8,434,0.7327,0.006801,0.125,0.0
107619,8,434,0.7327,0.006801,0.44316,0.0
106604,8,434,0.7327,0.006801,0.34568,0.0
109681,8,434,0.7327,0.006801,0.34848,0.0
106613,8,434,0.7327,0.006801,0.50772,0.0
105590,8,434,0.7327,0.006801,0.421,0.0
102520,8,434,0.7327,0.006801,0.14035999999999998,0.0
104572,8,434,0.7327,0.006801,0.12808,0.0
106620,8,434,0.7327,0.006801,0.44096,0.0
106622,8,434,0.7327,0.006801,0.4234,0.0
108676,8,434,0.7327,0.006801,0.37772,0.0
108681,8,434,0.7327,0.006801,0.28800000000000003,0.0
102541,8,434,0.7327,0.006801,0.12632,0.0
109713,8,434,0.7327,0.006801,0.335,0.0
105618,8,434,0.7327,0.006801,0.4918,0.0
106641,8,434,0.7327,0.006801,0.43216000000000004,0.0
103580,8,434,0.7327,0.006801,0.12996,0.0
108703,8,434,0.7327,0.006801,0.33372,0.0
104610,8,434,0.7327,0.006801,0.16208,0.0
107684,8,434,0.7327,0.006801,0.40552000000000005,0.0
104614,8,434,0.7327,0.006801,0.14544,0.0
107689,8,434,0.7327,0.006801,0.37472,0.0
108717,8,434,0.7327,0.006801,0.34316,0.0
100527,8,434,0.7327,0.006801,0.12552,0.0
107697,8,434,0.7327,0.006801,0.49068,0.0
108724,8,434,0.7327,0.006801,0.30192,0.0
101557,8,434,0.7327,0.006801,0.1594,0.0
104636,8,434,0.7327,0.006801,0.12504,0.0
106684,8,434,0.7327,0.006801,0.35628000000000004,0.0
107710,8,434,0.7327,0.006801,0.41964,0.0
106687,8,434,0.7327,0.006801,0.4028,0.0
106686,8,434,0.7327,0.006801,0.43236,0.0
107714,8,434,0.7327,0.006801,0.47888000000000003,0.0
106693,8,434,0.7327,0.006801,0.4782,0.0
107718,8,434,0.7327,0.006801,0.42824,0.0
107719,8,434,0.7327,0.006801,0.45868000000000003,0.0
107721,8,434,0.7327,0.006801,0.41708,0.0
105676,8,434,0.7327,0.006801,0.4658,0.0
107724,8,434,0.7327,0.006801,0.45164000000000004,0.0
109774,8,434,0.7327,0.006801,0.27932,0.0
108750,8,434,0.7327,0.006801,0.36916000000000004,0.0
106709,8,434,0.7327,0.006801,0.42272,0.0
103642,8,434,0.7327,0.006801,0.12724,0.0
105691,8,434,0.7327,0.006801,0.354,0.0
104668,8,434,0.7327,0.006801,0.14172,0.0
105692,8,434,0.7327,0.006801,0.49392,0.0
102622,8,434,0.7327,0.006801,0.12972,0.0
105696,8,434,0.7327,0.006801,0.50712,0.0
101600,8,434,0.7327,0.006801,0.1332,0.0
102632,8,434,0.7327,0.006801,0.19272,0.0
109802,8,434,0.7327,0.006801,0.4884,0.0
109806,8,434,0.7327,0.006801,0.3852,0.0
104687,8,434,0.7327,0.006801,0.17892,0.0
107758,8,434,0.7327,0.006801,0.43612000000000006,0.0
105722,8,434,0.7327,0.006801,0.42700000000000005,0.0
108795,8,434,0.7327,0.006801,0.15816,0.0
107775,8,434,0.7327,0.006801,0.34276,0.0
104712,8,434,0.7327,0.006801,0.1366,0.0
106765,8,434,0.7327,0.006801,0.39072,0.0
106766,8,434,0.7327,0.006801,0.36240000000000006,0.0
105744,8,434,0.7327,0.006801,0.29572,0.0
107792,8,434,0.7327,0.006801,0.49764,0.0
103698,8,434,0.7327,0.006801,0.20596,0.0
107795,8,434,0.7327,0.006801,0.41472000000000003,0.0
107796,8,434,0.7327,0.006801,0.32216,0.0
107800,8,434,0.7327,0.006801,0.48300000000000004,0.0
108826,8,434,0.7327,0.006801,0.23096,0.0
104734,8,434,0.7327,0.006801,0.13008,0.0
102686,8,434,0.7327,0.006801,0.14972,0.0
106787,8,434,0.7327,0.006801,0.3928,0.0
107812,8,434,0.7327,0.006801,0.34752000000000005,0.0
107817,8,434,0.7327,0.006801,0.38548,0.0
105770,8,434,0.7327,0.006801,0.43664000000000003,0.0
102699,8,434,0.7327,0.006801,0.17912,0.0
107826,8,434,0.7327,0.006801,0.3832,0.0
108858,8,434,0.7327,0.006801,0.36936,0.0
107835,8,434,0.7327,0.006801,0.46404,0.0
107836,8,434,0.7327,0.006801,0.33384,0.0
104764,8,434,0.7327,0.006801,0.17668,0.0
102718,8,434,0.7327,0.006801,0.13404,0.0
107839,8,434,0.7327,0.006801,0.43048000000000003,0.0
106816,8,434,0.7327,0.006801,0.32424,0.0
109888,8,434,0.7327,0.006801,0.2954,0.0
108864,8,434,0.7327,0.006801,0.27848,0.0
109885,8,434,0.7327,0.006801,0.32555999999999996,0.0
102724,8,434,0.7327,0.006801,0.17352,0.0
105798,8,434,0.7327,0.006801,0.34404,0.0
109896,8,434,0.7327,0.006801,0.22660000000000002,0.0
101705,8,434,0.7327,0.006801,0.15460000000000002,0.0
103753,8,434,0.7327,0.006801,0.19516,0.0
106827,8,434,0.7327,0.006801,0.37908000000000003,0.0
109902,8,434,0.7327,0.006801,0.26852,0.0
107854,8,434,0.7327,0.006801,0.46236000000000005,0.0
106832,8,434,0.7327,0.006801,0.35012,0.0
108880,8,434,0.7327,0.006801,0.44892,0.0
105810,8,434,0.7327,0.006801,0.49556,0.0
108887,8,434,0.7327,0.006801,0.21312,0.0
100695,8,434,0.7327,0.006801,0.12648,0.0
109915,8,434,0.7327,0.006801,0.36804000000000003,0.0
106844,8,434,0.7327,0.006801,0.34524,0.0
101723,8,434,0.7327,0.006801,0.14252,0.0
108892,8,434,0.7327,0.006801,0.45368,0.0
105820,8,434,0.7327,0.006801,0.36388,0.0
105827,8,434,0.7327,0.006801,0.49988000000000005,0.0
105829,8,434,0.7327,0.006801,0.38436,0.0
105831,8,434,0.7327,0.006801,0.36756,0.0
100713,8,434,0.7327,0.006801,0.23864000000000002,0.0
105835,8,434,0.7327,0.006801,0.41028,0.0
105837,8,434,0.7327,0.006801,0.42556,0.0
100718,8,434,0.7327,0.006801,0.15868,0.0
106863,8,434,0.7327,0.006801,0.39928,0.0
107894,8,434,0.7327,0.006801,0.41000000000000003,0.0
107897,8,434,0.7327,0.006801,0.43820000000000003,0.0
106875,8,434,0.7327,0.006801,0.38924,0.0
106876,8,434,0.7327,0.006801,0.45508000000000004,0.0
105855,8,434,0.7327,0.006801,0.34004,0.0
109952,8,434,0.7327,0.006801,0.32624,0.0
109953,8,434,0.7327,0.006801,0.42248,0.0
108930,8,434,0.7327,0.006801,0.31556,0.0
104836,8,434,0.7327,0.006801,0.12984,0.0
102789,8,434,0.7327,0.006801,0.13304,0.0
107909,8,434,0.7327,0.006801,0.44136000000000003,0.0
100742,8,434,0.7327,0.006801,0.21624,0.0
103816,8,434,0.7327,0.006801,0.12916,0.0
106885,8,434,0.7327,0.006801,0.46568000000000004,0.0
105866,8,434,0.7327,0.006801,0.39364,0.0
102791,8,434,0.7327,0.006801,0.13656000000000001,0.0
104846,8,434,0.7327,0.006801,0.13196,0.0
103826,8,434,0.7327,0.006801,0.1346,0.0
107924,8,434,0.7327,0.006801,0.37768,0.0
109974,8,434,0.7327,0.006801,0.39796000000000004,0.0
107931,8,434,0.7327,0.006801,0.49656,0.0
106908,8,434,0.7327,0.006801,0.44216000000000005,0.0
104862,8,434,0.7327,0.006801,0.12536,0.0
108958,8,434,0.7327,0.006801,0.3578,0.0
106915,8,434,0.7327,0.006801,0.50548,0.0
101798,8,434,0.7327,0.006801,0.12736,0.0
104872,8,434,0.7327,0.006801,0.14232,0.0
109994,8,434,0.7327,0.006801,0.21744000000000002,0.0
101802,8,434,0.7327,0.006801,0.12536,0.0
107949,8,434,0.7327,0.006801,0.3326,0.0
108979,8,434,0.7327,0.006801,0.35131999999999997,0.0
102836,8,434,0.7327,0.006801,0.12508,0.0
106933,8,434,0.7327,0.006801,0.45276000000000005,0.0
108984,8,434,0.7327,0.006801,0.3792,0.0
107961,8,434,0.7327,0.006801,0.37240000000000006,0.0
104890,8,434,0.7327,0.006801,0.16356,0.0
102843,8,434,0.7327,0.006801,0.13516,0.0
108989,8,434,0.7327,0.006801,0.34548,0.0
106941,8,434,0.7327,0.006801,0.39172,0.0
104895,8,434,0.7327,0.006801,0.13792,0.0
108991,8,434,0.7327,0.006801,0.32016,0.0
107969,8,434,0.7327,0.006801,0.47496000000000005,0.0
105922,8,434,0.7327,0.006801,0.37356,0.0
100797,8,434,0.7327,0.006801,0.12512,0.0
107974,8,434,0.7327,0.006801,0.34872000000000003,0.0
108999,8,434,0.7327,0.006801,0.34052,0.0
107982,8,434,0.7327,0.006801,0.43408,0.0
100815,8,434,0.7327,0.006801,0.14644000000000001,0.0
102865,8,434,0.7327,0.006801,0.12552,0.0
107986,8,434,0.7327,0.006801,0.47476,0.0
109011,8,434,0.7327,0.006801,0.35188,0.0
105940,8,434,0.7327,0.006801,0.44480000000000003,0.0
107985,8,434,0.7327,0.006801,0.41144,0.0
105942,8,434,0.7327,0.006801,0.48092,0.0
106967,8,434,0.7327,0.006801,0.4494,0.0
106968,8,434,0.7327,0.006801,0.44748000000000004,0.0
105945,8,434,0.7327,0.006801,0.49256000000000005,0.0
104926,8,434,0.7327,0.006801,0.137,0.0
100834,8,434,0.7327,0.006801,0.12824,0.0
106978,8,434,0.7327,0.006801,0.40772,0.0
100843,8,434,0.7327,0.006801,0.22360000000000002,0.0
109036,8,434,0.7327,0.006801,0.21592,0.0
108012,8,434,0.7327,0.006801,0.45840000000000003,0.0
109039,8,434,0.7327,0.006801,0.43060000000000004,0.0
104944,8,434,0.7327,0.006801,0.12536,0.0
105967,8,434,0.7327,0.006801,0.4596,0.0
106998,8,434,0.7327,0.006801,0.49960000000000004,0.0
101883,8,434,0.7327,0.006801,0.14332,0.0
102907,8,434,0.7327,0.006801,0.14128,0.0
105987,8,434,0.7327,0.006801,0.35628000000000004,0.0
101895,8,434,0.7327,0.006801,0.152,0.0
108042,8,434,0.7327,0.006801,0.40512000000000004,0.0
105994,8,434,0.7327,0.006801,0.46140000000000003,0.0
105998,8,434,0.7327,0.006801,0.44444,0.0
101904,8,434,0.7327,0.006801,0.13356,0.0
104982,8,434,0.7327,0.006801,0.1274,0.0
107032,8,434,0.7327,0.006801,0.41208,0.0
107034,8,434,0.7327,0.006801,0.41800000000000004,0.0
107038,8,434,0.7327,0.006801,0.46008000000000004,0.0
100894,8,434,0.7327,0.006801,0.1822,0.0
107041,8,434,0.7327,0.006801,0.44348000000000004,0.0
107046,8,434,0.7327,0.006801,0.33848,0.0
107050,8,434,0.7327,0.006801,0.44124,0.0
105003,8,434,0.7327,0.006801,0.3966,0.0
100907,8,434,0.7327,0.006801,0.13172,0.0
106028,8,434,0.7327,0.006801,0.40844,0.0
103979,8,434,0.7327,0.006801,0.23032,0.0
105007,8,434,0.7327,0.006801,0.4606,0.0
102959,8,434,0.7327,0.006801,0.15076,0.0
108079,8,434,0.7327,0.006801,0.42272,0.0
109106,8,434,0.7327,0.006801,0.31092,0.0
106039,8,434,0.7327,0.006801,0.45920000000000005,0.0
102974,8,434,0.7327,0.006801,0.125,0.0
108096,8,434,0.7327,0.006801,0.44424,0.0
105025,8,434,0.7327,0.006801,0.4682,0.0
105027,8,434,0.7327,0.006801,0.36716000000000004,0.0
109126,8,434,0.7327,0.006801,0.32208000000000003,0.0
105034,8,434,0.7327,0.006801,0.4282,0.0
107083,8,434,0.7327,0.006801,0.49172,0.0
101964,8,434,0.7327,0.006801,0.12508,0.0
105037,8,434,0.7327,0.006801,0.46736,0.0
108106,8,434,0.7327,0.006801,0.43072,0.0
106058,8,434,0.7327,0.006801,0.3968,0.0
102994,8,434,0.7327,0.006801,0.137,0.0
106077,8,434,0.7327,0.006801,0.49244,0.0
108130,8,434,0.7327,0.006801,0.47616,0.0
106082,8,434,0.7327,0.006801,0.3806,0.0
105060,8,434,0.7327,0.006801,0.4264,0.0
105059,8,434,0.7327,0.006801,0.46540000000000004,0.0
105069,8,434,0.7327,0.006801,0.29344000000000003,0.0
109166,8,434,0.7327,0.006801,0.36472000000000004,0.0
107119,8,434,0.7327,0.006801,0.40548,0.0
108149,8,434,0.7327,0.006801,0.40584,0.0
106101,8,434,0.7327,0.006801,0.3886,0.0
107127,8,434,0.7327,0.006801,0.37744,0.0
105082,8,434,0.7327,0.006801,0.45696000000000003,0.0
107134,8,434,0.7327,0.006801,0.39764,0.0
105087,8,434,0.7327,0.006801,0.46616,0.0
107140,8,434,0.7327,0.006801,0.3874,0.0
109192,8,434,0.7327,0.006801,0.32292,0.0
107149,8,434,0.7327,0.006801,0.4454,0.0
109203,8,434,0.7327,0.006801,0.2258,0.0
106133,8,434,0.7327,0.006801,0.47188,0.0
103062,8,434,0.7327,0.006801,0.13604,0.0
107159,8,434,0.7327,0.006801,0.30868,0.0
105111,8,434,0.7327,0.006801,0.50116,0.0
107163,8,434,0.7327,0.006801,0.44576,0.0
105116,8,434,0.7327,0.006801,0.436,0.0
106140,8,434,0.7327,0.006801,0.39084,0.0
108190,8,434,0.7327,0.006801,0.47336,0.0
105120,8,434,0.7327,0.006801,0.42400000000000004,0.0
108201,8,434,0.7327,0.006801,0.50648,0.0
103082,8,434,0.7327,0.006801,0.1318,0.0
101035,8,434,0.7327,0.006801,0.12652,0.0
107180,8,434,0.7327,0.006801,0.49912,0.0
105129,8,434,0.7327,0.006801,0.34964,0.0
105134,8,434,0.7327,0.006801,0.30472,0.0
101036,8,434,0.7327,0.006801,0.12616,0.0
109234,8,434,0.7327,0.006801,0.34432,0.0
109236,8,434,0.7327,0.006801,0.28852,0.0
107189,8,434,0.7327,0.006801,0.42948000000000003,0.0
102068,8,434,0.7327,0.006801,0.1432,0.0
102071,8,434,0.7327,0.006801,0.1386,0.0
108214,8,434,0.7327,0.006801,0.504,0.0
106169,8,434,0.7327,0.006801,0.47644000000000003,0.0
103101,8,434,0.7327,0.006801,0.177,0.0
105151,8,434,0.7327,0.006801,0.42924000000000007,0.0
109256,8,434,0.7327,0.006801,0.26036000000000004,0.0
106185,8,434,0.7327,0.006801,0.36916000000000004,0.0
108232,8,434,0.7327,0.006801,0.39276,0.0
108237,8,434,0.7327,0.006801,0.37192000000000003,0.0
105166,8,434,0.7327,0.006801,0.341,0.0
101071,8,434,0.7327,0.006801,0.12568000000000001,0.0
108244,8,434,0.7327,0.006801,0.43004,0.0
103124,8,434,0.7327,0.006801,0.15612,0.0
108249,8,434,0.7327,0.006801,0.2736,0.0
107229,8,434,0.7327,0.006801,0.45248,0.0
105181,8,434,0.7327,0.006801,0.48212000000000005,0.0
109280,8,434,0.7327,0.006801,0.38848,0.0
106211,8,434,0.7327,0.006801,0.49172,0.0
104164,8,434,0.7327,0.006801,0.23656,0.0
108268,8,434,0.7327,0.006801,0.4186,0.0
106221,8,434,0.7327,0.006801,0.413,0.0
108270,8,434,0.7327,0.006801,0.40664,0.0
108271,8,434,0.7327,0.006801,0.49716000000000005,0.0
101103,8,434,0.7327,0.006801,0.12856,0.0
101105,8,434,0.7327,0.006801,0.14035999999999998,0.0
102127,8,434,0.7327,0.006801,0.16236,0.0
105200,8,434,0.7327,0.006801,0.40332,0.0
108281,8,434,0.7327,0.006801,0.4582,0.0
104191,8,434,0.7327,0.006801,0.12752,0.0
108288,8,434,0.7327,0.006801,0.41072000000000003,0.0
107268,8,434,0.7327,0.006801,0.35892,0.0
108292,8,434,0.7327,0.006801,0.49112,0.0
101125,8,434,0.7327,0.006801,0.1254,0.0
108295,8,434,0.7327,0.006801,0.37128000000000005,0.0
109322,8,434,0.7327,0.006801,0.40232,0.0
109323,8,434,0.7327,0.006801,0.43944000000000005,0.0
106257,8,434,0.7327,0.006801,0.46484000000000003,0.0
106258,8,434,0.7327,0.006801,0.45888,0.0
105238,8,434,0.7327,0.006801,0.47832,0.0
106264,8,434,0.7327,0.006801,0.44824,0.0
109337,8,434,0.7327,0.006801,0.175,0.0
106266,8,434,0.7327,0.006801,0.47572000000000003,0.0
104221,8,434,0.7327,0.006801,0.15596,0.0
107294,8,434,0.7327,0.006801,0.43084,0.0
109342,8,434,0.7327,0.006801,0.43968,0.0
109347,8,434,0.7327,0.006801,0.34384000000000003,0.0
100133,8,434,0.7327,0.006801,0.13236,0.0
107302,8,434,0.7327,0.006801,0.39684,0.0
100136,8,434,0.7327,0.006801,0.1328,0.0
109353,8,434,0.7327,0.006801,0.38016,0.0
107305,8,434,0.7327,0.006801,0.29104,0.0
106284,8,434,0.7327,0.006801,0.47588,0.0
105260,8,434,0.7327,0.006801,0.49048,0.0
109361,8,434,0.7327,0.006801,0.45868000000000003,0.0
105265,8,434,0.7327,0.006801,0.38444,0.0
103224,8,434,0.7327,0.006801,0.12888,0.0
108344,8,434,0.7327,0.006801,0.48740000000000006,0.0
105279,8,434,0.7327,0.006801,0.3966,0.0
107328,8,434,0.7327,0.006801,0.43008,0.0
109379,8,434,0.7327,0.006801,0.4602,0.0
102211,8,434,0.7327,0.006801,0.13452,0.0
105286,8,434,0.7327,0.006801,0.47000000000000003,0.0
107336,8,434,0.7327,0.006801,0.35568,0.0
105290,8,434,0.7327,0.006801,0.43472,0.0
108363,8,434,0.7327,0.006801,0.46812000000000004,0.0
100177,8,434,0.7327,0.006801,0.12584,0.0
106322,8,434,0.7327,0.006801,0.49260000000000004,0.0
105298,8,434,0.7327,0.006801,0.49444,0.0
101204,8,434,0.7327,0.006801,0.15108,0.0
107349,8,434,0.7327,0.006801,0.5126,0.0
105307,8,434,0.7327,0.006801,0.41532,0.0
106332,8,434,0.7327,0.006801,0.50524,0.0
103262,8,434,0.7327,0.006801,0.12952,0.0
107359,8,434,0.7327,0.006801,0.35872000000000004,0.0
103269,8,434,0.7327,0.006801,0.16832,0.0
105318,8,434,0.7327,0.006801,0.5076400000000001,0.0
108393,8,434,0.7327,0.006801,0.4738,0.0
109420,8,434,0.7327,0.006801,0.31923999999999997,0.0
109422,8,434,0.7327,0.006801,0.34908000000000006,0.0
109425,8,434,0.7327,0.006801,0.46252000000000004,0.0
105332,8,434,0.7327,0.006801,0.40748,0.0
108406,8,434,0.7327,0.006801,0.45876000000000006,0.0
107383,8,434,0.7327,0.006801,0.34824,0.0
107386,8,434,0.7327,0.006801,0.50328,0.0
109435,8,434,0.7327,0.006801,0.38832,0.0
109438,8,434,0.7327,0.006801,0.43728,0.0
109446,8,434,0.7327,0.006801,0.48852000000000007,0.0
100232,8,434,0.7327,0.006801,0.13096,0.0
106378,8,434,0.7327,0.006801,0.46276000000000006,0.0
107404,8,434,0.7327,0.006801,0.49672000000000005,0.0
106382,8,434,0.7327,0.006801,0.48392,0.0
105360,8,434,0.7327,0.006801,0.48016000000000003,0.0
106387,8,434,0.7327,0.006801,0.49388000000000004,0.0
107414,8,434,0.7327,0.006801,0.38136000000000003,0.0
101271,8,434,0.7327,0.006801,0.12532,0.0
109466,8,434,0.7327,0.006801,0.28744000000000003,0.0
109467,8,434,0.7327,0.006801,0.4188,0.0
104346,8,434,0.7327,0.006801,0.15688,0.0
109469,8,434,0.7327,0.006801,0.2902,0.0
109473,8,434,0.7327,0.006801,0.38168,0.0
106405,8,434,0.7327,0.006801,0.386,0.0
104360,8,434,0.7327,0.006801,0.14344,0.0
109481,8,434,0.7327,0.006801,0.37460000000000004,0.0
102320,8,434,0.7327,0.006801,0.1358,0.0
105394,8,434,0.7327,0.006801,0.47224,0.0
102323,8,434,0.7327,0.006801,0.12608,0.0
105396,8,434,0.7327,0.006801,0.49340000000000006,0.0
108466,8,434,0.7327,0.006801,0.43512,0.0
104378,8,434,0.7327,0.006801,0.13212,0.0
106427,8,434,0.7327,0.006801,0.49872000000000005,0.0
106434,8,434,0.7327,0.006801,0.46876000000000007,0.0
107460,8,434,0.7327,0.006801,0.44088,0.0
106436,8,434,0.7327,0.006801,0.39528,0.0
109510,8,434,0.7327,0.006801,0.46036000000000005,0.0
101322,8,434,0.7327,0.006801,0.13416,0.0
107467,8,434,0.7327,0.006801,0.47932,0.0
109517,8,434,0.7327,0.006801,0.1828,0.0
101325,8,434,0.7327,0.006801,0.2098,0.0
105424,8,434,0.7327,0.006801,0.41424,0.0
105425,8,434,0.7327,0.006801,0.43368000000000007,0.0
107479,8,434,0.7327,0.006801,0.44460000000000005,0.0
103389,8,434,0.7327,0.006801,0.21012,0.0
106462,8,434,0.7327,0.006801,0.49628000000000005,0.0
108509,8,434,0.7327,0.006801,0.29276,0.0
107491,8,434,0.7327,0.006801,0.43088000000000004,0.0
106471,8,434,0.7327,0.006801,0.34204,0.0
109544,8,434,0.7327,0.006801,0.29648,0.0
107497,8,434,0.7327,0.006801,0.35344000000000003,0.0
107496,8,434,0.7327,0.006801,0.45532,0.0
106478,8,434,0.7327,0.006801,0.44708000000000003,0.0
107502,8,434,0.7327,0.006801,0.42804000000000003,0.0
102386,8,434,0.7327,0.006801,0.1334,0.0
104436,8,434,0.7327,0.006801,0.1532,0.0
101365,8,434,0.7327,0.006801,0.14384,0.0
106487,8,434,0.7327,0.006801,0.41956000000000004,0.0
105465,8,434,0.7327,0.006801,0.49052,0.0
109562,8,434,0.7327,0.006801,0.38352,0.0
100351,8,434,0.7327,0.006801,0.13828000000000001,0.0
109571,9,179,0.6648,0.014123,0.41524,0.0
104451,9,179,0.6648,0.014123,0.19884000000000002,0.0
109573,9,179,0.6648,0.014123,0.23476,0.0
103430,9,179,0.6648,0.014123,0.13896,0.0
102407,9,179,0.6648,0.014123,0.125,0.0
109576,9,179,0.6648,0.014123,0.35432,0.0
108564,9,179,0.6648,0.014123,0.36512,0.0
102421,9,179,0.6648,0.014123,0.14444,0.0
106006,9,179,0.6648,0.014123,0.47652000000000005,0.0
104988,9,179,0.6648,0.014123,0.14124,0.0
105501,9,179,0.6648,0.014123,0.44244,0.0
102942,9,179,0.6648,0.014123,0.13068,0.0
109601,9,179,0.6648,0.014123,0.24364,0.0
108066,9,179,0.6648,0.014123,0.45416,0.0
105506,9,179,0.6648,0.014123,0.2956,0.0
106018,9,179,0.6648,0.014123,0.50716,0.0
109613,9,179,0.6648,0.014123,0.41204,0.0
106541,9,179,0.6648,0.014123,0.33887999999999996,0.0
103997,9,179,0.6648,0.014123,0.13172,0.0
106563,9,179,0.6648,0.014123,0.4596,0.0
102984,9,179,0.6648,0.014123,0.13008,0.0
102475,9,179,0.6648,0.014123,0.14068,0.0
106572,9,179,0.6648,0.014123,0.45880000000000004,0.0
103502,9,179,0.6648,0.014123,0.19419999999999998,0.0
108112,9,179,0.6648,0.014123,0.432,0.0
109138,9,179,0.6648,0.014123,0.34764,0.0
104018,9,179,0.6648,0.014123,0.19452000000000003,0.0
106581,9,179,0.6648,0.014123,0.46872,0.0
105560,9,179,0.6648,0.014123,0.5085200000000001,0.0
102392,9,179,0.6648,0.014123,0.1508,0.0
109658,9,179,0.6648,0.014123,0.29512000000000005,0.0
109150,9,179,0.6648,0.014123,0.38696,0.0
106083,9,179,0.6648,0.014123,0.49856,0.0
107111,9,179,0.6648,0.014123,0.33132000000000006,0.0
106599,9,179,0.6648,0.014123,0.39192,0.0
109160,9,179,0.6648,0.014123,0.37724,0.0
105579,9,179,0.6648,0.014123,0.49984000000000006,0.0
101484,9,179,0.6648,0.014123,0.13268,0.0
106093,9,179,0.6648,0.014123,0.49860000000000004,0.0
101998,9,179,0.6648,0.014123,0.1742,0.0
105071,9,179,0.6648,0.014123,0.33204,0.0
108662,9,179,0.6648,0.014123,0.18824000000000002,0.0
100470,9,179,0.6648,0.014123,0.14796,0.0
107641,9,179,0.6648,0.014123,0.45104000000000005,0.0
105599,9,179,0.6648,0.014123,0.44488,0.0
105089,9,179,0.6648,0.014123,0.49992000000000003,0.0
109698,9,179,0.6648,0.014123,0.4334,0.0
109701,9,179,0.6648,0.014123,0.46076000000000006,0.0
106632,9,179,0.6648,0.014123,0.40872,0.0
105611,9,179,0.6648,0.014123,0.4056,0.0
106636,9,179,0.6648,0.014123,0.28096,0.0
102542,9,179,0.6648,0.014123,0.15004,0.0
107662,9,179,0.6648,0.014123,0.44308000000000003,0.0
106132,9,179,0.6648,0.014123,0.44724,0.0
109206,9,179,0.6648,0.014123,0.26292000000000004,0.0
105114,9,179,0.6648,0.014123,0.42852,0.0
107164,9,179,0.6648,0.014123,0.4698,0.0
104606,9,179,0.6648,0.014123,0.2156,0.0
105122,9,179,0.6648,0.014123,0.51816,0.0
109732,9,179,0.6648,0.014123,0.34008,0.0
103077,9,179,0.6648,0.014123,0.1274,0.0
102567,9,179,0.6648,0.014123,0.12612,0.0
105131,9,179,0.6648,0.014123,0.46204,0.0
109745,9,179,0.6648,0.014123,0.45208000000000004,0.0
106165,9,179,0.6648,0.014123,0.48824,0.0
101559,9,179,0.6648,0.014123,0.12504,0.0
101048,9,179,0.6648,0.014123,0.1254,0.0
109243,9,179,0.6648,0.014123,0.3934,0.0
102592,9,179,0.6648,0.014123,0.24012,0.0
109253,9,179,0.6648,0.014123,0.35572000000000004,0.0
108743,9,179,0.6648,0.014123,0.36819999999999997,0.0
109268,9,179,0.6648,0.014123,0.35019999999999996,0.0
109781,9,179,0.6648,0.014123,0.34568,0.0
105687,9,179,0.6648,0.014123,0.4518,0.0
107223,9,179,0.6648,0.014123,0.3888,0.0
103641,9,179,0.6648,0.014123,0.14392,0.0
108251,9,179,0.6648,0.014123,0.4036,0.0
108770,9,179,0.6648,0.014123,0.31536,0.0
106723,9,179,0.6648,0.014123,0.43088000000000004,0.0
108260,9,179,0.6648,0.014123,0.48372000000000004,0.0
109282,9,179,0.6648,0.014123,0.2912,0.0
109286,9,179,0.6648,0.014123,0.39984000000000003,0.0
109287,9,179,0.6648,0.014123,0.45268,0.0
102635,9,179,0.6648,0.014123,0.139,0.0
108785,9,179,0.6648,0.014123,0.37724,0.0
105714,9,179,0.6648,0.014123,0.50316,0.0
105717,9,179,0.6648,0.014123,0.5076,0.0
109303,9,179,0.6648,0.014123,0.33820000000000006,0.0
103672,9,179,0.6648,0.014123,0.13572,0.0
100088,9,179,0.6648,0.014123,0.12504,0.0
106234,9,179,0.6648,0.014123,0.40816,0.0
106236,9,179,0.6648,0.014123,0.45864,0.0
100608,9,179,0.6648,0.014123,0.12752,0.0
107265,9,179,0.6648,0.014123,0.40044,0.0
104193,9,179,0.6648,0.014123,0.13828000000000001,0.0
108289,9,179,0.6648,0.014123,0.372,0.0
103685,9,179,0.6648,0.014123,0.13808,0.0
107782,9,179,0.6648,0.014123,0.44548000000000004,0.0
105224,9,179,0.6648,0.014123,0.40872,0.0
109838,9,179,0.6648,0.014123,0.43112,0.0
102672,9,179,0.6648,0.014123,0.15016000000000002,0.0
101138,9,179,0.6648,0.014123,0.20016,0.0
109844,9,179,0.6648,0.014123,0.27548,0.0
101142,9,179,0.6648,0.014123,0.15204,0.0
101655,9,179,0.6648,0.014123,0.12556,0.0
103704,9,179,0.6648,0.014123,0.12812,0.0
108313,9,179,0.6648,0.014123,0.40499999999999997,0.0
103713,9,179,0.6648,0.014123,0.12864,0.0
107298,9,179,0.6648,0.014123,0.49856,0.0
104739,9,179,0.6648,0.014123,0.14976,0.0
105772,9,179,0.6648,0.014123,0.44032000000000004,0.0
103216,9,179,0.6648,0.014123,0.19492,0.0
104753,9,179,0.6648,0.014123,0.15564,0.0
106800,9,179,0.6648,0.014123,0.4074,0.0
109877,9,179,0.6648,0.014123,0.41128000000000003,0.0
109366,9,179,0.6648,0.014123,0.40656,0.0
101687,9,179,0.6648,0.014123,0.12576,0.0
108857,9,179,0.6648,0.014123,0.26748000000000005,0.0
101180,9,179,0.6648,0.014123,0.15544,0.0
103229,9,179,0.6648,0.014123,0.1382,0.0
105790,9,179,0.6648,0.014123,0.32568,0.0
106306,9,179,0.6648,0.014123,0.36472000000000004,0.0
106308,9,179,0.6648,0.014123,0.39312,0.0
100678,9,179,0.6648,0.014123,0.21032,0.0
101191,9,179,0.6648,0.014123,0.1264,0.0
106331,9,179,0.6648,0.014123,0.51372,0.0
106843,9,179,0.6648,0.014123,0.46336,0.0
109921,9,179,0.6648,0.014123,0.31884,0.0
103266,9,179,0.6648,0.014123,0.1756,0.0
108899,9,179,0.6648,0.014123,0.31852,0.0
108389,9,179,0.6648,0.014123,0.4504,0.0
105833,9,179,0.6648,0.014123,0.47120000000000006,0.0
105327,9,179,0.6648,0.014123,0.43052,0.0
100207,9,179,0.6648,0.014123,0.1262,0.0
108914,9,179,0.6648,0.014123,0.46656000000000003,0.0
101746,9,179,0.6648,0.014123,0.12912,0.0
109426,9,179,0.6648,0.014123,0.43496,0.0
108924,9,179,0.6648,0.014123,0.24644,0.0
104316,9,179,0.6648,0.014123,0.18424000000000001,0.0
103807,9,179,0.6648,0.014123,0.12724,0.0
105862,9,179,0.6648,0.014123,0.35224,0.0
103303,9,179,0.6648,0.014123,0.15116000000000002,0.0
107403,9,179,0.6648,0.014123,0.39564,0.0
108940,9,179,0.6648,0.014123,0.43096,0.0
109455,9,179,0.6648,0.014123,0.34048,0.0
109464,9,179,0.6648,0.014123,0.26164,0.0
109977,9,179,0.6648,0.014123,0.42688000000000004,0.0
108963,9,179,0.6648,0.014123,0.41444000000000003,0.0
108965,9,179,0.6648,0.014123,0.32848,0.0
105383,9,179,0.6648,0.014123,0.36992,0.0
106407,9,179,0.6648,0.014123,0.48996,0.0
109992,9,179,0.6648,0.014123,0.46428,0.0
109486,9,179,0.6648,0.014123,0.2928,0.0
108464,9,179,0.6648,0.014123,0.41048,0.0
107952,9,179,0.6648,0.014123,0.43728,0.0
108470,9,179,0.6648,0.014123,0.35375999999999996,0.0
106423,9,179,0.6648,0.014123,0.51756,0.0
100279,9,179,0.6648,0.014123,0.19004,0.0
107963,9,179,0.6648,0.014123,0.39980000000000004,0.0
105412,9,179,0.6648,0.014123,0.39092,0.0
107972,9,179,0.6648,0.014123,0.41392,0.0
106438,9,179,0.6648,0.014123,0.37208,0.0
102343,9,179,0.6648,0.014123,0.22396,0.0
107977,9,179,0.6648,0.014123,0.48144000000000003,0.0
107981,9,179,0.6648,0.014123,0.38988,0.0
102350,9,179,0.6648,0.014123,0.12536,0.0
108498,9,179,0.6648,0.014123,0.48468,0.0
100822,9,179,0.6648,0.014123,0.2084,0.0
105943,9,179,0.6648,0.014123,0.37904,0.0
103387,9,179,0.6648,0.014123,0.12788,0.0
102370,9,179,0.6648,0.014123,0.14116,0.0
100838,9,179,0.6648,0.014123,0.13296,0.0
104934,9,179,0.6648,0.014123,0.14372000000000001,0.0
106989,9,179,0.6648,0.014123,0.33204,0.0
105456,9,179,0.6648,0.014123,0.37852,0.0
102385,9,179,0.6648,0.014123,0.1946,0.0
108534,9,179,0.6648,0.014123,0.32504,0.0
100342,9,179,0.6648,0.014123,0.12592,0.0
103928,9,179,0.6648,0.014123,0.15776,0.0
104448,10,525,0.6914,0.005881,0.13352,0.0
100359,10,525,0.6914,0.005881,0.13928000000000001,0.0
108556,10,525,0.6914,0.005881,0.24380000000000002,0.0
104461,10,525,0.6914,0.005881,0.17964,0.0
106511,10,525,0.6914,0.005881,0.48064,0.0
106529,10,525,0.6914,0.005881,0.31228,0.0
102435,10,525,0.6914,0.005881,0.1894,0.0
100397,10,525,0.6914,0.005881,0.12536,0.0
104495,10,525,0.6914,0.005881,0.1276,0.0
108593,10,525,0.6914,0.005881,0.30972,0.0
104508,10,525,0.6914,0.005881,0.13724,0.0
100414,10,525,0.6914,0.005881,0.14496,0.0
108606,10,525,0.6914,0.005881,0.44284,0.0
106562,10,525,0.6914,0.005881,0.43564,0.0
106564,10,525,0.6914,0.005881,0.4602,0.0
102482,10,525,0.6914,0.005881,0.14312,0.0
108637,10,525,0.6914,0.005881,0.29756000000000005,0.0
106591,10,525,0.6914,0.005881,0.461,0.0
100448,10,525,0.6914,0.005881,0.12504,0.0
102505,10,525,0.6914,0.005881,0.13512,0.0
102509,10,525,0.6914,0.005881,0.12776,0.0
108657,10,525,0.6914,0.005881,0.36232000000000003,0.0
102514,10,525,0.6914,0.005881,0.22984,0.0
106615,10,525,0.6914,0.005881,0.44868,0.0
106621,10,525,0.6914,0.005881,0.49996,0.0
100479,10,525,0.6914,0.005881,0.12564,0.0
106628,10,525,0.6914,0.005881,0.44208000000000003,0.0
106631,10,525,0.6914,0.005881,0.41224,0.0
100495,10,525,0.6914,0.005881,0.13388,0.0
108689,10,525,0.6914,0.005881,0.3578,0.0
106642,10,525,0.6914,0.005881,0.32292,0.0
108695,10,525,0.6914,0.005881,0.29708,0.0
102563,10,525,0.6914,0.005881,0.20468,0.0
102564,10,525,0.6914,0.005881,0.18608,0.0
104625,10,525,0.6914,0.005881,0.16388,0.0
106675,10,525,0.6914,0.005881,0.49952,0.0
102581,10,525,0.6914,0.005881,0.125,0.0
102584,10,525,0.6914,0.005881,0.13224,0.0
102586,10,525,0.6914,0.005881,0.14144,0.0
106688,10,525,0.6914,0.005881,0.43868,0.0
102601,10,525,0.6914,0.005881,0.1446,0.0
104651,10,525,0.6914,0.005881,0.2524,0.0
100557,10,525,0.6914,0.005881,0.1262,0.0
106705,10,525,0.6914,0.005881,0.39676,0.0
106706,10,525,0.6914,0.005881,0.48572000000000004,0.0
108753,10,525,0.6914,0.005881,0.33836,0.0
108756,10,525,0.6914,0.005881,0.31820000000000004,0.0
100565,10,525,0.6914,0.005881,0.12924,0.0
106711,10,525,0.6914,0.005881,0.47536,0.0
108760,10,525,0.6914,0.005881,0.3136,0.0
106719,10,525,0.6914,0.005881,0.45364000000000004,0.0
108774,10,525,0.6914,0.005881,0.19,0.0
108780,10,525,0.6914,0.005881,0.49016000000000004,0.0
106733,10,525,0.6914,0.005881,0.46352000000000004,0.0
108789,10,525,0.6914,0.005881,0.44924000000000003,0.0
108791,10,525,0.6914,0.005881,0.2822,0.0
108794,10,525,0.6914,0.005881,0.25264,0.0
102653,10,525,0.6914,0.005881,0.13088,0.0
102654,10,525,0.6914,0.005881,0.17836,0.0
106749,10,525,0.6914,0.005881,0.44700000000000006,0.0
108798,10,525,0.6914,0.005881,0.39928,0.0
106753,10,525,0.6914,0.005881,0.2888,0.0
100618,10,525,0.6914,0.005881,0.12652,0.0
100623,10,525,0.6914,0.005881,0.18304,0.0
102675,10,525,0.6914,0.005881,0.13308,0.0
108819,10,525,0.6914,0.005881,0.35348,0.0
108825,10,525,0.6914,0.005881,0.359,0.0
104732,10,525,0.6914,0.005881,0.12908,0.0
100640,10,525,0.6914,0.005881,0.12732,0.0
100646,10,525,0.6914,0.005881,0.1264,0.0
100647,10,525,0.6914,0.005881,0.19432,0.0
106790,10,525,0.6914,0.005881,0.36788,0.0
104747,10,525,0.6914,0.005881,0.14076,0.0
108844,10,525,0.6914,0.005881,0.34364,0.0
108848,10,525,0.6914,0.005881,0.4526,0.0
100657,10,525,0.6914,0.005881,0.13672,0.0
108850,10,525,0.6914,0.005881,0.25712,0.0
108852,10,525,0.6914,0.005881,0.2932,0.0
104758,10,525,0.6914,0.005881,0.14892,0.0
106808,10,525,0.6914,0.005881,0.33668,0.0
106812,10,525,0.6914,0.005881,0.38044,0.0
100686,10,525,0.6914,0.005881,0.1258,0.0
104784,10,525,0.6914,0.005881,0.13636,0.0
106837,10,525,0.6914,0.005881,0.49276000000000003,0.0
108886,10,525,0.6914,0.005881,0.30036,0.0
106845,10,525,0.6914,0.005881,0.30308,0.0
102750,10,525,0.6914,0.005881,0.13768,0.0
104816,10,525,0.6914,0.005881,0.13212,0.0
102769,10,525,0.6914,0.005881,0.13836,0.0
104817,10,525,0.6914,0.005881,0.125,0.0
106890,10,525,0.6914,0.005881,0.28756000000000004,0.0
106898,10,525,0.6914,0.005881,0.30968,0.0
108948,10,525,0.6914,0.005881,0.21764,0.0
104864,10,525,0.6914,0.005881,0.21936,0.0
106919,10,525,0.6914,0.005881,0.361,0.0
108975,10,525,0.6914,0.005881,0.38596,0.0
106942,10,525,0.6914,0.005881,0.43068,0.0
100802,10,525,0.6914,0.005881,0.12576,0.0
106947,10,525,0.6914,0.005881,0.41932,0.0
100808,10,525,0.6914,0.005881,0.14924,0.0
106956,10,525,0.6914,0.005881,0.3868,0.0
106959,10,525,0.6914,0.005881,0.48056000000000004,0.0
104917,10,525,0.6914,0.005881,0.12592,0.0
106970,10,525,0.6914,0.005881,0.46136,0.0
106979,10,525,0.6914,0.005881,0.47852000000000006,0.0
109031,10,525,0.6914,0.005881,0.32104,0.0
100840,10,525,0.6914,0.005881,0.19304,0.0
109038,10,525,0.6914,0.005881,0.35336,0.0
102894,10,525,0.6914,0.005881,0.18132,0.0
104946,10,525,0.6914,0.005881,0.12516,0.0
102900,10,525,0.6914,0.005881,0.15044000000000002,0.0
106997,10,525,0.6914,0.005881,0.43776000000000004,0.0
104954,10,525,0.6914,0.005881,0.125,0.0
107009,10,525,0.6914,0.005881,0.37732000000000004,0.0
107016,10,525,0.6914,0.005881,0.43260000000000004,0.0
107018,10,525,0.6914,0.005881,0.34468,0.0
104981,10,525,0.6914,0.005881,0.18656,0.0
102943,10,525,0.6914,0.005881,0.12708,0.0
104991,10,525,0.6914,0.005881,0.12588,0.0
109101,10,525,0.6914,0.005881,0.4476,0.0
100910,10,525,0.6914,0.005881,0.13396,0.0
107056,10,525,0.6914,0.005881,0.28024000000000004,0.0
109109,10,525,0.6914,0.005881,0.4034,0.0
109110,10,525,0.6914,0.005881,0.39672,0.0
105021,10,525,0.6914,0.005881,0.32388,0.0
105023,10,525,0.6914,0.005881,0.51244,0.0
102980,10,525,0.6914,0.005881,0.14404,0.0
109128,10,525,0.6914,0.005881,0.34940000000000004,0.0
105033,10,525,0.6914,0.005881,0.5198,0.0
105036,10,525,0.6914,0.005881,0.37204000000000004,0.0
109137,10,525,0.6914,0.005881,0.30476000000000003,0.0
100946,10,525,0.6914,0.005881,0.15816,0.0
102993,10,525,0.6914,0.005881,0.12516,0.0
107091,10,525,0.6914,0.005881,0.3366,0.0
109141,10,525,0.6914,0.005881,0.38876,0.0
105046,10,525,0.6914,0.005881,0.4166,0.0
100953,10,525,0.6914,0.005881,0.16696,0.0
103004,10,525,0.6914,0.005881,0.15928,0.0
107101,10,525,0.6914,0.005881,0.46816,0.0
107104,10,525,0.6914,0.005881,0.47948,0.0
105058,10,525,0.6914,0.005881,0.41508,0.0
107108,10,525,0.6914,0.005881,0.4676,0.0
109161,10,525,0.6914,0.005881,0.47972000000000004,0.0
105070,10,525,0.6914,0.005881,0.35868,0.0
103028,10,525,0.6914,0.005881,0.13312,0.0
109181,10,525,0.6914,0.005881,0.43904000000000004,0.0
109184,10,525,0.6914,0.005881,0.3864,0.0
107138,10,525,0.6914,0.005881,0.43988000000000005,0.0
105105,10,525,0.6914,0.005881,0.48676,0.0
107157,10,525,0.6914,0.005881,0.30328,0.0
101013,10,525,0.6914,0.005881,0.2032,0.0
101016,10,525,0.6914,0.005881,0.133,0.0
107166,10,525,0.6914,0.005881,0.45552000000000004,0.0
107169,10,525,0.6914,0.005881,0.372,0.0
103078,10,525,0.6914,0.005881,0.14684,0.0
101031,10,525,0.6914,0.005881,0.14348,0.0
109228,10,525,0.6914,0.005881,0.43172000000000005,0.0
109229,10,525,0.6914,0.005881,0.32344,0.0
107182,10,525,0.6914,0.005881,0.52032,0.0
103092,10,525,0.6914,0.005881,0.196,0.0
103093,10,525,0.6914,0.005881,0.15092,0.0
109239,10,525,0.6914,0.005881,0.27952,0.0
105144,10,525,0.6914,0.005881,0.48888,0.0
109241,10,525,0.6914,0.005881,0.35084000000000004,0.0
107191,10,525,0.6914,0.005881,0.51464,0.0
103103,10,525,0.6914,0.005881,0.12516,0.0
107203,10,525,0.6914,0.005881,0.43500000000000005,0.0
101060,10,525,0.6914,0.005881,0.13888,0.0
105156,10,525,0.6914,0.005881,0.45920000000000005,0.0
109255,10,525,0.6914,0.005881,0.33428,0.0
105160,10,525,0.6914,0.005881,0.24264,0.0
109257,10,525,0.6914,0.005881,0.29288000000000003,0.0
105162,10,525,0.6914,0.005881,0.478,0.0
107212,10,525,0.6914,0.005881,0.50996,0.0
101069,10,525,0.6914,0.005881,0.1268,0.0
105164,10,525,0.6914,0.005881,0.48376,0.0
103123,10,525,0.6914,0.005881,0.12508,0.0
103126,10,525,0.6914,0.005881,0.19164,0.0
109270,10,525,0.6914,0.005881,0.34348,0.0
103128,10,525,0.6914,0.005881,0.1768,0.0
105177,10,525,0.6914,0.005881,0.47716000000000003,0.0
103129,10,525,0.6914,0.005881,0.14188,0.0
107236,10,525,0.6914,0.005881,0.40384000000000003,0.0
105189,10,525,0.6914,0.005881,0.43144000000000005,0.0
103143,10,525,0.6914,0.005881,0.12544,0.0
105191,10,525,0.6914,0.005881,0.35087999999999997,0.0
109301,10,525,0.6914,0.005881,0.40584,0.0
107262,10,525,0.6914,0.005881,0.42708,0.0
101128,10,525,0.6914,0.005881,0.13076,0.0
105226,10,525,0.6914,0.005881,0.48236,0.0
105230,10,525,0.6914,0.005881,0.42728000000000005,0.0
105233,10,525,0.6914,0.005881,0.37828,0.0
107283,10,525,0.6914,0.005881,0.5207200000000001,0.0
109332,10,525,0.6914,0.005881,0.2066,0.0
105239,10,525,0.6914,0.005881,0.30472,0.0
101145,10,525,0.6914,0.005881,0.1254,0.0
105244,10,525,0.6914,0.005881,0.36352000000000007,0.0
103200,10,525,0.6914,0.005881,0.1864,0.0
109346,10,525,0.6914,0.005881,0.3556,0.0
103211,10,525,0.6914,0.005881,0.15116000000000002,0.0
101163,10,525,0.6914,0.005881,0.18116,0.0
109358,10,525,0.6914,0.005881,0.4062,0.0
105262,10,525,0.6914,0.005881,0.34468,0.0
101175,10,525,0.6914,0.005881,0.13076,0.0
103226,10,525,0.6914,0.005881,0.27056,0.0
105282,10,525,0.6914,0.005881,0.48344000000000004,0.0
107338,10,525,0.6914,0.005881,0.3408,0.0
107343,10,525,0.6914,0.005881,0.46676000000000006,0.0
103251,10,525,0.6914,0.005881,0.13528,0.0
109399,10,525,0.6914,0.005881,0.23027999999999998,0.0
101220,10,525,0.6914,0.005881,0.13296,0.0
107369,10,525,0.6914,0.005881,0.45604,0.0
107381,10,525,0.6914,0.005881,0.48052000000000006,0.0
107382,10,525,0.6914,0.005881,0.49176000000000003,0.0
107387,10,525,0.6914,0.005881,0.37168,0.0
101243,10,525,0.6914,0.005881,0.13844,0.0
105346,10,525,0.6914,0.005881,0.48468,0.0
103302,10,525,0.6914,0.005881,0.143,0.0
105354,10,525,0.6914,0.005881,0.48356,0.0
105359,10,525,0.6914,0.005881,0.38104,0.0
105363,10,525,0.6914,0.005881,0.458,0.0
109461,10,525,0.6914,0.005881,0.354,0.0
109462,10,525,0.6914,0.005881,0.3274,0.0
107418,10,525,0.6914,0.005881,0.45720000000000005,0.0
107421,10,525,0.6914,0.005881,0.3772,0.0
105378,10,525,0.6914,0.005881,0.42876000000000003,0.0
103331,10,525,0.6914,0.005881,0.12988,0.0
107432,10,525,0.6914,0.005881,0.50996,0.0
107439,10,525,0.6914,0.005881,0.4396,0.0
105391,10,525,0.6914,0.005881,0.3714,0.0
107440,10,525,0.6914,0.005881,0.39512,0.0
105395,10,525,0.6914,0.005881,0.46552,0.0
109499,10,525,0.6914,0.005881,0.3278,0.0
103356,10,525,0.6914,0.005881,0.13824,0.0
101312,10,525,0.6914,0.005881,0.1776,0.0
103369,10,525,0.6914,0.005881,0.20416,0.0
107466,10,525,0.6914,0.005881,0.49944000000000005,0.0
103377,10,525,0.6914,0.005881,0.15604,0.0
103379,10,525,0.6914,0.005881,0.13804,0.0
109526,10,525,0.6914,0.005881,0.27456,0.0
101336,10,525,0.6914,0.005881,0.1982,0.0
103386,10,525,0.6914,0.005881,0.12632,0.0
109536,10,525,0.6914,0.005881,0.343,0.0
105444,10,525,0.6914,0.005881,0.38644,0.0
105446,10,525,0.6914,0.005881,0.33332000000000006,0.0
101352,10,525,0.6914,0.005881,0.12928,0.0
105450,10,525,0.6914,0.005881,0.32467999999999997,0.0
109547,10,525,0.6914,0.005881,0.33476,0.0
105455,10,525,0.6914,0.005881,0.33832,0.0
105458,10,525,0.6914,0.005881,0.34196000000000004,0.0
105459,10,525,0.6914,0.005881,0.36912,0.0
103414,10,525,0.6914,0.005881,0.15204,0.0
105464,10,525,0.6914,0.005881,0.32572,0.0
107512,10,525,0.6914,0.005881,0.35876,0.0
101386,10,525,0.6914,0.005881,0.16984,0.0
103434,10,525,0.6914,0.005881,0.12504,0.0
105484,10,525,0.6914,0.005881,0.43744000000000005,0.0
103441,10,525,0.6914,0.005881,0.17968,0.0
109590,10,525,0.6914,0.005881,0.39752000000000004,0.0
101398,10,525,0.6914,0.005881,0.12636,0.0
107551,10,525,0.6914,0.005881,0.48896000000000006,0.0
103455,10,525,0.6914,0.005881,0.13932,0.0
107559,10,525,0.6914,0.005881,0.39496000000000003,0.0
109611,10,525,0.6914,0.005881,0.34316,0.0
109614,10,525,0.6914,0.005881,0.33740000000000003,0.0
101423,10,525,0.6914,0.005881,0.14204,0.0
109616,10,525,0.6914,0.005881,0.28204,0.0
105521,10,525,0.6914,0.005881,0.49156,0.0
107570,10,525,0.6914,0.005881,0.39592,0.0
103474,10,525,0.6914,0.005881,0.12596,0.0
101428,10,525,0.6914,0.005881,0.132,0.0
105524,10,525,0.6914,0.005881,0.42068,0.0
109625,10,525,0.6914,0.005881,0.45268,0.0
105535,10,525,0.6914,0.005881,0.44508000000000003,0.0
109641,10,525,0.6914,0.005881,0.30536,0.0
105552,10,525,0.6914,0.005881,0.48044,0.0
107609,10,525,0.6914,0.005881,0.38532000000000005,0.0
103514,10,525,0.6914,0.005881,0.12644,0.0
107610,10,525,0.6914,0.005881,0.48312,0.0
103517,10,525,0.6914,0.005881,0.1286,0.0
101471,10,525,0.6914,0.005881,0.14896,0.0
107616,10,525,0.6914,0.005881,0.40176,0.0
107617,10,525,0.6914,0.005881,0.44904000000000005,0.0
103523,10,525,0.6914,0.005881,0.19372,0.0
109668,10,525,0.6914,0.005881,0.30047999999999997,0.0
105573,10,525,0.6914,0.005881,0.41636,0.0
107624,10,525,0.6914,0.005881,0.42308,0.0
105577,10,525,0.6914,0.005881,0.51464,0.0
107638,10,525,0.6914,0.005881,0.36304000000000003,0.0
107639,10,525,0.6914,0.005881,0.30596,0.0
107644,10,525,0.6914,0.005881,0.41124,0.0
107652,10,525,0.6914,0.005881,0.48692,0.0
107653,10,525,0.6914,0.005881,0.33840000000000003,0.0
107659,10,525,0.6914,0.005881,0.33456,0.0
105613,10,525,0.6914,0.005881,0.44448,0.0
101520,10,525,0.6914,0.005881,0.12568000000000001,0.0
107668,10,525,0.6914,0.005881,0.39816,0.0
105624,10,525,0.6914,0.005881,0.38420000000000004,0.0
103577,10,525,0.6914,0.005881,0.2178,0.0
107676,10,525,0.6914,0.005881,0.30064,0.0
107677,10,525,0.6914,0.005881,0.47888000000000003,0.0
103585,10,525,0.6914,0.005881,0.16984,0.0
105635,10,525,0.6914,0.005881,0.4806,0.0
109743,10,525,0.6914,0.005881,0.45756,0.0
109744,10,525,0.6914,0.005881,0.39604,0.0
105649,10,525,0.6914,0.005881,0.43716,0.0
105652,10,525,0.6914,0.005881,0.45816,0.0
107702,10,525,0.6914,0.005881,0.31444000000000005,0.0
109753,10,525,0.6914,0.005881,0.29792,0.0
101562,10,525,0.6914,0.005881,0.16308,0.0
103610,10,525,0.6914,0.005881,0.20524,0.0
109759,10,525,0.6914,0.005881,0.25764,0.0
109762,10,525,0.6914,0.005881,0.3194,0.0
105666,10,525,0.6914,0.005881,0.47376,0.0
105668,10,525,0.6914,0.005881,0.39256,0.0
103621,10,525,0.6914,0.005881,0.12668,0.0
107720,10,525,0.6914,0.005881,0.43728,0.0
109769,10,525,0.6914,0.005881,0.35472000000000004,0.0
107736,10,525,0.6914,0.005881,0.3766,0.0
109798,10,525,0.6914,0.005881,0.34700000000000003,0.0
107756,10,525,0.6914,0.005881,0.36888,0.0
105712,10,525,0.6914,0.005881,0.33016,0.0
105713,10,525,0.6914,0.005881,0.21864,0.0
105716,10,525,0.6914,0.005881,0.19496000000000002,0.0
105719,10,525,0.6914,0.005881,0.43264,0.0
101627,10,525,0.6914,0.005881,0.125,0.0
103676,10,525,0.6914,0.005881,0.16768,0.0
105727,10,525,0.6914,0.005881,0.44732,0.0
109828,10,525,0.6914,0.005881,0.30804,0.0
103684,10,525,0.6914,0.005881,0.12996,0.0
105736,10,525,0.6914,0.005881,0.33712,0.0
107788,10,525,0.6914,0.005881,0.35956,0.0
109836,10,525,0.6914,0.005881,0.25088,0.0
107790,10,525,0.6914,0.005881,0.46236000000000005,0.0
101648,10,525,0.6914,0.005881,0.15468,0.0
103700,10,525,0.6914,0.005881,0.13164,0.0
109845,10,525,0.6914,0.005881,0.3218,0.0
105753,10,525,0.6914,0.005881,0.44724,0.0
109850,10,525,0.6914,0.005881,0.35224,0.0
107804,10,525,0.6914,0.005881,0.37048000000000003,0.0
109855,10,525,0.6914,0.005881,0.34948,0.0
107807,10,525,0.6914,0.005881,0.45596000000000003,0.0
109861,10,525,0.6914,0.005881,0.27316,0.0
101678,10,525,0.6914,0.005881,0.25632,0.0
105774,10,525,0.6914,0.005881,0.43808,0.0
107829,10,525,0.6914,0.005881,0.48992,0.0
107843,10,525,0.6914,0.005881,0.40344,0.0
105799,10,525,0.6914,0.005881,0.5045999999999999,0.0
107850,10,525,0.6914,0.005881,0.46628000000000003,0.0
105803,10,525,0.6914,0.005881,0.33052000000000004,0.0
105805,10,525,0.6914,0.005881,0.42868,0.0
103759,10,525,0.6914,0.005881,0.2016,0.0
107861,10,525,0.6914,0.005881,0.42628,0.0
109913,10,525,0.6914,0.005881,0.44512,0.0
103774,10,525,0.6914,0.005881,0.20088,0.0
109919,10,525,0.6914,0.005881,0.42048,0.0
107873,10,525,0.6914,0.005881,0.3966,0.0
107876,10,525,0.6914,0.005881,0.37548,0.0
107877,10,525,0.6914,0.005881,0.41816000000000003,0.0
109925,10,525,0.6914,0.005881,0.40732,0.0
103781,10,525,0.6914,0.005881,0.13068,0.0
107882,10,525,0.6914,0.005881,0.35975999999999997,0.0
109933,10,525,0.6914,0.005881,0.26336000000000004,0.0
105849,10,525,0.6914,0.005881,0.31016,0.0
105851,10,525,0.6914,0.005881,0.32636,0.0
105852,10,525,0.6914,0.005881,0.4016,0.0
107901,10,525,0.6914,0.005881,0.39924,0.0
109951,10,525,0.6914,0.005881,0.4022,0.0
107910,10,525,0.6914,0.005881,0.33512,0.0
107913,10,525,0.6914,0.005881,0.4504,0.0
105869,10,525,0.6914,0.005881,0.49088,0.0
105871,10,525,0.6914,0.005881,0.48088000000000003,0.0
107920,10,525,0.6914,0.005881,0.50748,0.0
109983,10,525,0.6914,0.005881,0.22192,0.0
105887,10,525,0.6914,0.005881,0.46072,0.0
103842,10,525,0.6914,0.005881,0.13004,0.0
105893,10,525,0.6914,0.005881,0.37664000000000003,0.0
109991,10,525,0.6914,0.005881,0.2548,0.0
109995,10,525,0.6914,0.005881,0.39188,0.0
105904,10,525,0.6914,0.005881,0.4908,0.0
107954,10,525,0.6914,0.005881,0.40164,0.0
103858,10,525,0.6914,0.005881,0.12948,0.0
105913,10,525,0.6914,0.005881,0.49272000000000005,0.0
103867,10,525,0.6914,0.005881,0.14044,0.0
107964,10,525,0.6914,0.005881,0.38152,0.0
107965,10,525,0.6914,0.005881,0.4276,0.0
101823,10,525,0.6914,0.005881,0.13156,0.0
103872,10,525,0.6914,0.005881,0.15952,0.0
103875,10,525,0.6914,0.005881,0.12552,0.0
105923,10,525,0.6914,0.005881,0.42888000000000004,0.0
103889,10,525,0.6914,0.005881,0.13248,0.0
107988,10,525,0.6914,0.005881,0.5078800000000001,0.0
101845,10,525,0.6914,0.005881,0.1454,0.0
107990,10,525,0.6914,0.005881,0.48364,0.0
103897,10,525,0.6914,0.005881,0.19340000000000002,0.0
105948,10,525,0.6914,0.005881,0.39296000000000003,0.0
108003,10,525,0.6914,0.005881,0.35688,0.0
108025,10,525,0.6914,0.005881,0.33656,0.0
105984,10,525,0.6914,0.005881,0.4264,0.0
108036,10,525,0.6914,0.005881,0.43592000000000003,0.0
108045,10,525,0.6914,0.005881,0.4576,0.0
108047,10,525,0.6914,0.005881,0.44636000000000003,0.0
106002,10,525,0.6914,0.005881,0.46604,0.0
108060,10,525,0.6914,0.005881,0.4804,0.0
106024,10,525,0.6914,0.005881,0.49940000000000007,0.0
106026,10,525,0.6914,0.005881,0.41008,0.0
108081,10,525,0.6914,0.005881,0.27183999999999997,0.0
103988,10,525,0.6914,0.005881,0.1796,0.0
106037,10,525,0.6914,0.005881,0.46568000000000004,0.0
106038,10,525,0.6914,0.005881,0.44312,0.0
108088,10,525,0.6914,0.005881,0.45796000000000003,0.0
108091,10,525,0.6914,0.005881,0.3016,0.0
106053,10,525,0.6914,0.005881,0.49304000000000003,0.0
108104,10,525,0.6914,0.005881,0.43376000000000003,0.0
106059,10,525,0.6914,0.005881,0.43048000000000003,0.0
101966,10,525,0.6914,0.005881,0.12504,0.0
106065,10,525,0.6914,0.005881,0.41884000000000005,0.0
108113,10,525,0.6914,0.005881,0.39756,0.0
108115,10,525,0.6914,0.005881,0.51048,0.0
106067,10,525,0.6914,0.005881,0.47632,0.0
106073,10,525,0.6914,0.005881,0.42192,0.0
106081,10,525,0.6914,0.005881,0.42352,0.0
106087,10,525,0.6914,0.005881,0.31308,0.0
106089,10,525,0.6914,0.005881,0.4258,0.0
108139,10,525,0.6914,0.005881,0.47176,0.0
108140,10,525,0.6914,0.005881,0.2998,0.0
108141,10,525,0.6914,0.005881,0.35964,0.0
108150,10,525,0.6914,0.005881,0.46424,0.0
106106,10,525,0.6914,0.005881,0.36376,0.0
108155,10,525,0.6914,0.005881,0.48348,0.0
108157,10,525,0.6914,0.005881,0.42896,0.0
102020,10,525,0.6914,0.005881,0.13236,0.0
108170,10,525,0.6914,0.005881,0.30864,0.0
106124,10,525,0.6914,0.005881,0.33548,0.0
104077,10,525,0.6914,0.005881,0.12736,0.0
106127,10,525,0.6914,0.005881,0.4998,0.0
106135,10,525,0.6914,0.005881,0.31876000000000004,0.0
104093,10,525,0.6914,0.005881,0.15228,0.0
102045,10,525,0.6914,0.005881,0.13168,0.0
108195,10,525,0.6914,0.005881,0.41332,0.0
104102,10,525,0.6914,0.005881,0.16524,0.0
104105,10,525,0.6914,0.005881,0.19768000000000002,0.0
106156,10,525,0.6914,0.005881,0.39776,0.0
106157,10,525,0.6914,0.005881,0.38296,0.0
108210,10,525,0.6914,0.005881,0.40096,0.0
108215,10,525,0.6914,0.005881,0.46996000000000004,0.0
106173,10,525,0.6914,0.005881,0.33540000000000003,0.0
108222,10,525,0.6914,0.005881,0.40244,0.0
108224,10,525,0.6914,0.005881,0.2212,0.0
108225,10,525,0.6914,0.005881,0.45568000000000003,0.0
108230,10,525,0.6914,0.005881,0.46424,0.0
108238,10,525,0.6914,0.005881,0.35452,0.0
106190,10,525,0.6914,0.005881,0.47432,0.0
108245,10,525,0.6914,0.005881,0.5154000000000001,0.0
108254,10,525,0.6914,0.005881,0.4414,0.0
108257,10,525,0.6914,0.005881,0.41764,0.0
100070,10,525,0.6914,0.005881,0.12796,0.0
108264,10,525,0.6914,0.005881,0.5034000000000001,0.0
106219,10,525,0.6914,0.005881,0.39655999999999997,0.0
106222,10,525,0.6914,0.005881,0.4882,0.0
108272,10,525,0.6914,0.005881,0.35175999999999996,0.0
108273,10,525,0.6914,0.005881,0.49392,0.0
106229,10,525,0.6914,0.005881,0.47900000000000004,0.0
108282,10,525,0.6914,0.005881,0.38016,0.0
104188,10,525,0.6914,0.005881,0.12568000000000001,0.0
100097,10,525,0.6914,0.005881,0.12984,0.0
106242,10,525,0.6914,0.005881,0.36528000000000005,0.0
106243,10,525,0.6914,0.005881,0.4638,0.0
100102,10,525,0.6914,0.005881,0.12724,0.0
106246,10,525,0.6914,0.005881,0.36652,0.0
106248,10,525,0.6914,0.005881,0.46452000000000004,0.0
108307,10,525,0.6914,0.005881,0.41600000000000004,0.0
106261,10,525,0.6914,0.005881,0.4182,0.0
100117,10,525,0.6914,0.005881,0.13836,0.0
100123,10,525,0.6914,0.005881,0.12516,0.0
106279,10,525,0.6914,0.005881,0.36748000000000003,0.0
102183,10,525,0.6914,0.005881,0.13536,0.0
108333,10,525,0.6914,0.005881,0.2834,0.0
106287,10,525,0.6914,0.005881,0.5122,0.0
102203,10,525,0.6914,0.005881,0.14992,0.0
106305,10,525,0.6914,0.005881,0.4134,0.0
100165,10,525,0.6914,0.005881,0.1268,0.0
102216,10,525,0.6914,0.005881,0.13863999999999999,0.0
106314,10,525,0.6914,0.005881,0.45176,0.0
106315,10,525,0.6914,0.005881,0.49736,0.0
102225,10,525,0.6914,0.005881,0.12632,0.0
108371,10,525,0.6914,0.005881,0.33164,0.0
108373,10,525,0.6914,0.005881,0.49068,0.0
100185,10,525,0.6914,0.005881,0.12536,0.0
108390,10,525,0.6914,0.005881,0.45280000000000004,0.0
106343,10,525,0.6914,0.005881,0.45996000000000004,0.0
108394,10,525,0.6914,0.005881,0.3368,0.0
108395,10,525,0.6914,0.005881,0.43948000000000004,0.0
104300,10,525,0.6914,0.005881,0.2036,0.0
106352,10,525,0.6914,0.005881,0.45224000000000003,0.0
108402,10,525,0.6914,0.005881,0.31508,0.0
104314,10,525,0.6914,0.005881,0.15228,0.0
106363,10,525,0.6914,0.005881,0.50268,0.0
106362,10,525,0.6914,0.005881,0.41344,0.0
106365,10,525,0.6914,0.005881,0.45324000000000003,0.0
106370,10,525,0.6914,0.005881,0.4198,0.0
104328,10,525,0.6914,0.005881,0.13332,0.0
108447,10,525,0.6914,0.005881,0.42052,0.0
108448,10,525,0.6914,0.005881,0.46908,0.0
108450,10,525,0.6914,0.005881,0.39908000000000005,0.0
106408,10,525,0.6914,0.005881,0.40492,0.0
100268,10,525,0.6914,0.005881,0.13296,0.0
106416,10,525,0.6914,0.005881,0.30784,0.0
108469,10,525,0.6914,0.005881,0.45404,0.0
108476,10,525,0.6914,0.005881,0.44984,0.0
106430,10,525,0.6914,0.005881,0.5127600000000001,0.0
108484,10,525,0.6914,0.005881,0.32552000000000003,0.0
104391,10,525,0.6914,0.005881,0.14168,0.0
108491,10,525,0.6914,0.005881,0.37832,0.0
106445,10,525,0.6914,0.005881,0.49092,0.0
106451,10,525,0.6914,0.005881,0.344,0.0
100308,10,525,0.6914,0.005881,0.12504,0.0
108503,10,525,0.6914,0.005881,0.31124,0.0
106457,10,525,0.6914,0.005881,0.41652,0.0
102361,10,525,0.6914,0.005881,0.12532,0.0
106461,10,525,0.6914,0.005881,0.49792000000000003,0.0
100321,10,525,0.6914,0.005881,0.16612,0.0
108519,10,525,0.6914,0.005881,0.35852,0.0
106475,10,525,0.6914,0.005881,0.41912,0.0
102383,10,525,0.6914,0.005881,0.17296,0.0
105482,11,256,0.4258,0.010263,0.33043999999999996,0.0
101391,11,256,0.4258,0.010263,0.12504,0.0
104467,11,256,0.4258,0.010263,0.1772,0.0
102420,11,256,0.4258,0.010263,0.13096,0.0
102425,11,256,0.4258,0.010263,0.146,0.0
104476,11,256,0.4258,0.010263,0.12568000000000001,0.0
101405,11,256,0.4258,0.010263,0.12836,0.0
107563,11,256,0.4258,0.010263,0.47440000000000004,0.0
101429,11,256,0.4258,0.010263,0.18631999999999999,0.0
103484,11,256,0.4258,0.010263,0.14104,0.0
102468,11,256,0.4258,0.010263,0.12708,0.0
108625,11,256,0.4258,0.010263,0.20168000000000003,0.0
105553,11,256,0.4258,0.010263,0.46872,0.0
104535,11,256,0.4258,0.010263,0.15332,0.0
107607,11,256,0.4258,0.010263,0.45472,0.0
105564,11,256,0.4258,0.010263,0.4232,0.0
107614,11,256,0.4258,0.010263,0.46944,0.0
101480,11,256,0.4258,0.010263,0.17932,0.0
107637,11,256,0.4258,0.010263,0.45,0.0
106618,11,256,0.4258,0.010263,0.46444,0.0
102530,11,256,0.4258,0.010263,0.14568,0.0
103556,11,256,0.4258,0.010263,0.15388000000000002,0.0
104581,11,256,0.4258,0.010263,0.2026,0.0
102535,11,256,0.4258,0.010263,0.16624,0.0
100489,11,256,0.4258,0.010263,0.13344,0.0
106634,11,256,0.4258,0.010263,0.39020000000000005,0.0
104588,11,256,0.4258,0.010263,0.17624,0.0
101522,11,256,0.4258,0.010263,0.13436,0.0
107666,11,256,0.4258,0.010263,0.28380000000000005,0.0
100502,11,256,0.4258,0.010263,0.15916,0.0
100508,11,256,0.4258,0.010263,0.17264000000000002,0.0
100512,11,256,0.4258,0.010263,0.1272,0.0
101541,11,256,0.4258,0.010263,0.12704,0.0
101552,11,256,0.4258,0.010263,0.12796,0.0
105654,11,256,0.4258,0.010263,0.5096400000000001,0.0
107704,11,256,0.4258,0.010263,0.43544000000000005,0.0
108729,11,256,0.4258,0.010263,0.35884000000000005,0.0
102591,11,256,0.4258,0.010263,0.1728,0.0
104645,11,256,0.4258,0.010263,0.13008,0.0
104650,11,256,0.4258,0.010263,0.12716,0.0
109777,11,256,0.4258,0.010263,0.2694,0.0
109780,11,256,0.4258,0.010263,0.4404,0.0
101604,11,256,0.4258,0.010263,0.12672,0.0
102630,11,256,0.4258,0.010263,0.14444,0.0
101609,11,256,0.4258,0.010263,0.17464000000000002,0.0
105707,11,256,0.4258,0.010263,0.43904000000000004,0.0
108787,11,256,0.4258,0.010263,0.29416,0.0
101619,11,256,0.4258,0.010263,0.19075999999999999,0.0
100603,11,256,0.4258,0.010263,0.12552,0.0
104704,11,256,0.4258,0.010263,0.1256,0.0
105733,11,256,0.4258,0.010263,0.43032000000000004,0.0
103692,11,256,0.4258,0.010263,0.17948,0.0
109839,11,256,0.4258,0.010263,0.29888000000000003,0.0
106782,11,256,0.4258,0.010263,0.39736,0.0
100639,11,256,0.4258,0.010263,0.1322,0.0
100641,11,256,0.4258,0.010263,0.1264,0.0
105767,11,256,0.4258,0.010263,0.26195999999999997,0.0
102695,11,256,0.4258,0.010263,0.19836,0.0
103730,11,256,0.4258,0.010263,0.1778,0.0
105778,11,256,0.4258,0.010263,0.5138400000000001,0.0
100660,11,256,0.4258,0.010263,0.17076,0.0
103733,11,256,0.4258,0.010263,0.23759999999999998,0.0
109880,11,256,0.4258,0.010263,0.2762,0.0
101693,11,256,0.4258,0.010263,0.16752,0.0
103750,11,256,0.4258,0.010263,0.167,0.0
109895,11,256,0.4258,0.010263,0.35660000000000003,0.0
102733,11,256,0.4258,0.010263,0.1356,0.0
100692,11,256,0.4258,0.010263,0.1328,0.0
101722,11,256,0.4258,0.010263,0.12888,0.0
109916,11,256,0.4258,0.010263,0.42732000000000003,0.0
102748,11,256,0.4258,0.010263,0.12564,0.0
109924,11,256,0.4258,0.010263,0.26336000000000004,0.0
103782,11,256,0.4258,0.010263,0.16356,0.0
107879,11,256,0.4258,0.010263,0.46188,0.0
103784,11,256,0.4258,0.010263,0.13232,0.0
107881,11,256,0.4258,0.010263,0.3228,0.0
102764,11,256,0.4258,0.010263,0.1314,0.0
101740,11,256,0.4258,0.010263,0.14968,0.0
104818,11,256,0.4258,0.010263,0.13596,0.0
106868,11,256,0.4258,0.010263,0.40852,0.0
100730,11,256,0.4258,0.010263,0.13908,0.0
104829,11,256,0.4258,0.010263,0.16088,0.0
108928,11,256,0.4258,0.010263,0.41372000000000003,0.0
100737,11,256,0.4258,0.010263,0.15444,0.0
106883,11,256,0.4258,0.010263,0.49112,0.0
101766,11,256,0.4258,0.010263,0.13072,0.0
104840,11,256,0.4258,0.010263,0.133,0.0
105876,11,256,0.4258,0.010263,0.47248,0.0
101794,11,256,0.4258,0.010263,0.12704,0.0
103844,11,256,0.4258,0.010263,0.20435999999999999,0.0
104871,11,256,0.4258,0.010263,0.14736,0.0
100777,11,256,0.4258,0.010263,0.12528,0.0
107953,11,256,0.4258,0.010263,0.46320000000000006,0.0
106940,11,256,0.4258,0.010263,0.49372,0.0
108992,11,256,0.4258,0.010263,0.35204,0.0
102852,11,256,0.4258,0.010263,0.12904,0.0
104912,11,256,0.4258,0.010263,0.12532,0.0
103890,11,256,0.4258,0.010263,0.1394,0.0
106964,11,256,0.4258,0.010263,0.44196,0.0
106965,11,256,0.4258,0.010263,0.27992,0.0
104923,11,256,0.4258,0.010263,0.22056,0.0
105947,11,256,0.4258,0.010263,0.50868,0.0
103902,11,256,0.4258,0.010263,0.15388000000000002,0.0
103912,11,256,0.4258,0.010263,0.12716,0.0
108010,11,256,0.4258,0.010263,0.41576,0.0
103916,11,256,0.4258,0.010263,0.13916,0.0
105976,11,256,0.4258,0.010263,0.45588000000000006,0.0
101880,11,256,0.4258,0.010263,0.15544,0.0
102906,11,256,0.4258,0.010263,0.17244,0.0
103938,11,256,0.4258,0.010263,0.12536,0.0
107013,11,256,0.4258,0.010263,0.45,0.0
101893,11,256,0.4258,0.010263,0.13528,0.0
108039,11,256,0.4258,0.010263,0.50692,0.0
109067,11,256,0.4258,0.010263,0.3376,0.0
107024,11,256,0.4258,0.010263,0.4456,0.0
102928,11,256,0.4258,0.010263,0.12556,0.0
103955,11,256,0.4258,0.010263,0.13112000000000001,0.0
107035,11,256,0.4258,0.010263,0.40476,0.0
106013,11,256,0.4258,0.010263,0.49644,0.0
101921,11,256,0.4258,0.010263,0.25144,0.0
101922,11,256,0.4258,0.010263,0.13172,0.0
103974,11,256,0.4258,0.010263,0.15172,0.0
106030,11,256,0.4258,0.010263,0.31048,0.0
103985,11,256,0.4258,0.010263,0.18172,0.0
101941,11,256,0.4258,0.010263,0.16108,0.0
108086,11,256,0.4258,0.010263,0.46864,0.0
102965,11,256,0.4258,0.010263,0.14316,0.0
105016,11,256,0.4258,0.010263,0.44644,0.0
109113,11,256,0.4258,0.010263,0.27864,0.0
100922,11,256,0.4258,0.010263,0.1288,0.0
105019,11,256,0.4258,0.010263,0.35884000000000005,0.0
109116,11,256,0.4258,0.010263,0.34672000000000003,0.0
106047,11,256,0.4258,0.010263,0.3418,0.0
100929,11,256,0.4258,0.010263,0.14176,0.0
102979,11,256,0.4258,0.010263,0.12528,0.0
100932,11,256,0.4258,0.010263,0.12712,0.0
108103,11,256,0.4258,0.010263,0.48608,0.0
102989,11,256,0.4258,0.010263,0.13976,0.0
102991,11,256,0.4258,0.010263,0.15916,0.0
106070,11,256,0.4258,0.010263,0.38812,0.0
108125,11,256,0.4258,0.010263,0.32048,0.0
100962,11,256,0.4258,0.010263,0.13764,0.0
104036,11,256,0.4258,0.010263,0.14588,0.0
107109,11,256,0.4258,0.010263,0.51136,0.0
104040,11,256,0.4258,0.010263,0.13716,0.0
109162,11,256,0.4258,0.010263,0.27188,0.0
100973,11,256,0.4258,0.010263,0.1722,0.0
109168,11,256,0.4258,0.010263,0.3986,0.0
103044,11,256,0.4258,0.010263,0.13656000000000001,0.0
105093,11,256,0.4258,0.010263,0.33592,0.0
102024,11,256,0.4258,0.010263,0.12716,0.0
107145,11,256,0.4258,0.010263,0.41456,0.0
108176,11,256,0.4258,0.010263,0.46792,0.0
106130,11,256,0.4258,0.010263,0.39444,0.0
104085,11,256,0.4258,0.010263,0.15036,0.0
104086,11,256,0.4258,0.010263,0.14432,0.0
105113,11,256,0.4258,0.010263,0.44704000000000005,0.0
102042,11,256,0.4258,0.010263,0.14924,0.0
106137,11,256,0.4258,0.010263,0.49560000000000004,0.0
103067,11,256,0.4258,0.010263,0.26724000000000003,0.0
104091,11,256,0.4258,0.010263,0.20276,0.0
106144,11,256,0.4258,0.010263,0.40444,0.0
106145,11,256,0.4258,0.010263,0.40608,0.0
109230,11,256,0.4258,0.010263,0.40096,0.0
102062,11,256,0.4258,0.010263,0.13268,0.0
104120,11,256,0.4258,0.010263,0.15976,0.0
106174,11,256,0.4258,0.010263,0.33528,0.0
102092,11,256,0.4258,0.010263,0.13424,0.0
104140,11,256,0.4258,0.010263,0.12924,0.0
100047,11,256,0.4258,0.010263,0.12544,0.0
102099,11,256,0.4258,0.010263,0.12516,0.0
106199,11,256,0.4258,0.010263,0.37288,0.0
109277,11,256,0.4258,0.010263,0.36888,0.0
109278,11,256,0.4258,0.010263,0.45228,0.0
108256,11,256,0.4258,0.010263,0.34252,0.0
105190,11,256,0.4258,0.010263,0.37648000000000004,0.0
106218,11,256,0.4258,0.010263,0.46296000000000004,0.0
105205,11,256,0.4258,0.010263,0.36736,0.0
103167,11,256,0.4258,0.010263,0.18159999999999998,0.0
109312,11,256,0.4258,0.010263,0.35368,0.0
104199,11,256,0.4258,0.010263,0.12616,0.0
109320,11,256,0.4258,0.010263,0.34552000000000005,0.0
100103,11,256,0.4258,0.010263,0.13968,0.0
106251,11,256,0.4258,0.010263,0.4404,0.0
101132,11,256,0.4258,0.010263,0.24059999999999998,0.0
103182,11,256,0.4258,0.010263,0.12612,0.0
103185,11,256,0.4258,0.010263,0.12976,0.0
102165,11,256,0.4258,0.010263,0.14576,0.0
108316,11,256,0.4258,0.010263,0.45656,0.0
101149,11,256,0.4258,0.010263,0.1742,0.0
103199,11,256,0.4258,0.010263,0.22536,0.0
105251,11,256,0.4258,0.010263,0.33952000000000004,0.0
101156,11,256,0.4258,0.010263,0.14708,0.0
107301,11,256,0.4258,0.010263,0.20928000000000002,0.0
107303,11,256,0.4258,0.010263,0.37228,0.0
109351,11,256,0.4258,0.010263,0.23912,0.0
103208,11,256,0.4258,0.010263,0.137,0.0
101160,11,256,0.4258,0.010263,0.15224,0.0
109355,11,256,0.4258,0.010263,0.42192,0.0
103215,11,256,0.4258,0.010263,0.1464,0.0
100145,11,256,0.4258,0.010263,0.1562,0.0
106292,11,256,0.4258,0.010263,0.50068,0.0
108342,11,256,0.4258,0.010263,0.34131999999999996,0.0
105277,11,256,0.4258,0.010263,0.33984000000000003,0.0
101184,11,256,0.4258,0.010263,0.16172,0.0
104266,11,256,0.4258,0.010263,0.18372,0.0
101194,11,256,0.4258,0.010263,0.13592,0.0
106316,11,256,0.4258,0.010263,0.35572000000000004,0.0
104268,11,256,0.4258,0.010263,0.13032,0.0
105295,11,256,0.4258,0.010263,0.4192,0.0
105300,11,256,0.4258,0.010263,0.43824,0.0
100181,11,256,0.4258,0.010263,0.12548,0.0
103255,11,256,0.4258,0.010263,0.1268,0.0
105305,11,256,0.4258,0.010263,0.48164,0.0
100188,11,256,0.4258,0.010263,0.15624,0.0
102237,11,256,0.4258,0.010263,0.12532,0.0
107363,11,256,0.4258,0.010263,0.32420000000000004,0.0
102244,11,256,0.4258,0.010263,0.19268000000000002,0.0
103284,11,256,0.4258,0.010263,0.16644,0.0
104312,11,256,0.4258,0.010263,0.12508,0.0
108410,11,256,0.4258,0.010263,0.47412000000000004,0.0
103296,11,256,0.4258,0.010263,0.1254,0.0
104322,11,256,0.4258,0.010263,0.13068,0.0
108421,11,256,0.4258,0.010263,0.44756,0.0
108425,11,256,0.4258,0.010263,0.45588000000000006,0.0
102284,11,256,0.4258,0.010263,0.12636,0.0
109458,11,256,0.4258,0.010263,0.49592,0.0
100246,11,256,0.4258,0.010263,0.13408,0.0
100249,11,256,0.4258,0.010263,0.13292,0.0
106393,11,256,0.4258,0.010263,0.4434,0.0
103328,11,256,0.4258,0.010263,0.12556,0.0
109475,11,256,0.4258,0.010263,0.26596,0.0
102307,11,256,0.4258,0.010263,0.161,0.0
101286,11,256,0.4258,0.010263,0.13428,0.0
103334,11,256,0.4258,0.010263,0.13288,0.0
100263,11,256,0.4258,0.010263,0.13232,0.0
100271,11,256,0.4258,0.010263,0.1274,0.0
106419,11,256,0.4258,0.010263,0.45272,0.0
103347,11,256,0.4258,0.010263,0.14564,0.0
105397,11,256,0.4258,0.010263,0.42068,0.0
107450,11,256,0.4258,0.010263,0.43348000000000003,0.0
105404,11,256,0.4258,0.010263,0.38084,0.0
104394,11,256,0.4258,0.010263,0.12644,0.0
105419,11,256,0.4258,0.010263,0.48016000000000003,0.0
101326,11,256,0.4258,0.010263,0.16416,0.0
103375,11,256,0.4258,0.010263,0.15128,0.0
107474,11,256,0.4258,0.010263,0.4208,0.0
103390,11,256,0.4258,0.010263,0.2264,0.0
106467,11,256,0.4258,0.010263,0.28148,0.0
100325,11,256,0.4258,0.010263,0.16484,0.0
100330,11,256,0.4258,0.010263,0.16056,0.0
108530,11,256,0.4258,0.010263,0.1884,0.0
101363,11,256,0.4258,0.010263,0.13488,0.0
101364,11,256,0.4258,0.010263,0.18524000000000002,0.0
102391,11,256,0.4258,0.010263,0.12984,0.0
109565,11,256,0.4258,0.010263,0.2898,0.0
102409,12,418,0.5742,0.006666,0.1272,0.0
107531,12,418,0.5742,0.006666,0.49916000000000005,0.0
106507,12,418,0.5742,0.006666,0.46084,0.0
101395,12,418,0.5742,0.006666,0.12908,0.0
108566,12,418,0.5742,0.006666,0.26836000000000004,0.0
105497,12,418,0.5742,0.006666,0.51108,0.0
100379,12,418,0.5742,0.006666,0.12552,0.0
109596,12,418,0.5742,0.006666,0.36556,0.0
104477,12,418,0.5742,0.006666,0.125,0.0
108578,12,418,0.5742,0.006666,0.3638,0.0
100387,12,418,0.5742,0.006666,0.1254,0.0
106532,12,418,0.5742,0.006666,0.51444,0.0
101413,12,418,0.5742,0.006666,0.12908,0.0
103462,12,418,0.5742,0.006666,0.17152,0.0
106538,12,418,0.5742,0.006666,0.4258,0.0
105515,12,418,0.5742,0.006666,0.47744000000000003,0.0
102448,12,418,0.5742,0.006666,0.1254,0.0
100400,12,418,0.5742,0.006666,0.13464,0.0
109618,12,418,0.5742,0.006666,0.2706,0.0
107576,12,418,0.5742,0.006666,0.39540000000000003,0.0
106552,12,418,0.5742,0.006666,0.46268,0.0
100410,12,418,0.5742,0.006666,0.13552,0.0
108605,12,418,0.5742,0.006666,0.37128000000000005,0.0
106557,12,418,0.5742,0.006666,0.38852000000000003,0.0
106560,12,418,0.5742,0.006666,0.36392,0.0
109648,12,418,0.5742,0.006666,0.23332,0.0
103508,12,418,0.5742,0.006666,0.1356,0.0
100438,12,418,0.5742,0.006666,0.20376,0.0
106590,12,418,0.5742,0.006666,0.39916,0.0
103520,12,418,0.5742,0.006666,0.1372,0.0
106594,12,418,0.5742,0.006666,0.37836,0.0
102499,12,418,0.5742,0.006666,0.13356,0.0
101476,12,418,0.5742,0.006666,0.13296,0.0
104547,12,418,0.5742,0.006666,0.12608,0.0
106601,12,418,0.5742,0.006666,0.42200000000000004,0.0
102508,12,418,0.5742,0.006666,0.18416,0.0
102510,12,418,0.5742,0.006666,0.17128,0.0
102512,12,418,0.5742,0.006666,0.1402,0.0
101488,12,418,0.5742,0.006666,0.12828,0.0
107640,12,418,0.5742,0.006666,0.47904,0.0
105593,12,418,0.5742,0.006666,0.45416,0.0
108665,12,418,0.5742,0.006666,0.39988,0.0
106619,12,418,0.5742,0.006666,0.40612,0.0
108666,12,418,0.5742,0.006666,0.44188000000000005,0.0
100476,12,418,0.5742,0.006666,0.12556,0.0
104574,12,418,0.5742,0.006666,0.12572,0.0
102528,12,418,0.5742,0.006666,0.14368,0.0
108674,12,418,0.5742,0.006666,0.23048000000000002,0.0
104578,12,418,0.5742,0.006666,0.15368,0.0
105604,12,418,0.5742,0.006666,0.47152,0.0
100486,12,418,0.5742,0.006666,0.15828,0.0
109712,12,418,0.5742,0.006666,0.29124000000000005,0.0
109714,12,418,0.5742,0.006666,0.41056,0.0
108690,12,418,0.5742,0.006666,0.43060000000000004,0.0
108693,12,418,0.5742,0.006666,0.24956,0.0
103575,12,418,0.5742,0.006666,0.13816,0.0
101528,12,418,0.5742,0.006666,0.19948,0.0
109724,12,418,0.5742,0.006666,0.29192,0.0
108701,12,418,0.5742,0.006666,0.27876,0.0
104607,12,418,0.5742,0.006666,0.12724,0.0
106656,12,418,0.5742,0.006666,0.39848,0.0
106659,12,418,0.5742,0.006666,0.45824,0.0
105639,12,418,0.5742,0.006666,0.329,0.0
104619,12,418,0.5742,0.006666,0.13108,0.0
103596,12,418,0.5742,0.006666,0.12584,0.0
106671,12,418,0.5742,0.006666,0.4152,0.0
106676,12,418,0.5742,0.006666,0.3432,0.0
104446,12,418,0.5742,0.006666,0.14396,0.0
107703,12,418,0.5742,0.006666,0.46412000000000003,0.0
108728,12,418,0.5742,0.006666,0.31432000000000004,0.0
106682,12,418,0.5742,0.006666,0.41187999999999997,0.0
102588,12,418,0.5742,0.006666,0.1498,0.0
100541,12,418,0.5742,0.006666,0.13948,0.0
109760,12,418,0.5742,0.006666,0.29300000000000004,0.0
108737,12,418,0.5742,0.006666,0.21748,0.0
101574,12,418,0.5742,0.006666,0.18468,0.0
109768,12,418,0.5742,0.006666,0.49156,0.0
105468,12,418,0.5742,0.006666,0.41384,0.0
100566,12,418,0.5742,0.006666,0.15560000000000002,0.0
108758,12,418,0.5742,0.006666,0.32732000000000006,0.0
106716,12,418,0.5742,0.006666,0.43676000000000004,0.0
108767,12,418,0.5742,0.006666,0.44688,0.0
106721,12,418,0.5742,0.006666,0.49364,0.0
105698,12,418,0.5742,0.006666,0.34136,0.0
104677,12,418,0.5742,0.006666,0.201,0.0
101606,12,418,0.5742,0.006666,0.14796,0.0
105703,12,418,0.5742,0.006666,0.38904,0.0
109800,12,418,0.5742,0.006666,0.3312,0.0
102636,12,418,0.5742,0.006666,0.125,0.0
100592,12,418,0.5742,0.006666,0.1266,0.0
100596,12,418,0.5742,0.006666,0.16076000000000001,0.0
106741,12,418,0.5742,0.006666,0.30688000000000004,0.0
107766,12,418,0.5742,0.006666,0.43300000000000005,0.0
109815,12,418,0.5742,0.006666,0.2826,0.0
109813,12,418,0.5742,0.006666,0.33028,0.0
106745,12,418,0.5742,0.006666,0.48776,0.0
107764,12,418,0.5742,0.006666,0.44652000000000003,0.0
103670,12,418,0.5742,0.006666,0.21232,0.0
104700,12,418,0.5742,0.006666,0.1392,0.0
109818,12,418,0.5742,0.006666,0.35432,0.0
106743,12,418,0.5742,0.006666,0.48604,0.0
106751,12,418,0.5742,0.006666,0.45372,0.0
107776,12,418,0.5742,0.006666,0.46628000000000003,0.0
103681,12,418,0.5742,0.006666,0.12856,0.0
100610,12,418,0.5742,0.006666,0.13088,0.0
109827,12,418,0.5742,0.006666,0.32220000000000004,0.0
103683,12,418,0.5742,0.006666,0.15028,0.0
106764,12,418,0.5742,0.006666,0.5003200000000001,0.0
107789,12,418,0.5742,0.006666,0.44084,0.0
108821,12,418,0.5742,0.006666,0.38276,0.0
106775,12,418,0.5742,0.006666,0.41528000000000004,0.0
102683,12,418,0.5742,0.006666,0.1314,0.0
105758,12,418,0.5742,0.006666,0.47804,0.0
106786,12,418,0.5742,0.006666,0.50324,0.0
109860,12,418,0.5742,0.006666,0.29048,0.0
100645,12,418,0.5742,0.006666,0.2474,0.0
108839,12,418,0.5742,0.006666,0.37384,0.0
105769,12,418,0.5742,0.006666,0.3812,0.0
108843,12,418,0.5742,0.006666,0.29044000000000003,0.0
100653,12,418,0.5742,0.006666,0.12604,0.0
103726,12,418,0.5742,0.006666,0.14896,0.0
108847,12,418,0.5742,0.006666,0.3244,0.0
102703,12,418,0.5742,0.006666,0.13236,0.0
103731,12,418,0.5742,0.006666,0.172,0.0
106809,12,418,0.5742,0.006666,0.49392,0.0
100666,12,418,0.5742,0.006666,0.13424,0.0
106815,12,418,0.5742,0.006666,0.45968000000000003,0.0
103746,12,418,0.5742,0.006666,0.12508,0.0
100677,12,418,0.5742,0.006666,0.15228,0.0
106831,12,418,0.5742,0.006666,0.43656000000000006,0.0
100688,12,418,0.5742,0.006666,0.12556,0.0
108882,12,418,0.5742,0.006666,0.22008,0.0
104786,12,418,0.5742,0.006666,0.1356,0.0
102741,12,418,0.5742,0.006666,0.12704,0.0
102742,12,418,0.5742,0.006666,0.1346,0.0
109911,12,418,0.5742,0.006666,0.20588,0.0
108885,12,418,0.5742,0.006666,0.40976,0.0
100697,12,418,0.5742,0.006666,0.1276,0.0
105822,12,418,0.5742,0.006666,0.47732,0.0
107871,12,418,0.5742,0.006666,0.4126,0.0
101727,12,418,0.5742,0.006666,0.13488,0.0
109923,12,418,0.5742,0.006666,0.38396,0.0
109926,12,418,0.5742,0.006666,0.37232,0.0
109927,12,418,0.5742,0.006666,0.38652000000000003,0.0
106861,12,418,0.5742,0.006666,0.45068,0.0
104814,12,418,0.5742,0.006666,0.16756,0.0
105839,12,418,0.5742,0.006666,0.37656,0.0
103669,12,418,0.5742,0.006666,0.143,0.0
109940,12,418,0.5742,0.006666,0.29904,0.0
101748,12,418,0.5742,0.006666,0.13104,0.0
104825,12,418,0.5742,0.006666,0.16516,0.0
105853,12,418,0.5742,0.006666,0.37160000000000004,0.0
108929,12,418,0.5742,0.006666,0.346,0.0
108931,12,418,0.5742,0.006666,0.225,0.0
103812,12,418,0.5742,0.006666,0.15024,0.0
101763,12,418,0.5742,0.006666,0.1958,0.0
107912,12,418,0.5742,0.006666,0.44876000000000005,0.0
109960,12,418,0.5742,0.006666,0.30876000000000003,0.0
104843,12,418,0.5742,0.006666,0.12588,0.0
106892,12,418,0.5742,0.006666,0.36912,0.0
101771,12,418,0.5742,0.006666,0.18336,0.0
109966,12,418,0.5742,0.006666,0.4178,0.0
109965,12,418,0.5742,0.006666,0.36551999999999996,0.0
108947,12,418,0.5742,0.006666,0.28336,0.0
103828,12,418,0.5742,0.006666,0.26484,0.0
102806,12,418,0.5742,0.006666,0.20396,0.0
102807,12,418,0.5742,0.006666,0.15688,0.0
100760,12,418,0.5742,0.006666,0.27004,0.0
104858,12,418,0.5742,0.006666,0.1528,0.0
109986,12,418,0.5742,0.006666,0.39708000000000004,0.0
102819,12,418,0.5742,0.006666,0.21044000000000002,0.0
108964,12,418,0.5742,0.006666,0.41640000000000005,0.0
107941,12,418,0.5742,0.006666,0.38096,0.0
100772,12,418,0.5742,0.006666,0.1796,0.0
100779,12,418,0.5742,0.006666,0.16544,0.0
101803,12,418,0.5742,0.006666,0.14788,0.0
100784,12,418,0.5742,0.006666,0.12528,0.0
104881,12,418,0.5742,0.006666,0.16448000000000002,0.0
105906,12,418,0.5742,0.006666,0.37351999999999996,0.0
106932,12,418,0.5742,0.006666,0.43884,0.0
106935,12,418,0.5742,0.006666,0.46836000000000005,0.0
100794,12,418,0.5742,0.006666,0.1258,0.0
105920,12,418,0.5742,0.006666,0.4666,0.0
106944,12,418,0.5742,0.006666,0.43284,0.0
105721,12,418,0.5742,0.006666,0.44328,0.0
106951,12,418,0.5742,0.006666,0.52176,0.0
102858,12,418,0.5742,0.006666,0.13228,0.0
106955,12,418,0.5742,0.006666,0.43584,0.0
107980,12,418,0.5742,0.006666,0.44812,0.0
102860,12,418,0.5742,0.006666,0.16548000000000002,0.0
109006,12,418,0.5742,0.006666,0.27092000000000005,0.0
107992,12,418,0.5742,0.006666,0.363,0.0
101851,12,418,0.5742,0.006666,0.15292,0.0
108001,12,418,0.5742,0.006666,0.46812000000000004,0.0
103907,12,418,0.5742,0.006666,0.12712,0.0
103913,12,418,0.5742,0.006666,0.16904,0.0
105964,12,418,0.5742,0.006666,0.47288,0.0
102897,12,418,0.5742,0.006666,0.12768,0.0
108018,12,418,0.5742,0.006666,0.48176,0.0
104947,12,418,0.5742,0.006666,0.12784,0.0
105974,12,418,0.5742,0.006666,0.39772,0.0
102903,12,418,0.5742,0.006666,0.14416,0.0
102904,12,418,0.5742,0.006666,0.14,0.0
109049,12,418,0.5742,0.006666,0.30872,0.0
109053,12,418,0.5742,0.006666,0.38964,0.0
109054,12,418,0.5742,0.006666,0.46716,0.0
101887,12,418,0.5742,0.006666,0.149,0.0
104959,12,418,0.5742,0.006666,0.1436,0.0
100863,12,418,0.5742,0.006666,0.157,0.0
102914,12,418,0.5742,0.006666,0.16316,0.0
103942,12,418,0.5742,0.006666,0.1694,0.0
109063,12,418,0.5742,0.006666,0.49392,0.0
100872,12,418,0.5742,0.006666,0.13044,0.0
100875,12,418,0.5742,0.006666,0.12528,0.0
101901,12,418,0.5742,0.006666,0.12568000000000001,0.0
100887,12,418,0.5742,0.006666,0.12684,0.0
107037,12,418,0.5742,0.006666,0.36968,0.0
106015,12,418,0.5742,0.006666,0.44480000000000003,0.0
101923,12,418,0.5742,0.006666,0.12516,0.0
106022,12,418,0.5742,0.006666,0.43668,0.0
108072,12,418,0.5742,0.006666,0.46080000000000004,0.0
107049,12,418,0.5742,0.006666,0.41868,0.0
109098,12,418,0.5742,0.006666,0.32704,0.0
107051,12,418,0.5742,0.006666,0.4698,0.0
106034,12,418,0.5742,0.006666,0.49004000000000003,0.0
107058,12,418,0.5742,0.006666,0.41676,0.0
103986,12,418,0.5742,0.006666,0.13472,0.0
109107,12,418,0.5742,0.006666,0.3518,0.0
106036,12,418,0.5742,0.006666,0.39868000000000003,0.0
102973,12,418,0.5742,0.006666,0.12924,0.0
109120,12,418,0.5742,0.006666,0.38788,0.0
102977,12,418,0.5742,0.006666,0.135,0.0
109122,12,418,0.5742,0.006666,0.2528,0.0
106051,12,418,0.5742,0.006666,0.23568,0.0
102981,12,418,0.5742,0.006666,0.125,0.0
104006,12,418,0.5742,0.006666,0.14144,0.0
102985,12,418,0.5742,0.006666,0.1554,0.0
107084,12,418,0.5742,0.006666,0.5028,0.0
109136,12,418,0.5742,0.006666,0.18572,0.0
107089,12,418,0.5742,0.006666,0.43012000000000006,0.0
106069,12,418,0.5742,0.006666,0.37272,0.0
104025,12,418,0.5742,0.006666,0.2272,0.0
104026,12,418,0.5742,0.006666,0.14836,0.0
108123,12,418,0.5742,0.006666,0.34096000000000004,0.0
100954,12,418,0.5742,0.006666,0.13496,0.0
104030,12,418,0.5742,0.006666,0.12608,0.0
104031,12,418,0.5742,0.006666,0.13068,0.0
100968,12,418,0.5742,0.006666,0.12808,0.0
108137,12,418,0.5742,0.006666,0.51128,0.0
101994,12,418,0.5742,0.006666,0.12572,0.0
109173,12,418,0.5742,0.006666,0.3276,0.0
109175,12,418,0.5742,0.006666,0.29208,0.0
107133,12,418,0.5742,0.006666,0.48656000000000005,0.0
109186,12,418,0.5742,0.006666,0.25788,0.0
109188,12,418,0.5742,0.006666,0.45084,0.0
108165,12,418,0.5742,0.006666,0.41792,0.0
104078,12,418,0.5742,0.006666,0.26496,0.0
105103,12,418,0.5742,0.006666,0.4554,0.0
104081,12,418,0.5742,0.006666,0.18128,0.0
102041,12,418,0.5742,0.006666,0.13852,0.0
107161,12,418,0.5742,0.006666,0.50524,0.0
108185,12,418,0.5742,0.006666,0.48340000000000005,0.0
104092,12,418,0.5742,0.006666,0.13604,0.0
105121,12,418,0.5742,0.006666,0.44580000000000003,0.0
103073,12,418,0.5742,0.006666,0.13752,0.0
107175,12,418,0.5742,0.006666,0.32312,0.0
105130,12,418,0.5742,0.006666,0.47280000000000005,0.0
102063,12,418,0.5742,0.006666,0.13776,0.0
108213,12,418,0.5742,0.006666,0.46092,0.0
107190,12,418,0.5742,0.006666,0.36272000000000004,0.0
108216,12,418,0.5742,0.006666,0.41724,0.0
107194,12,418,0.5742,0.006666,0.4298,0.0
107196,12,418,0.5742,0.006666,0.45508000000000004,0.0
104129,12,418,0.5742,0.006666,0.12568000000000001,0.0
103106,12,418,0.5742,0.006666,0.13028,0.0
106183,12,418,0.5742,0.006666,0.5038,0.0
102090,12,418,0.5742,0.006666,0.14932,0.0
108243,12,418,0.5742,0.006666,0.37708,0.0
107221,12,418,0.5742,0.006666,0.3742,0.0
106202,12,418,0.5742,0.006666,0.31688000000000005,0.0
104154,12,418,0.5742,0.006666,0.12608,0.0
103140,12,418,0.5742,0.006666,0.14100000000000001,0.0
107242,12,418,0.5742,0.006666,0.42748,0.0
105196,12,418,0.5742,0.006666,0.39088,0.0
101100,12,418,0.5742,0.006666,0.13944,0.0
102125,12,418,0.5742,0.006666,0.14568,0.0
109295,12,418,0.5742,0.006666,0.44792000000000004,0.0
103156,12,418,0.5742,0.006666,0.15212,0.0
107252,12,418,0.5742,0.006666,0.4042,0.0
109300,12,418,0.5742,0.006666,0.26568,0.0
107255,12,418,0.5742,0.006666,0.38696,0.0
107257,12,418,0.5742,0.006666,0.45516,0.0
105212,12,418,0.5742,0.006666,0.44968,0.0
103171,12,418,0.5742,0.006666,0.127,0.0
109317,12,418,0.5742,0.006666,0.40236,0.0
105221,12,418,0.5742,0.006666,0.46444,0.0
100101,12,418,0.5742,0.006666,0.12516,0.0
108299,12,418,0.5742,0.006666,0.45628,0.0
108300,12,418,0.5742,0.006666,0.45496000000000003,0.0
104204,12,418,0.5742,0.006666,0.15008,0.0
106254,12,418,0.5742,0.006666,0.45488,0.0
109327,12,418,0.5742,0.006666,0.29332,0.0
105235,12,418,0.5742,0.006666,0.39655999999999997,0.0
103188,12,418,0.5742,0.006666,0.14172,0.0
100118,12,418,0.5742,0.006666,0.14576,0.0
106263,12,418,0.5742,0.006666,0.38508000000000003,0.0
109335,12,418,0.5742,0.006666,0.36788,0.0
101143,12,418,0.5742,0.006666,0.22444,0.0
109339,12,418,0.5742,0.006666,0.22388000000000002,0.0
101148,12,418,0.5742,0.006666,0.14604,0.0
100124,12,418,0.5742,0.006666,0.2132,0.0
100125,12,418,0.5742,0.006666,0.12604,0.0
109343,12,418,0.5742,0.006666,0.37584,0.0
102173,12,418,0.5742,0.006666,0.17488,0.0
105249,12,418,0.5742,0.006666,0.40312000000000003,0.0
101153,12,418,0.5742,0.006666,0.12704,0.0
104225,12,418,0.5742,0.006666,0.13408,0.0
106273,12,418,0.5742,0.006666,0.4114,0.0
103205,12,418,0.5742,0.006666,0.16228,0.0
105256,12,418,0.5742,0.006666,0.37844000000000005,0.0
100137,12,418,0.5742,0.006666,0.12688,0.0
103212,12,418,0.5742,0.006666,0.13556,0.0
102193,12,418,0.5742,0.006666,0.13784,0.0
105268,12,418,0.5742,0.006666,0.45356,0.0
108341,12,418,0.5742,0.006666,0.43744000000000005,0.0
109364,12,418,0.5742,0.006666,0.41076,0.0
109369,12,418,0.5742,0.006666,0.47808000000000006,0.0
105275,12,418,0.5742,0.006666,0.37792,0.0
101182,12,418,0.5742,0.006666,0.125,0.0
101183,12,418,0.5742,0.006666,0.12576,0.0
105280,12,418,0.5742,0.006666,0.47128000000000003,0.0
101192,12,418,0.5742,0.006666,0.15676,0.0
107340,12,418,0.5742,0.006666,0.48176,0.0
102222,12,418,0.5742,0.006666,0.16472,0.0
106319,12,418,0.5742,0.006666,0.3812,0.0
109392,12,418,0.5742,0.006666,0.40188,0.0
106321,12,418,0.5742,0.006666,0.3236,0.0
109395,12,418,0.5742,0.006666,0.41664,0.0
109397,12,418,0.5742,0.006666,0.29968,0.0
102233,12,418,0.5742,0.006666,0.12644,0.0
102240,12,418,0.5742,0.006666,0.12548,0.0
103264,12,418,0.5742,0.006666,0.12816,0.0
100192,12,418,0.5742,0.006666,0.13796,0.0
102243,12,418,0.5742,0.006666,0.14004,0.0
100196,12,418,0.5742,0.006666,0.12848,0.0
107372,12,418,0.5742,0.006666,0.49244,0.0
101228,12,418,0.5742,0.006666,0.12896,0.0
101230,12,418,0.5742,0.006666,0.15664,0.0
108404,12,418,0.5742,0.006666,0.43044,0.0
108405,12,418,0.5742,0.006666,0.48356,0.0
103291,12,418,0.5742,0.006666,0.15764,0.0
108416,12,418,0.5742,0.006666,0.4374,0.0
106369,12,418,0.5742,0.006666,0.41692,0.0
107393,12,418,0.5742,0.006666,0.27424000000000004,0.0
102274,12,418,0.5742,0.006666,0.12704,0.0
101255,12,418,0.5742,0.006666,0.125,0.0
107401,12,418,0.5742,0.006666,0.42112,0.0
105355,12,418,0.5742,0.006666,0.39828,0.0
106383,12,418,0.5742,0.006666,0.38472,0.0
107408,12,418,0.5742,0.006666,0.42836,0.0
104337,12,418,0.5742,0.006666,0.13704,0.0
108437,12,418,0.5742,0.006666,0.40444,0.0
105365,12,418,0.5742,0.006666,0.42036,0.0
103322,12,418,0.5742,0.006666,0.13784,0.0
105370,12,418,0.5742,0.006666,0.40424000000000004,0.0
100251,12,418,0.5742,0.006666,0.12916,0.0
101278,12,418,0.5742,0.006666,0.13328,0.0
105375,12,418,0.5742,0.006666,0.46640000000000004,0.0
104353,12,418,0.5742,0.006666,0.17372,0.0
101282,12,418,0.5742,0.006666,0.12808,0.0
106403,12,418,0.5742,0.006666,0.43652,0.0
106404,12,418,0.5742,0.006666,0.46956000000000003,0.0
108449,12,418,0.5742,0.006666,0.48144000000000003,0.0
101285,12,418,0.5742,0.006666,0.12648,0.0
108455,12,418,0.5742,0.006666,0.46848,0.0
105387,12,418,0.5742,0.006666,0.40192,0.0
109484,12,418,0.5742,0.006666,0.39064000000000004,0.0
109485,12,418,0.5742,0.006666,0.27644,0.0
106414,12,418,0.5742,0.006666,0.47328000000000003,0.0
106415,12,418,0.5742,0.006666,0.25948000000000004,0.0
105400,12,418,0.5742,0.006666,0.4424,0.0
102329,12,418,0.5742,0.006666,0.13048,0.0
106426,12,418,0.5742,0.006666,0.31668,0.0
103355,12,418,0.5742,0.006666,0.12636,0.0
102335,12,418,0.5742,0.006666,0.13388,0.0
107456,12,418,0.5742,0.006666,0.38028,0.0
102336,12,418,0.5742,0.006666,0.14528,0.0
109507,12,418,0.5742,0.006666,0.41208,0.0
109508,12,418,0.5742,0.006666,0.39736,0.0
106437,12,418,0.5742,0.006666,0.36860000000000004,0.0
102341,12,418,0.5742,0.006666,0.1338,0.0
109511,12,418,0.5742,0.006666,0.2994,0.0
101320,12,418,0.5742,0.006666,0.14884,0.0
100296,12,418,0.5742,0.006666,0.13052,0.0
107465,12,418,0.5742,0.006666,0.3628,0.0
101323,12,418,0.5742,0.006666,0.12568000000000001,0.0
106446,12,418,0.5742,0.006666,0.45948000000000006,0.0
101329,12,418,0.5742,0.006666,0.16748000000000002,0.0
108499,12,418,0.5742,0.006666,0.5018,0.0
108501,12,418,0.5742,0.006666,0.26672,0.0
105430,12,418,0.5742,0.006666,0.5014000000000001,0.0
104405,12,418,0.5742,0.006666,0.14112,0.0
109525,12,418,0.5742,0.006666,0.4272,0.0
103383,12,418,0.5742,0.006666,0.14828,0.0
108504,12,418,0.5742,0.006666,0.33088000000000006,0.0
102363,12,418,0.5742,0.006666,0.125,0.0
105437,12,418,0.5742,0.006666,0.42468,0.0
109539,12,418,0.5742,0.006666,0.24616,0.0
108516,12,418,0.5742,0.006666,0.37328000000000006,0.0
103395,12,418,0.5742,0.006666,0.12516,0.0
105447,12,418,0.5742,0.006666,0.38496,0.0
106477,12,418,0.5742,0.006666,0.49184000000000005,0.0
100337,12,418,0.5742,0.006666,0.19324000000000002,0.0
105460,12,418,0.5742,0.006666,0.47328000000000003,0.0
106485,12,418,0.5742,0.006666,0.51752,0.0
109561,12,418,0.5742,0.006666,0.22356,0.0
109564,12,418,0.5742,0.006666,0.38784,0.0
108542,12,418,0.5742,0.006666,0.4148,0.0
105478,13,264,0.7462,0.010139,0.35524,0.0
100361,13,264,0.7462,0.010139,0.13316,0.0
105481,13,264,0.7462,0.010139,0.46028,0.0
108555,13,264,0.7462,0.010139,0.39792,0.0
101389,13,264,0.7462,0.010139,0.21148,0.0
104468,13,264,0.7462,0.010139,0.13456,0.0
100372,13,264,0.7462,0.010139,0.12816,0.0
104481,13,264,0.7462,0.010139,0.13636,0.0
106531,13,264,0.7462,0.010139,0.45736,0.0
109604,13,264,0.7462,0.010139,0.4082,0.0
108591,13,264,0.7462,0.010139,0.27928,0.0
106546,13,264,0.7462,0.010139,0.50624,0.0
102451,13,264,0.7462,0.010139,0.15548,0.0
109621,13,264,0.7462,0.010139,0.25044,0.0
102453,13,264,0.7462,0.010139,0.1288,0.0
109623,13,264,0.7462,0.010139,0.38748,0.0
106550,13,264,0.7462,0.010139,0.48360000000000003,0.0
105540,13,264,0.7462,0.010139,0.39268000000000003,0.0
108616,13,264,0.7462,0.010139,0.24432,0.0
100437,13,264,0.7462,0.010139,0.15156,0.0
109653,13,264,0.7462,0.010139,0.36828,0.0
108630,13,264,0.7462,0.010139,0.41244000000000003,0.0
108638,13,264,0.7462,0.010139,0.3426,0.0
105566,13,264,0.7462,0.010139,0.46552,0.0
108644,13,264,0.7462,0.010139,0.38336000000000003,0.0
109675,13,264,0.7462,0.010139,0.48032,0.0
105592,13,264,0.7462,0.010139,0.44956,0.0
104569,13,264,0.7462,0.010139,0.12544,0.0
105594,13,264,0.7462,0.010139,0.34672000000000003,0.0
105597,13,264,0.7462,0.010139,0.29176,0.0
104580,13,264,0.7462,0.010139,0.20440000000000003,0.0
106629,13,264,0.7462,0.010139,0.33028,0.0
109702,13,264,0.7462,0.010139,0.33836,0.0
105615,13,264,0.7462,0.010139,0.4002,0.0
105616,13,264,0.7462,0.010139,0.45672,0.0
104593,13,264,0.7462,0.010139,0.17236,0.0
106643,13,264,0.7462,0.010139,0.43496,0.0
109716,13,264,0.7462,0.010139,0.48940000000000006,0.0
101534,13,264,0.7462,0.010139,0.14504,0.0
108702,13,264,0.7462,0.010139,0.45684,0.0
109726,13,264,0.7462,0.010139,0.221,0.0
106660,13,264,0.7462,0.010139,0.51372,0.0
106661,13,264,0.7462,0.010139,0.5109600000000001,0.0
106663,13,264,0.7462,0.010139,0.46796000000000004,0.0
103604,13,264,0.7462,0.010139,0.12624,0.0
107707,13,264,0.7462,0.010139,0.47424,0.0
108731,13,264,0.7462,0.010139,0.47268,0.0
107711,13,264,0.7462,0.010139,0.4032,0.0
107712,13,264,0.7462,0.010139,0.37204000000000004,0.0
104640,13,264,0.7462,0.010139,0.13032,0.0
102597,13,264,0.7462,0.010139,0.14892,0.0
102599,13,264,0.7462,0.010139,0.15996,0.0
101575,13,264,0.7462,0.010139,0.16124,0.0
105675,13,264,0.7462,0.010139,0.48456000000000005,0.0
109779,13,264,0.7462,0.010139,0.43964000000000003,0.0
108759,13,264,0.7462,0.010139,0.21912,0.0
107737,13,264,0.7462,0.010139,0.36876000000000003,0.0
104674,13,264,0.7462,0.010139,0.13776,0.0
106727,13,264,0.7462,0.010139,0.49184000000000005,0.0
104681,13,264,0.7462,0.010139,0.12508,0.0
101610,13,264,0.7462,0.010139,0.17392000000000002,0.0
108779,13,264,0.7462,0.010139,0.26248000000000005,0.0
109803,13,264,0.7462,0.010139,0.30076,0.0
108781,13,264,0.7462,0.010139,0.26324000000000003,0.0
105710,13,264,0.7462,0.010139,0.45012,0.0
107762,13,264,0.7462,0.010139,0.44660000000000005,0.0
105715,13,264,0.7462,0.010139,0.46744,0.0
105724,13,264,0.7462,0.010139,0.49664,0.0
108796,13,264,0.7462,0.010139,0.43716,0.0
106750,13,264,0.7462,0.010139,0.42984,0.0
101634,13,264,0.7462,0.010139,0.15304,0.0
106762,13,264,0.7462,0.010139,0.48204,0.0
107787,13,264,0.7462,0.010139,0.273,0.0
104721,13,264,0.7462,0.010139,0.18076,0.0
107793,13,264,0.7462,0.010139,0.45804,0.0
108829,13,264,0.7462,0.010139,0.40332,0.0
105757,13,264,0.7462,0.010139,0.40396000000000004,0.0
101663,13,264,0.7462,0.010139,0.1512,0.0
109870,13,264,0.7462,0.010139,0.43384,0.0
107823,13,264,0.7462,0.010139,0.44732,0.0
107833,13,264,0.7462,0.010139,0.43072,0.0
108862,13,264,0.7462,0.010139,0.362,0.0
103745,13,264,0.7462,0.010139,0.12528,0.0
109892,13,264,0.7462,0.010139,0.22572000000000003,0.0
105800,13,264,0.7462,0.010139,0.43392000000000003,0.0
102731,13,264,0.7462,0.010139,0.12636,0.0
106834,13,264,0.7462,0.010139,0.352,0.0
107863,13,264,0.7462,0.010139,0.45756,0.0
108890,13,264,0.7462,0.010139,0.27580000000000005,0.0
101729,13,264,0.7462,0.010139,0.12744,0.0
105825,13,264,0.7462,0.010139,0.3846,0.0
107878,13,264,0.7462,0.010139,0.41076,0.0
108908,13,264,0.7462,0.010139,0.2434,0.0
109936,13,264,0.7462,0.010139,0.44652000000000003,0.0
105842,13,264,0.7462,0.010139,0.36692,0.0
106867,13,264,0.7462,0.010139,0.49768,0.0
107890,13,264,0.7462,0.010139,0.46656000000000003,0.0
102774,13,264,0.7462,0.010139,0.13184,0.0
109945,13,264,0.7462,0.010139,0.24672,0.0
101758,13,264,0.7462,0.010139,0.1272,0.0
102783,13,264,0.7462,0.010139,0.12632,0.0
107902,13,264,0.7462,0.010139,0.42888000000000004,0.0
109957,13,264,0.7462,0.010139,0.28952,0.0
107911,13,264,0.7462,0.010139,0.39284,0.0
104841,13,264,0.7462,0.010139,0.12516,0.0
107916,13,264,0.7462,0.010139,0.37368,0.0
106893,13,264,0.7462,0.010139,0.40516,0.0
103824,13,264,0.7462,0.010139,0.14468,0.0
106899,13,264,0.7462,0.010139,0.2652,0.0
106901,13,264,0.7462,0.010139,0.37536,0.0
106902,13,264,0.7462,0.010139,0.33599999999999997,0.0
108953,13,264,0.7462,0.010139,0.31604,0.0
105881,13,264,0.7462,0.010139,0.476,0.0
108968,13,264,0.7462,0.010139,0.30912,0.0
108969,13,264,0.7462,0.010139,0.34052,0.0
106925,13,264,0.7462,0.010139,0.34296000000000004,0.0
108980,13,264,0.7462,0.010139,0.26788,0.0
105915,13,264,0.7462,0.010139,0.49496000000000007,0.0
108996,13,264,0.7462,0.010139,0.44736,0.0
107987,13,264,0.7462,0.010139,0.44172,0.0
106975,13,264,0.7462,0.010139,0.44816,0.0
108006,13,264,0.7462,0.010139,0.36312,0.0
105965,13,264,0.7462,0.010139,0.42604000000000003,0.0
100851,13,264,0.7462,0.010139,0.21716000000000002,0.0
106996,13,264,0.7462,0.010139,0.40324,0.0
105972,13,264,0.7462,0.010139,0.39256,0.0
107001,13,264,0.7462,0.010139,0.5018,0.0
105978,13,264,0.7462,0.010139,0.41368,0.0
104964,13,264,0.7462,0.010139,0.129,0.0
105990,13,264,0.7462,0.010139,0.28052,0.0
100874,13,264,0.7462,0.010139,0.1264,0.0
107019,13,264,0.7462,0.010139,0.43444,0.0
101903,13,264,0.7462,0.010139,0.125,0.0
100883,13,264,0.7462,0.010139,0.14452,0.0
106016,13,264,0.7462,0.010139,0.40816,0.0
109088,13,264,0.7462,0.010139,0.31279999999999997,0.0
108070,13,264,0.7462,0.010139,0.38852000000000003,0.0
105002,13,264,0.7462,0.010139,0.33684000000000003,0.0
107061,13,264,0.7462,0.010139,0.3316,0.0
103992,13,264,0.7462,0.010139,0.13964,0.0
106042,13,264,0.7462,0.010139,0.3988,0.0
107067,13,264,0.7462,0.010139,0.46456000000000003,0.0
105020,13,264,0.7462,0.010139,0.45412,0.0
100931,13,264,0.7462,0.010139,0.16248,0.0
107079,13,264,0.7462,0.010139,0.5110399999999999,0.0
107086,13,264,0.7462,0.010139,0.30504,0.0
107088,13,264,0.7462,0.010139,0.5180800000000001,0.0
105041,13,264,0.7462,0.010139,0.45936,0.0
100947,13,264,0.7462,0.010139,0.12756,0.0
108116,13,264,0.7462,0.010139,0.40476,0.0
105043,13,264,0.7462,0.010139,0.46832,0.0
107096,13,264,0.7462,0.010139,0.42812000000000006,0.0
100957,13,264,0.7462,0.010139,0.13576,0.0
108126,13,264,0.7462,0.010139,0.36188,0.0
105054,13,264,0.7462,0.010139,0.40316,0.0
105057,13,264,0.7462,0.010139,0.43284,0.0
101988,13,264,0.7462,0.010139,0.17724,0.0
108136,13,264,0.7462,0.010139,0.46748,0.0
106104,13,264,0.7462,0.010139,0.5064,0.0
107129,13,264,0.7462,0.010139,0.38944,0.0
107146,13,264,0.7462,0.010139,0.34456000000000003,0.0
105102,13,264,0.7462,0.010139,0.3852,0.0
107151,13,264,0.7462,0.010139,0.5092000000000001,0.0
106128,13,264,0.7462,0.010139,0.42468,0.0
108183,13,264,0.7462,0.010139,0.37936000000000003,0.0
106136,13,264,0.7462,0.010139,0.4824,0.0
109215,13,264,0.7462,0.010139,0.33652000000000004,0.0
106146,13,264,0.7462,0.010139,0.45032000000000005,0.0
107171,13,264,0.7462,0.010139,0.42876000000000003,0.0
106150,13,264,0.7462,0.010139,0.43420000000000003,0.0
107179,13,264,0.7462,0.010139,0.39432,0.0
104107,13,264,0.7462,0.010139,0.14764,0.0
108205,13,264,0.7462,0.010139,0.44844,0.0
107184,13,264,0.7462,0.010139,0.43628,0.0
103090,13,264,0.7462,0.010139,0.13588,0.0
104115,13,264,0.7462,0.010139,0.147,0.0
102069,13,264,0.7462,0.010139,0.13464,0.0
109245,13,264,0.7462,0.010139,0.25156,0.0
109248,13,264,0.7462,0.010139,0.23788,0.0
100039,13,264,0.7462,0.010139,0.12744,0.0
101064,13,264,0.7462,0.010139,0.12708,0.0
109261,13,264,0.7462,0.010139,0.20964,0.0
107213,13,264,0.7462,0.010139,0.34788,0.0
109264,13,264,0.7462,0.010139,0.42188,0.0
108252,13,264,0.7462,0.010139,0.47932,0.0
106205,13,264,0.7462,0.010139,0.5056400000000001,0.0
101086,13,264,0.7462,0.010139,0.13468,0.0
106212,13,264,0.7462,0.010139,0.34264000000000006,0.0
108265,13,264,0.7462,0.010139,0.4338,0.0
109291,13,264,0.7462,0.010139,0.27636000000000005,0.0
109293,13,264,0.7462,0.010139,0.31135999999999997,0.0
102128,13,264,0.7462,0.010139,0.12876,0.0
103152,13,264,0.7462,0.010139,0.1432,0.0
108277,13,264,0.7462,0.010139,0.45268,0.0
109302,13,264,0.7462,0.010139,0.2686,0.0
109304,13,264,0.7462,0.010139,0.43836,0.0
100091,13,264,0.7462,0.010139,0.12708,0.0
101119,13,264,0.7462,0.010139,0.15488000000000002,0.0
109315,13,264,0.7462,0.010139,0.27212000000000003,0.0
108291,13,264,0.7462,0.010139,0.32116,0.0
108297,13,264,0.7462,0.010139,0.36716000000000004,0.0
106250,13,264,0.7462,0.010139,0.44904000000000005,0.0
105228,13,264,0.7462,0.010139,0.35384000000000004,0.0
108315,13,264,0.7462,0.010139,0.42652,0.0
108318,13,264,0.7462,0.010139,0.37748,0.0
106272,13,264,0.7462,0.010139,0.48112,0.0
100129,13,264,0.7462,0.010139,0.1628,0.0
102178,13,264,0.7462,0.010139,0.13216,0.0
105255,13,264,0.7462,0.010139,0.29292,0.0
105258,13,264,0.7462,0.010139,0.44220000000000004,0.0
105267,13,264,0.7462,0.010139,0.48132,0.0
108347,13,264,0.7462,0.010139,0.46076000000000006,0.0
109377,13,264,0.7462,0.010139,0.32144,0.0
105284,13,264,0.7462,0.010139,0.44536,0.0
100169,13,264,0.7462,0.010139,0.14264,0.0
102231,13,264,0.7462,0.010139,0.18572,0.0
104280,13,264,0.7462,0.010139,0.1258,0.0
101208,13,264,0.7462,0.010139,0.21888000000000002,0.0
104289,13,264,0.7462,0.010139,0.12968,0.0
108386,13,264,0.7462,0.010139,0.40644,0.0
105316,13,264,0.7462,0.010139,0.49944000000000005,0.0
101239,13,264,0.7462,0.010139,0.12612,0.0
105336,13,264,0.7462,0.010139,0.44624,0.0
106359,13,264,0.7462,0.010139,0.44176000000000004,0.0
109434,13,264,0.7462,0.010139,0.41684000000000004,0.0
107390,13,264,0.7462,0.010139,0.42688000000000004,0.0
107392,13,264,0.7462,0.010139,0.32264000000000004,0.0
105350,13,264,0.7462,0.010139,0.48576,0.0
109447,13,264,0.7462,0.010139,0.27527999999999997,0.0
104327,13,264,0.7462,0.010139,0.12508,0.0
107407,13,264,0.7462,0.010139,0.40444,0.0
103312,13,264,0.7462,0.010139,0.15592,0.0
109457,13,264,0.7462,0.010139,0.2974,0.0
108442,13,264,0.7462,0.010139,0.35724,0.0
101275,13,264,0.7462,0.010139,0.21752,0.0
105381,13,264,0.7462,0.010139,0.40796000000000004,0.0
102312,13,264,0.7462,0.010139,0.12548,0.0
108459,13,264,0.7462,0.010139,0.3196,0.0
102317,13,264,0.7462,0.010139,0.21800000000000003,0.0
107437,13,264,0.7462,0.010139,0.50268,0.0
109495,13,264,0.7462,0.010139,0.42848,0.0
109498,13,264,0.7462,0.010139,0.38384,0.0
108475,13,264,0.7462,0.010139,0.374,0.0
107455,13,264,0.7462,0.010139,0.49268,0.0
108480,13,264,0.7462,0.010139,0.47176,0.0
105408,13,264,0.7462,0.010139,0.3854,0.0
108482,13,264,0.7462,0.010139,0.42328000000000005,0.0
107463,13,264,0.7462,0.010139,0.47688,0.0
108488,13,264,0.7462,0.010139,0.4106,0.0
106441,13,264,0.7462,0.010139,0.32896000000000003,0.0
105422,13,264,0.7462,0.010139,0.25164,0.0
105431,13,264,0.7462,0.010139,0.4464,0.0
102362,13,264,0.7462,0.010139,0.1652,0.0
109537,13,264,0.7462,0.010139,0.45480000000000004,0.0
109538,13,264,0.7462,0.010139,0.2234,0.0
106470,13,264,0.7462,0.010139,0.36419999999999997,0.0
109543,13,264,0.7462,0.010139,0.31984,0.0
106479,13,264,0.7462,0.010139,0.39924,0.0
109555,13,264,0.7462,0.010139,0.30808,0.0
107509,13,264,0.7462,0.010139,0.45148000000000005,0.0
106486,13,264,0.7462,0.010139,0.43736,0.0
102390,13,264,0.7462,0.010139,0.17252,0.0
109558,13,264,0.7462,0.010139,0.35276,0.0
107517,13,264,0.7462,0.010139,0.35048,0.0
102401,14,290,0.7724,0.009569,0.14068,0.0
107521,14,290,0.7724,0.009569,0.40812,0.0
108548,14,290,0.7724,0.009569,0.28604,0.0
105477,14,290,0.7724,0.009569,0.42384,0.0
109574,14,290,0.7724,0.009569,0.2832,0.0
104457,14,290,0.7724,0.009569,0.13392,0.0
109578,14,290,0.7724,0.009569,0.33224,0.0
105488,14,290,0.7724,0.009569,0.49136,0.0
107538,14,290,0.7724,0.009569,0.45924000000000004,0.0
105510,14,290,0.7724,0.009569,0.44532,0.0
105511,14,290,0.7724,0.009569,0.34540000000000004,0.0
106536,14,290,0.7724,0.009569,0.4118,0.0
100395,14,290,0.7724,0.009569,0.13104,0.0
109612,14,290,0.7724,0.009569,0.43076000000000003,0.0
108589,14,290,0.7724,0.009569,0.21176,0.0
106542,14,290,0.7724,0.009569,0.43812000000000006,0.0
107569,14,290,0.7724,0.009569,0.43024,0.0
100406,14,290,0.7724,0.009569,0.12928,0.0
109627,14,290,0.7724,0.009569,0.30696,0.0
106555,14,290,0.7724,0.009569,0.2344,0.0
108607,14,290,0.7724,0.009569,0.35112,0.0
109635,14,290,0.7724,0.009569,0.38056,0.0
107588,14,290,0.7724,0.009569,0.4288,0.0
105543,14,290,0.7724,0.009569,0.48932000000000003,0.0
106570,14,290,0.7724,0.009569,0.42588000000000004,0.0
108624,14,290,0.7724,0.009569,0.32588,0.0
103507,14,290,0.7724,0.009569,0.14844000000000002,0.0
108628,14,290,0.7724,0.009569,0.37212,0.0
108631,14,290,0.7724,0.009569,0.28468000000000004,0.0
108633,14,290,0.7724,0.009569,0.42432,0.0
108635,14,290,0.7724,0.009569,0.28396,0.0
107628,14,290,0.7724,0.009569,0.42568000000000006,0.0
103537,14,290,0.7724,0.009569,0.1282,0.0
106614,14,290,0.7724,0.009569,0.38992,0.0
105591,14,290,0.7724,0.009569,0.46084,0.0
109689,14,290,0.7724,0.009569,0.26480000000000004,0.0
109694,14,290,0.7724,0.009569,0.4086,0.0
105600,14,290,0.7724,0.009569,0.43028,0.0
109700,14,290,0.7724,0.009569,0.29084,0.0
102537,14,290,0.7724,0.009569,0.14756,0.0
100492,14,290,0.7724,0.009569,0.12656,0.0
108684,14,290,0.7724,0.009569,0.2962,0.0
109709,14,290,0.7724,0.009569,0.501,0.0
106637,14,290,0.7724,0.009569,0.5000800000000001,0.0
104600,14,290,0.7724,0.009569,0.13504,0.0
108698,14,290,0.7724,0.009569,0.40716,0.0
109723,14,290,0.7724,0.009569,0.42052,0.0
105631,14,290,0.7724,0.009569,0.46164000000000005,0.0
101540,14,290,0.7724,0.009569,0.12848,0.0
108710,14,290,0.7724,0.009569,0.37620000000000003,0.0
109738,14,290,0.7724,0.009569,0.34892,0.0
107690,14,290,0.7724,0.009569,0.40992,0.0
105645,14,290,0.7724,0.009569,0.47764000000000006,0.0
106681,14,290,0.7724,0.009569,0.36204000000000003,0.0
107713,14,290,0.7724,0.009569,0.39584,0.0
100546,14,290,0.7724,0.009569,0.14528,0.0
105671,14,290,0.7724,0.009569,0.47496000000000005,0.0
109767,14,290,0.7724,0.009569,0.38336000000000003,0.0
109770,14,290,0.7724,0.009569,0.46016,0.0
107739,14,290,0.7724,0.009569,0.32932000000000006,0.0
109788,14,290,0.7724,0.009569,0.44236000000000003,0.0
105693,14,290,0.7724,0.009569,0.45356,0.0
109794,14,290,0.7724,0.009569,0.43128000000000005,0.0
105700,14,290,0.7724,0.009569,0.463,0.0
107749,14,290,0.7724,0.009569,0.40156000000000003,0.0
109797,14,290,0.7724,0.009569,0.44676000000000005,0.0
107751,14,290,0.7724,0.009569,0.43932000000000004,0.0
105704,14,290,0.7724,0.009569,0.4802,0.0
108778,14,290,0.7724,0.009569,0.36684000000000005,0.0
109819,14,290,0.7724,0.009569,0.39416,0.0
108797,14,290,0.7724,0.009569,0.30812,0.0
109824,14,290,0.7724,0.009569,0.28888,0.0
108808,14,290,0.7724,0.009569,0.39592,0.0
109840,14,290,0.7724,0.009569,0.38728,0.0
109842,14,290,0.7724,0.009569,0.32044,0.0
107799,14,290,0.7724,0.009569,0.48028000000000004,0.0
108823,14,290,0.7724,0.009569,0.41444000000000003,0.0
103706,14,290,0.7724,0.009569,0.12688,0.0
109851,14,290,0.7724,0.009569,0.44984,0.0
109856,14,290,0.7724,0.009569,0.34468,0.0
108833,14,290,0.7724,0.009569,0.29228,0.0
103720,14,290,0.7724,0.009569,0.19044,0.0
109865,14,290,0.7724,0.009569,0.35775999999999997,0.0
109866,14,290,0.7724,0.009569,0.36844,0.0
106795,14,290,0.7724,0.009569,0.27327999999999997,0.0
109869,14,290,0.7724,0.009569,0.343,0.0
108845,14,290,0.7724,0.009569,0.45336,0.0
107825,14,290,0.7724,0.009569,0.41584,0.0
105779,14,290,0.7724,0.009569,0.48260000000000003,0.0
106804,14,290,0.7724,0.009569,0.51576,0.0
103740,14,290,0.7724,0.009569,0.14284,0.0
109886,14,290,0.7724,0.009569,0.15368,0.0
109887,14,290,0.7724,0.009569,0.30628,0.0
107838,14,290,0.7724,0.009569,0.28212000000000004,0.0
107841,14,290,0.7724,0.009569,0.40356000000000003,0.0
109893,14,290,0.7724,0.009569,0.46008000000000004,0.0
101701,14,290,0.7724,0.009569,0.14276,0.0
108869,14,290,0.7724,0.009569,0.34572,0.0
109897,14,290,0.7724,0.009569,0.33872,0.0
101708,14,290,0.7724,0.009569,0.13256,0.0
108881,14,290,0.7724,0.009569,0.33648,0.0
106841,14,290,0.7724,0.009569,0.4278,0.0
107865,14,290,0.7724,0.009569,0.45836000000000005,0.0
105818,14,290,0.7724,0.009569,0.49,0.0
108894,14,290,0.7724,0.009569,0.25052,0.0
109918,14,290,0.7724,0.009569,0.36452,0.0
106846,14,290,0.7724,0.009569,0.46236000000000005,0.0
103775,14,290,0.7724,0.009569,0.14824,0.0
106850,14,290,0.7724,0.009569,0.43764000000000003,0.0
108906,14,290,0.7724,0.009569,0.44332,0.0
100716,14,290,0.7724,0.009569,0.16348000000000001,0.0
101741,14,290,0.7724,0.009569,0.1544,0.0
109937,14,290,0.7724,0.009569,0.43044,0.0
105846,14,290,0.7724,0.009569,0.49708,0.0
103800,14,290,0.7724,0.009569,0.13924,0.0
108923,14,290,0.7724,0.009569,0.34072,0.0
108932,14,290,0.7724,0.009569,0.36468,0.0
106887,14,290,0.7724,0.009569,0.5170399999999999,0.0
108936,14,290,0.7724,0.009569,0.49372,0.0
106891,14,290,0.7724,0.009569,0.47172000000000003,0.0
104844,14,290,0.7724,0.009569,0.12604,0.0
108941,14,290,0.7724,0.009569,0.22896,0.0
109967,14,290,0.7724,0.009569,0.41792,0.0
109973,14,290,0.7724,0.009569,0.27024000000000004,0.0
107929,14,290,0.7724,0.009569,0.49520000000000003,0.0
100767,14,290,0.7724,0.009569,0.15792,0.0
105889,14,290,0.7724,0.009569,0.39356,0.0
106914,14,290,0.7724,0.009569,0.31844,0.0
103847,14,290,0.7724,0.009569,0.21939999999999998,0.0
106921,14,290,0.7724,0.009569,0.42976000000000003,0.0
102828,14,290,0.7724,0.009569,0.18504,0.0
106924,14,290,0.7724,0.009569,0.5096,0.0
109998,14,290,0.7724,0.009569,0.26088,0.0
110000,14,290,0.7724,0.009569,0.34516,0.0
105910,14,290,0.7724,0.009569,0.44024,0.0
108993,14,290,0.7724,0.009569,0.46928000000000003,0.0
106946,14,290,0.7724,0.009569,0.32308000000000003,0.0
103874,14,290,0.7724,0.009569,0.12584,0.0
108998,14,290,0.7724,0.009569,0.49588000000000004,0.0
109002,14,290,0.7724,0.009569,0.3608,0.0
106957,14,290,0.7724,0.009569,0.49432000000000004,0.0
109008,14,290,0.7724,0.009569,0.26232,0.0
106962,14,290,0.7724,0.009569,0.49256000000000005,0.0
109012,14,290,0.7724,0.009569,0.39864000000000005,0.0
107995,14,290,0.7724,0.009569,0.451,0.0
109019,14,290,0.7724,0.009569,0.24576,0.0
108000,14,290,0.7724,0.009569,0.34456000000000003,0.0
109029,14,290,0.7724,0.009569,0.43012000000000006,0.0
109041,14,290,0.7724,0.009569,0.36116000000000004,0.0
109045,14,290,0.7724,0.009569,0.23692000000000002,0.0
108021,14,290,0.7724,0.009569,0.44284,0.0
109052,14,290,0.7724,0.009569,0.36544,0.0
109057,14,290,0.7724,0.009569,0.33296000000000003,0.0
102926,14,290,0.7724,0.009569,0.12804,0.0
103954,14,290,0.7724,0.009569,0.12732,0.0
107028,14,290,0.7724,0.009569,0.43588000000000005,0.0
109076,14,290,0.7724,0.009569,0.32568,0.0
109080,14,290,0.7724,0.009569,0.41572000000000003,0.0
109090,14,290,0.7724,0.009569,0.35892,0.0
101924,14,290,0.7724,0.009569,0.2094,0.0
109093,14,290,0.7724,0.009569,0.23512,0.0
108071,14,290,0.7724,0.009569,0.38580000000000003,0.0
108076,14,290,0.7724,0.009569,0.40956000000000004,0.0
109103,14,290,0.7724,0.009569,0.35660000000000003,0.0
109104,14,290,0.7724,0.009569,0.41532,0.0
109108,14,290,0.7724,0.009569,0.40800000000000003,0.0
100921,14,290,0.7724,0.009569,0.15460000000000002,0.0
103993,14,290,0.7724,0.009569,0.22996,0.0
100923,14,290,0.7724,0.009569,0.13192,0.0
109117,14,290,0.7724,0.009569,0.37188,0.0
100928,14,290,0.7724,0.009569,0.23728,0.0
109123,14,290,0.7724,0.009569,0.37256,0.0
104008,14,290,0.7724,0.009569,0.14008,0.0
108107,14,290,0.7724,0.009569,0.47732,0.0
108109,14,290,0.7724,0.009569,0.48048,0.0
109139,14,290,0.7724,0.009569,0.32428,0.0
108117,14,290,0.7724,0.009569,0.34004,0.0
107095,14,290,0.7724,0.009569,0.41644000000000003,0.0
108124,14,290,0.7724,0.009569,0.33424,0.0
104029,14,290,0.7724,0.009569,0.12516,0.0
109157,14,290,0.7724,0.009569,0.23968,0.0
108133,14,290,0.7724,0.009569,0.40004,0.0
107114,14,290,0.7724,0.009569,0.3976,0.0
101995,14,290,0.7724,0.009569,0.14804,0.0
104046,14,290,0.7724,0.009569,0.12608,0.0
106102,14,290,0.7724,0.009569,0.35131999999999997,0.0
100983,14,290,0.7724,0.009569,0.15328,0.0
100987,14,290,0.7724,0.009569,0.12864,0.0
104064,14,290,0.7724,0.009569,0.12516,0.0
105096,14,290,0.7724,0.009569,0.49912,0.0
107148,14,290,0.7724,0.009569,0.39616,0.0
107154,14,290,0.7724,0.009569,0.44336000000000003,0.0
105107,14,290,0.7724,0.009569,0.46376,0.0
109208,14,290,0.7724,0.009569,0.2932,0.0
108186,14,290,0.7724,0.009569,0.37528,0.0
105117,14,290,0.7724,0.009569,0.44664000000000004,0.0
100007,14,290,0.7724,0.009569,0.12904,0.0
109224,14,290,0.7724,0.009569,0.26104000000000005,0.0
107178,14,290,0.7724,0.009569,0.4848,0.0
106155,14,290,0.7724,0.009569,0.37448000000000004,0.0
108202,14,290,0.7724,0.009569,0.41116,0.0
106163,14,290,0.7724,0.009569,0.23268,0.0
102070,14,290,0.7724,0.009569,0.125,0.0
106172,14,290,0.7724,0.009569,0.49744000000000005,0.0
104126,14,290,0.7724,0.009569,0.12908,0.0
101057,14,290,0.7724,0.009569,0.12688,0.0
101058,14,290,0.7724,0.009569,0.12692,0.0
109260,14,290,0.7724,0.009569,0.33588,0.0
109269,14,290,0.7724,0.009569,0.47872000000000003,0.0
107225,14,290,0.7724,0.009569,0.44820000000000004,0.0
104157,14,290,0.7724,0.009569,0.12504,0.0
108278,14,290,0.7724,0.009569,0.41436,0.0
108280,14,290,0.7724,0.009569,0.41724,0.0
105209,14,290,0.7724,0.009569,0.48864,0.0
108285,14,290,0.7724,0.009569,0.44444,0.0
102150,14,290,0.7724,0.009569,0.12564,0.0
102151,14,290,0.7724,0.009569,0.1252,0.0
101129,14,290,0.7724,0.009569,0.13832,0.0
105227,14,290,0.7724,0.009569,0.4292,0.0
106253,14,290,0.7724,0.009569,0.44768,0.0
104210,14,290,0.7724,0.009569,0.23604000000000003,0.0
108309,14,290,0.7724,0.009569,0.494,0.0
107289,14,290,0.7724,0.009569,0.45424000000000003,0.0
106268,14,290,0.7724,0.009569,0.45064000000000004,0.0
107307,14,290,0.7724,0.009569,0.35156,0.0
108332,14,290,0.7724,0.009569,0.40856,0.0
106285,14,290,0.7724,0.009569,0.37736000000000003,0.0
107316,14,290,0.7724,0.009569,0.40344,0.0
100151,14,290,0.7724,0.009569,0.18624000000000002,0.0
104252,14,290,0.7724,0.009569,0.149,0.0
100164,14,290,0.7724,0.009569,0.12824,0.0
104260,14,290,0.7724,0.009569,0.16336,0.0
104263,14,290,0.7724,0.009569,0.13863999999999999,0.0
109385,14,290,0.7724,0.009569,0.31648,0.0
106320,14,290,0.7724,0.009569,0.39216,0.0
101201,14,290,0.7724,0.009569,0.12928,0.0
108368,14,290,0.7724,0.009569,0.43592000000000003,0.0
108374,14,290,0.7724,0.009569,0.42384,0.0
109400,14,290,0.7724,0.009569,0.27644,0.0
106329,14,290,0.7724,0.009569,0.41696,0.0
109402,14,290,0.7724,0.009569,0.31008,0.0
108382,14,290,0.7724,0.009569,0.4546,0.0
101218,14,290,0.7724,0.009569,0.12552,0.0
108387,14,290,0.7724,0.009569,0.362,0.0
106339,14,290,0.7724,0.009569,0.39776,0.0
105321,14,290,0.7724,0.009569,0.42964,0.0
105322,14,290,0.7724,0.009569,0.33432,0.0
105329,14,290,0.7724,0.009569,0.42996,0.0
103287,14,290,0.7724,0.009569,0.13428,0.0
100221,14,290,0.7724,0.009569,0.16088,0.0
102269,14,290,0.7724,0.009569,0.177,0.0
105347,14,290,0.7724,0.009569,0.42075999999999997,0.0
106371,14,290,0.7724,0.009569,0.40800000000000003,0.0
108422,14,290,0.7724,0.009569,0.4476,0.0
108430,14,290,0.7724,0.009569,0.47944000000000003,0.0
108433,14,290,0.7724,0.009569,0.43776000000000004,0.0
107410,14,290,0.7724,0.009569,0.43848,0.0
108440,14,290,0.7724,0.009569,0.43712,0.0
104347,14,290,0.7724,0.009569,0.15396,0.0
106398,14,290,0.7724,0.009569,0.48312,0.0
109471,14,290,0.7724,0.009569,0.28012000000000004,0.0
106401,14,290,0.7724,0.009569,0.48164,0.0
104354,14,290,0.7724,0.009569,0.21748,0.0
102306,14,290,0.7724,0.009569,0.16752,0.0
109477,14,290,0.7724,0.009569,0.37188,0.0
105388,14,290,0.7724,0.009569,0.399,0.0
108462,14,290,0.7724,0.009569,0.49056000000000005,0.0
107442,14,290,0.7724,0.009569,0.41224,0.0
109496,14,290,0.7724,0.009569,0.38484,0.0
104379,14,290,0.7724,0.009569,0.16664,0.0
105406,14,290,0.7724,0.009569,0.41004,0.0
105407,14,290,0.7724,0.009569,0.44252,0.0
104385,14,290,0.7724,0.009569,0.13024,0.0
107462,14,290,0.7724,0.009569,0.409,0.0
109513,14,290,0.7724,0.009569,0.36472000000000004,0.0
107471,14,290,0.7724,0.009569,0.38292000000000004,0.0
105423,14,290,0.7724,0.009569,0.44908000000000003,0.0
109528,14,290,0.7724,0.009569,0.37048000000000003,0.0
105433,14,290,0.7724,0.009569,0.36152000000000006,0.0
106460,14,290,0.7724,0.009569,0.5021599999999999,0.0
106463,14,290,0.7724,0.009569,0.44656,0.0
102368,14,290,0.7724,0.009569,0.21724,0.0
104417,14,290,0.7724,0.009569,0.14048,0.0
108524,14,290,0.7724,0.009569,0.28708,0.0
107501,14,290,0.7724,0.009569,0.51444,0.0
108528,14,290,0.7724,0.009569,0.4556,0.0
108529,14,290,0.7724,0.009569,0.46728000000000003,0.0
109552,14,290,0.7724,0.009569,0.35663999999999996,0.0
106483,14,290,0.7724,0.009569,0.45052000000000003,0.0
107519,14,290,0.7724,0.009569,0.33199999999999996,0.0
100358,15,552,0.1594,0.005951,0.14679999999999999,0.0
102414,15,552,0.1594,0.005951,0.12832,0.0
102415,15,552,0.1594,0.005951,0.12668,0.0
106512,15,552,0.1594,0.005951,0.41408,0.0
100366,15,552,0.1594,0.005951,0.13644,0.0
102423,15,552,0.1594,0.005951,0.14388,0.0
104472,15,552,0.1594,0.005951,0.17236,0.0
106520,15,552,0.1594,0.005951,0.46808000000000005,0.0
100380,15,552,0.1594,0.005951,0.15368,0.0
104478,15,552,0.1594,0.005951,0.13748,0.0
100385,15,552,0.1594,0.005951,0.12508,0.0
104483,15,552,0.1594,0.005951,0.12512,0.0
100388,15,552,0.1594,0.005951,0.15936,0.0
102437,15,552,0.1594,0.005951,0.1404,0.0
104490,15,552,0.1594,0.005951,0.20092,0.0
102442,15,552,0.1594,0.005951,0.18028,0.0
102446,15,552,0.1594,0.005951,0.1398,0.0
100412,15,552,0.1594,0.005951,0.14736,0.0
106565,15,552,0.1594,0.005951,0.41004,0.0
104517,15,552,0.1594,0.005951,0.1366,0.0
104521,15,552,0.1594,0.005951,0.12788,0.0
104522,15,552,0.1594,0.005951,0.13992,0.0
104526,15,552,0.1594,0.005951,0.12504,0.0
106575,15,552,0.1594,0.005951,0.46532,0.0
100433,15,552,0.1594,0.005951,0.17064000000000001,0.0
104533,15,552,0.1594,0.005951,0.15452,0.0
100447,15,552,0.1594,0.005951,0.15236,0.0
104543,15,552,0.1594,0.005951,0.13572,0.0
108645,15,552,0.1594,0.005951,0.37408,0.0
102507,15,552,0.1594,0.005951,0.12864,0.0
100467,15,552,0.1594,0.005951,0.1768,0.0
100468,15,552,0.1594,0.005951,0.14604,0.0
104570,15,552,0.1594,0.005951,0.18416,0.0
102527,15,552,0.1594,0.005951,0.12544,0.0
100480,15,552,0.1594,0.005951,0.12604,0.0
100488,15,552,0.1594,0.005951,0.15192,0.0
100491,15,552,0.1594,0.005951,0.17796,0.0
104590,15,552,0.1594,0.005951,0.17096,0.0
102544,15,552,0.1594,0.005951,0.1274,0.0
104595,15,552,0.1594,0.005951,0.1344,0.0
100504,15,552,0.1594,0.005951,0.14424,0.0
102553,15,552,0.1594,0.005951,0.17416,0.0
102554,15,552,0.1594,0.005951,0.25028,0.0
104605,15,552,0.1594,0.005951,0.12508,0.0
100511,15,552,0.1594,0.005951,0.15372,0.0
100514,15,552,0.1594,0.005951,0.18384,0.0
106658,15,552,0.1594,0.005951,0.43052,0.0
104613,15,552,0.1594,0.005951,0.13468,0.0
100520,15,552,0.1594,0.005951,0.13512,0.0
100523,15,552,0.1594,0.005951,0.125,0.0
104620,15,552,0.1594,0.005951,0.1428,0.0
104624,15,552,0.1594,0.005951,0.13752,0.0
104627,15,552,0.1594,0.005951,0.13724,0.0
100535,15,552,0.1594,0.005951,0.21992,0.0
102590,15,552,0.1594,0.005951,0.19619999999999999,0.0
100547,15,552,0.1594,0.005951,0.17508,0.0
100548,15,552,0.1594,0.005951,0.125,0.0
104649,15,552,0.1594,0.005951,0.14664,0.0
104652,15,552,0.1594,0.005951,0.13152,0.0
102606,15,552,0.1594,0.005951,0.13256,0.0
102611,15,552,0.1594,0.005951,0.125,0.0
106708,15,552,0.1594,0.005951,0.34487999999999996,0.0
100564,15,552,0.1594,0.005951,0.15716,0.0
104662,15,552,0.1594,0.005951,0.24552000000000002,0.0
102615,15,552,0.1594,0.005951,0.12724,0.0
100569,15,552,0.1594,0.005951,0.12676,0.0
100573,15,552,0.1594,0.005951,0.14616,0.0
104675,15,552,0.1594,0.005951,0.1404,0.0
100580,15,552,0.1594,0.005951,0.13552,0.0
100584,15,552,0.1594,0.005951,0.13172,0.0
106731,15,552,0.1594,0.005951,0.3312,0.0
104684,15,552,0.1594,0.005951,0.14976,0.0
102640,15,552,0.1594,0.005951,0.1254,0.0
104689,15,552,0.1594,0.005951,0.13012,0.0
100593,15,552,0.1594,0.005951,0.18344,0.0
100595,15,552,0.1594,0.005951,0.18212,0.0
102645,15,552,0.1594,0.005951,0.22844,0.0
100598,15,552,0.1594,0.005951,0.1956,0.0
104695,15,552,0.1594,0.005951,0.14,0.0
102652,15,552,0.1594,0.005951,0.12504,0.0
104701,15,552,0.1594,0.005951,0.12508,0.0
100609,15,552,0.1594,0.005951,0.13964,0.0
104707,15,552,0.1594,0.005951,0.1574,0.0
100614,15,552,0.1594,0.005951,0.12636,0.0
106760,15,552,0.1594,0.005951,0.46916,0.0
102669,15,552,0.1594,0.005951,0.1288,0.0
102670,15,552,0.1594,0.005951,0.12656,0.0
106768,15,552,0.1594,0.005951,0.45032000000000005,0.0
106772,15,552,0.1594,0.005951,0.4156,0.0
102677,15,552,0.1594,0.005951,0.12952,0.0
108822,15,552,0.1594,0.005951,0.23296,0.0
100631,15,552,0.1594,0.005951,0.1276,0.0
104728,15,552,0.1594,0.005951,0.12636,0.0
102681,15,552,0.1594,0.005951,0.18856,0.0
100636,15,552,0.1594,0.005951,0.13828000000000001,0.0
100637,15,552,0.1594,0.005951,0.13204,0.0
100638,15,552,0.1594,0.005951,0.18756,0.0
102687,15,552,0.1594,0.005951,0.137,0.0
102685,15,552,0.1594,0.005951,0.12584,0.0
100642,15,552,0.1594,0.005951,0.1344,0.0
102690,15,552,0.1594,0.005951,0.156,0.0
104744,15,552,0.1594,0.005951,0.12516,0.0
100650,15,552,0.1594,0.005951,0.16892000000000001,0.0
100659,15,552,0.1594,0.005951,0.15312,0.0
106805,15,552,0.1594,0.005951,0.448,0.0
102710,15,552,0.1594,0.005951,0.12952,0.0
100661,15,552,0.1594,0.005951,0.152,0.0
102720,15,552,0.1594,0.005951,0.15016000000000002,0.0
102721,15,552,0.1594,0.005951,0.19268000000000002,0.0
100672,15,552,0.1594,0.005951,0.15284,0.0
104773,15,552,0.1594,0.005951,0.17456,0.0
102727,15,552,0.1594,0.005951,0.13824,0.0
106826,15,552,0.1594,0.005951,0.50056,0.0
104778,15,552,0.1594,0.005951,0.12552,0.0
102732,15,552,0.1594,0.005951,0.15956,0.0
102734,15,552,0.1594,0.005951,0.15916,0.0
106830,15,552,0.1594,0.005951,0.4274,0.0
104790,15,552,0.1594,0.005951,0.16272,0.0
104791,15,552,0.1594,0.005951,0.12504,0.0
100696,15,552,0.1594,0.005951,0.13452,0.0
104794,15,552,0.1594,0.005951,0.13524,0.0
104801,15,552,0.1594,0.005951,0.13024,0.0
104804,15,552,0.1594,0.005951,0.15516,0.0
102757,15,552,0.1594,0.005951,0.1286,0.0
100714,15,552,0.1594,0.005951,0.15328,0.0
102775,15,552,0.1594,0.005951,0.16604,0.0
104830,15,552,0.1594,0.005951,0.23012,0.0
100738,15,552,0.1594,0.005951,0.12524,0.0
104835,15,552,0.1594,0.005951,0.1438,0.0
100743,15,552,0.1594,0.005951,0.24736000000000002,0.0
102796,15,552,0.1594,0.005951,0.12744,0.0
100749,15,552,0.1594,0.005951,0.1264,0.0
100748,15,552,0.1594,0.005951,0.14088,0.0
102799,15,552,0.1594,0.005951,0.12544,0.0
104850,15,552,0.1594,0.005951,0.12524,0.0
104855,15,552,0.1594,0.005951,0.13992,0.0
104856,15,552,0.1594,0.005951,0.17228,0.0
106905,15,552,0.1594,0.005951,0.4052,0.0
106906,15,552,0.1594,0.005951,0.43252,0.0
100766,15,552,0.1594,0.005951,0.13404,0.0
102814,15,552,0.1594,0.005951,0.125,0.0
104866,15,552,0.1594,0.005951,0.1336,0.0
102823,15,552,0.1594,0.005951,0.12648,0.0
100775,15,552,0.1594,0.005951,0.16256,0.0
102829,15,552,0.1594,0.005951,0.12504,0.0
104883,15,552,0.1594,0.005951,0.12532,0.0
102837,15,552,0.1594,0.005951,0.125,0.0
100790,15,552,0.1594,0.005951,0.12728,0.0
100792,15,552,0.1594,0.005951,0.12664,0.0
102846,15,552,0.1594,0.005951,0.12504,0.0
104900,15,552,0.1594,0.005951,0.12948,0.0
100805,15,552,0.1594,0.005951,0.16616,0.0
100806,15,552,0.1594,0.005951,0.28315999999999997,0.0
102854,15,552,0.1594,0.005951,0.15452,0.0
104903,15,552,0.1594,0.005951,0.12532,0.0
104905,15,552,0.1594,0.005951,0.1306,0.0
100810,15,552,0.1594,0.005951,0.12844,0.0
100814,15,552,0.1594,0.005951,0.17596,0.0
104911,15,552,0.1594,0.005951,0.13704,0.0
100819,15,552,0.1594,0.005951,0.12508,0.0
100821,15,552,0.1594,0.005951,0.12636,0.0
102869,15,552,0.1594,0.005951,0.12512,0.0
102870,15,552,0.1594,0.005951,0.12784,0.0
104918,15,552,0.1594,0.005951,0.15656,0.0
102875,15,552,0.1594,0.005951,0.14216,0.0
102876,15,552,0.1594,0.005951,0.13476,0.0
109022,15,552,0.1594,0.005951,0.34392,0.0
102879,15,552,0.1594,0.005951,0.13988,0.0
104931,15,552,0.1594,0.005951,0.12508,0.0
100836,15,552,0.1594,0.005951,0.19052000000000002,0.0
100837,15,552,0.1594,0.005951,0.12908,0.0
102883,15,552,0.1594,0.005951,0.14572000000000002,0.0
102890,15,552,0.1594,0.005951,0.13264,0.0
102891,15,552,0.1594,0.005951,0.12504,0.0
104938,15,552,0.1594,0.005951,0.1448,0.0
104941,15,552,0.1594,0.005951,0.15456,0.0
100845,15,552,0.1594,0.005951,0.12532,0.0
104957,15,552,0.1594,0.005951,0.12512,0.0
104961,15,552,0.1594,0.005951,0.12524,0.0
104962,15,552,0.1594,0.005951,0.13552,0.0
100869,15,552,0.1594,0.005951,0.14208,0.0
102927,15,552,0.1594,0.005951,0.1308,0.0
100880,15,552,0.1594,0.005951,0.12504,0.0
100881,15,552,0.1594,0.005951,0.14104,0.0
107023,15,552,0.1594,0.005951,0.41404,0.0
102935,15,552,0.1594,0.005951,0.12592,0.0
104984,15,552,0.1594,0.005951,0.13188,0.0
102937,15,552,0.1594,0.005951,0.13112000000000001,0.0
100893,15,552,0.1594,0.005951,0.12768,0.0
104993,15,552,0.1594,0.005951,0.1726,0.0
100899,15,552,0.1594,0.005951,0.12648,0.0
104997,15,552,0.1594,0.005951,0.136,0.0
107048,15,552,0.1594,0.005951,0.40099999999999997,0.0
100912,15,552,0.1594,0.005951,0.15952,0.0
102972,15,552,0.1594,0.005951,0.13152,0.0
100926,15,552,0.1594,0.005951,0.15756,0.0
107078,15,552,0.1594,0.005951,0.44108,0.0
109131,15,552,0.1594,0.005951,0.44076000000000004,0.0
100945,15,552,0.1594,0.005951,0.22464,0.0
105044,15,552,0.1594,0.005951,0.44752000000000003,0.0
100950,15,552,0.1594,0.005951,0.14484,0.0
102999,15,552,0.1594,0.005951,0.15296,0.0
100951,15,552,0.1594,0.005951,0.20824,0.0
103000,15,552,0.1594,0.005951,0.241,0.0
100959,15,552,0.1594,0.005951,0.12968,0.0
103010,15,552,0.1594,0.005951,0.13188,0.0
100963,15,552,0.1594,0.005951,0.13508,0.0
100971,15,552,0.1594,0.005951,0.14188,0.0
103019,15,552,0.1594,0.005951,0.1444,0.0
103023,15,552,0.1594,0.005951,0.131,0.0
107123,15,552,0.1594,0.005951,0.32748,0.0
103033,15,552,0.1594,0.005951,0.13296,0.0
103035,15,552,0.1594,0.005951,0.13044,0.0
100988,15,552,0.1594,0.005951,0.14200000000000002,0.0
103039,15,552,0.1594,0.005951,0.15128,0.0
105088,15,552,0.1594,0.005951,0.46828000000000003,0.0
103049,15,552,0.1594,0.005951,0.137,0.0
101017,15,552,0.1594,0.005951,0.2218,0.0
101018,15,552,0.1594,0.005951,0.1266,0.0
103068,15,552,0.1594,0.005951,0.14636,0.0
103070,15,552,0.1594,0.005951,0.12508,0.0
101026,15,552,0.1594,0.005951,0.125,0.0
103074,15,552,0.1594,0.005951,0.13036,0.0
101030,15,552,0.1594,0.005951,0.14428,0.0
107177,15,552,0.1594,0.005951,0.3532,0.0
101039,15,552,0.1594,0.005951,0.12512,0.0
101045,15,552,0.1594,0.005951,0.125,0.0
103095,15,552,0.1594,0.005951,0.20352,0.0
103097,15,552,0.1594,0.005951,0.13808,0.0
103109,15,552,0.1594,0.005951,0.1512,0.0
101065,15,552,0.1594,0.005951,0.1262,0.0
103125,15,552,0.1594,0.005951,0.125,0.0
101078,15,552,0.1594,0.005951,0.14124,0.0
103132,15,552,0.1594,0.005951,0.14384,0.0
103133,15,552,0.1594,0.005951,0.2162,0.0
105184,15,552,0.1594,0.005951,0.45792000000000005,0.0
101089,15,552,0.1594,0.005951,0.1634,0.0
103139,15,552,0.1594,0.005951,0.13392,0.0
101092,15,552,0.1594,0.005951,0.12704,0.0
105187,15,552,0.1594,0.005951,0.50004,0.0
107238,15,552,0.1594,0.005951,0.40800000000000003,0.0
101098,15,552,0.1594,0.005951,0.17987999999999998,0.0
105198,15,552,0.1594,0.005951,0.484,0.0
101108,15,552,0.1594,0.005951,0.12764,0.0
105208,15,552,0.1594,0.005951,0.44512,0.0
101135,15,552,0.1594,0.005951,0.13536,0.0
109329,15,552,0.1594,0.005951,0.26168,0.0
101152,15,552,0.1594,0.005951,0.12548,0.0
105250,15,552,0.1594,0.005951,0.4088,0.0
101168,15,552,0.1594,0.005951,0.18284,0.0
103219,15,552,0.1594,0.005951,0.12544,0.0
101171,15,552,0.1594,0.005951,0.15632000000000001,0.0
107322,15,552,0.1594,0.005951,0.35388000000000003,0.0
103241,15,552,0.1594,0.005951,0.18112,0.0
101199,15,552,0.1594,0.005951,0.17096,0.0
101202,15,552,0.1594,0.005951,0.1624,0.0
101206,15,552,0.1594,0.005951,0.1334,0.0
103256,15,552,0.1594,0.005951,0.14672000000000002,0.0
107353,15,552,0.1594,0.005951,0.48772000000000004,0.0
101212,15,552,0.1594,0.005951,0.12556,0.0
103261,15,552,0.1594,0.005951,0.12944,0.0
103275,15,552,0.1594,0.005951,0.13832,0.0
103277,15,552,0.1594,0.005951,0.17744,0.0
107379,15,552,0.1594,0.005951,0.5005200000000001,0.0
103298,15,552,0.1594,0.005951,0.164,0.0
109444,15,552,0.1594,0.005951,0.28828,0.0
105348,15,552,0.1594,0.005951,0.47476,0.0
101258,15,552,0.1594,0.005951,0.12652,0.0
103308,15,552,0.1594,0.005951,0.12552,0.0
107413,15,552,0.1594,0.005951,0.48908,0.0
103326,15,552,0.1594,0.005951,0.156,0.0
107425,15,552,0.1594,0.005951,0.34084000000000003,0.0
103330,15,552,0.1594,0.005951,0.17856,0.0
101287,15,552,0.1594,0.005951,0.16456,0.0
103336,15,552,0.1594,0.005951,0.12548,0.0
105386,15,552,0.1594,0.005951,0.39420000000000005,0.0
103341,15,552,0.1594,0.005951,0.14679999999999999,0.0
101297,15,552,0.1594,0.005951,0.13312,0.0
101308,15,552,0.1594,0.005951,0.23992000000000002,0.0
103367,15,552,0.1594,0.005951,0.12952,0.0
103371,15,552,0.1594,0.005951,0.13356,0.0
101327,15,552,0.1594,0.005951,0.16896,0.0
101330,15,552,0.1594,0.005951,0.13776,0.0
103382,15,552,0.1594,0.005951,0.15516,0.0
101335,15,552,0.1594,0.005951,0.14372000000000001,0.0
107484,15,552,0.1594,0.005951,0.45832000000000006,0.0
103391,15,552,0.1594,0.005951,0.15872,0.0
103393,15,552,0.1594,0.005951,0.15668,0.0
101354,15,552,0.1594,0.005951,0.24012,0.0
101358,15,552,0.1594,0.005951,0.2248,0.0
101360,15,552,0.1594,0.005951,0.27124000000000004,0.0
103409,15,552,0.1594,0.005951,0.16632,0.0
105461,15,552,0.1594,0.005951,0.43824,0.0
101371,15,552,0.1594,0.005951,0.13024,0.0
101375,15,552,0.1594,0.005951,0.13336,0.0
103424,15,552,0.1594,0.005951,0.14396,0.0
103427,15,552,0.1594,0.005951,0.19364,0.0
103431,15,552,0.1594,0.005951,0.2464,0.0
103437,15,552,0.1594,0.005951,0.16396,0.0
103440,15,552,0.1594,0.005951,0.12644,0.0
107545,15,552,0.1594,0.005951,0.47808000000000006,0.0
101412,15,552,0.1594,0.005951,0.12692,0.0
105514,15,552,0.1594,0.005951,0.49692000000000003,0.0
101419,15,552,0.1594,0.005951,0.12532,0.0
101424,15,552,0.1594,0.005951,0.18544,0.0
107582,15,552,0.1594,0.005951,0.44432000000000005,0.0
101440,15,552,0.1594,0.005951,0.1256,0.0
103492,15,552,0.1594,0.005951,0.18388,0.0
101445,15,552,0.1594,0.005951,0.13532,0.0
107590,15,552,0.1594,0.005951,0.39348,0.0
101454,15,552,0.1594,0.005951,0.12596,0.0
101459,15,552,0.1594,0.005951,0.12536,0.0
103509,15,552,0.1594,0.005951,0.12776,0.0
101465,15,552,0.1594,0.005951,0.13636,0.0
105571,15,552,0.1594,0.005951,0.47032,0.0
102395,15,552,0.1594,0.005951,0.14572000000000002,0.0
103528,15,552,0.1594,0.005951,0.14248,0.0
107625,15,552,0.1594,0.005951,0.48256000000000004,0.0
101481,15,552,0.1594,0.005951,0.12528,0.0
103532,15,552,0.1594,0.005951,0.12512,0.0
103543,15,552,0.1594,0.005951,0.13216,0.0
101509,15,552,0.1594,0.005951,0.1258,0.0
103559,15,552,0.1594,0.005951,0.18,0.0
103564,15,552,0.1594,0.005951,0.12552,0.0
101529,15,552,0.1594,0.005951,0.12612,0.0
103578,15,552,0.1594,0.005951,0.12524,0.0
101531,15,552,0.1594,0.005951,0.13,0.0
101536,15,552,0.1594,0.005951,0.14288,0.0
109742,15,552,0.1594,0.005951,0.34172,0.0
103603,15,552,0.1594,0.005951,0.16092,0.0
101556,15,552,0.1594,0.005951,0.1358,0.0
107715,15,552,0.1594,0.005951,0.47356,0.0
103622,15,552,0.1594,0.005951,0.1508,0.0
101577,15,552,0.1594,0.005951,0.14232,0.0
101585,15,552,0.1594,0.005951,0.12548,0.0
103634,15,552,0.1594,0.005951,0.131,0.0
103637,15,552,0.1594,0.005951,0.14508,0.0
103638,15,552,0.1594,0.005951,0.13316,0.0
109786,15,552,0.1594,0.005951,0.42992,0.0
103644,15,552,0.1594,0.005951,0.1646,0.0
101597,15,552,0.1594,0.005951,0.12508,0.0
101611,15,552,0.1594,0.005951,0.12608,0.0
101614,15,552,0.1594,0.005951,0.15352,0.0
103665,15,552,0.1594,0.005951,0.13504,0.0
101621,15,552,0.1594,0.005951,0.15248,0.0
101624,15,552,0.1594,0.005951,0.12764,0.0
101625,15,552,0.1594,0.005951,0.12636,0.0
105735,15,552,0.1594,0.005951,0.44144000000000005,0.0
103688,15,552,0.1594,0.005951,0.13636,0.0
103689,15,552,0.1594,0.005951,0.13428,0.0
101646,15,552,0.1594,0.005951,0.12996,0.0
101647,15,552,0.1594,0.005951,0.12628,0.0
103696,15,552,0.1594,0.005951,0.12788,0.0
107791,15,552,0.1594,0.005951,0.49204000000000003,0.0
101652,15,552,0.1594,0.005951,0.13147999999999999,0.0
103715,15,552,0.1594,0.005951,0.16176000000000001,0.0
103716,15,552,0.1594,0.005951,0.16956,0.0
105771,15,552,0.1594,0.005951,0.49760000000000004,0.0
101677,15,552,0.1594,0.005951,0.18448,0.0
107827,15,552,0.1594,0.005951,0.49524,0.0
107832,15,552,0.1594,0.005951,0.44008,0.0
101688,15,552,0.1594,0.005951,0.1384,0.0
101691,15,552,0.1594,0.005951,0.12904,0.0
107840,15,552,0.1594,0.005951,0.44512,0.0
105792,15,552,0.1594,0.005951,0.46840000000000004,0.0
101699,15,552,0.1594,0.005951,0.1374,0.0
101704,15,552,0.1594,0.005951,0.12732,0.0
103754,15,552,0.1594,0.005951,0.16152,0.0
105809,15,552,0.1594,0.005951,0.43356,0.0
103764,15,552,0.1594,0.005951,0.22676000000000002,0.0
103765,15,552,0.1594,0.005951,0.12732,0.0
101721,15,552,0.1594,0.005951,0.125,0.0
103777,15,552,0.1594,0.005951,0.12848,0.0
101734,15,552,0.1594,0.005951,0.13564,0.0
103786,15,552,0.1594,0.005951,0.13156,0.0
103787,15,552,0.1594,0.005951,0.20928000000000002,0.0
101743,15,552,0.1594,0.005951,0.12812,0.0
107891,15,552,0.1594,0.005951,0.42336,0.0
103795,15,552,0.1594,0.005951,0.1322,0.0
103806,15,552,0.1594,0.005951,0.13068,0.0
101760,15,552,0.1594,0.005951,0.1582,0.0
107907,15,552,0.1594,0.005951,0.46788,0.0
101765,15,552,0.1594,0.005951,0.17316,0.0
101768,15,552,0.1594,0.005951,0.15704,0.0
101773,15,552,0.1594,0.005951,0.1524,0.0
103823,15,552,0.1594,0.005951,0.22527999999999998,0.0
101776,15,552,0.1594,0.005951,0.17632,0.0
103825,15,552,0.1594,0.005951,0.1838,0.0
101778,15,552,0.1594,0.005951,0.13704,0.0
103827,15,552,0.1594,0.005951,0.12564,0.0
101783,15,552,0.1594,0.005951,0.32852000000000003,0.0
101786,15,552,0.1594,0.005951,0.12876,0.0
105882,15,552,0.1594,0.005951,0.4768,0.0
103841,15,552,0.1594,0.005951,0.12556,0.0
107938,15,552,0.1594,0.005951,0.38152,0.0
103853,15,552,0.1594,0.005951,0.1262,0.0
103856,15,552,0.1594,0.005951,0.2784,0.0
105905,15,552,0.1594,0.005951,0.4578,0.0
101811,15,552,0.1594,0.005951,0.12556,0.0
101828,15,552,0.1594,0.005951,0.1264,0.0
103883,15,552,0.1594,0.005951,0.12984,0.0
105931,15,552,0.1594,0.005951,0.43764000000000003,0.0
101837,15,552,0.1594,0.005951,0.13664,0.0
105935,15,552,0.1594,0.005951,0.36876000000000003,0.0
101842,15,552,0.1594,0.005951,0.16052,0.0
103899,15,552,0.1594,0.005951,0.15304,0.0
103908,15,552,0.1594,0.005951,0.22472,0.0
103919,15,552,0.1594,0.005951,0.13756,0.0
103920,15,552,0.1594,0.005951,0.15512,0.0
101873,15,552,0.1594,0.005951,0.12668,0.0
101872,15,552,0.1594,0.005951,0.14272,0.0
105979,15,552,0.1594,0.005951,0.37464,0.0
108031,15,552,0.1594,0.005951,0.41412,0.0
101888,15,552,0.1594,0.005951,0.16916,0.0
101891,15,552,0.1594,0.005951,0.12516,0.0
103952,15,552,0.1594,0.005951,0.13044,0.0
108051,15,552,0.1594,0.005951,0.47384000000000004,0.0
103957,15,552,0.1594,0.005951,0.1578,0.0
101909,15,552,0.1594,0.005951,0.12884,0.0
101913,15,552,0.1594,0.005951,0.12688,0.0
101918,15,552,0.1594,0.005951,0.19088,0.0
108069,15,552,0.1594,0.005951,0.33764,0.0
101930,15,552,0.1594,0.005951,0.1256,0.0
101935,15,552,0.1594,0.005951,0.15812,0.0
103999,15,552,0.1594,0.005951,0.1378,0.0
104004,15,552,0.1594,0.005951,0.1388,0.0
101959,15,552,0.1594,0.005951,0.13132,0.0
101960,15,552,0.1594,0.005951,0.17156,0.0
104007,15,552,0.1594,0.005951,0.22008,0.0
101962,15,552,0.1594,0.005951,0.18016,0.0
101963,15,552,0.1594,0.005951,0.12632,0.0
108108,15,552,0.1594,0.005951,0.3796,0.0
108114,15,552,0.1594,0.005951,0.47500000000000003,0.0
104023,15,552,0.1594,0.005951,0.12532,0.0
104042,15,552,0.1594,0.005951,0.1272,0.0
102004,15,552,0.1594,0.005951,0.21876,0.0
104053,15,552,0.1594,0.005951,0.13152,0.0
104052,15,552,0.1594,0.005951,0.18188,0.0
108151,15,552,0.1594,0.005951,0.34896,0.0
102008,15,552,0.1594,0.005951,0.13216,0.0
102007,15,552,0.1594,0.005951,0.30824,0.0
104061,15,552,0.1594,0.005951,0.13748,0.0
102023,15,552,0.1594,0.005951,0.12524,0.0
104094,15,552,0.1594,0.005951,0.19908,0.0
102054,15,552,0.1594,0.005951,0.12832,0.0
104114,15,552,0.1594,0.005951,0.16984,0.0
100019,15,552,0.1594,0.005951,0.13724,0.0
100020,15,552,0.1594,0.005951,0.15148,0.0
102075,15,552,0.1594,0.005951,0.1678,0.0
102081,15,552,0.1594,0.005951,0.12692,0.0
106180,15,552,0.1594,0.005951,0.48228000000000004,0.0
104132,15,552,0.1594,0.005951,0.12516,0.0
100042,15,552,0.1594,0.005951,0.12504,0.0
106188,15,552,0.1594,0.005951,0.35308000000000006,0.0
100054,15,552,0.1594,0.005951,0.12664,0.0
108248,15,552,0.1594,0.005951,0.44964000000000004,0.0
102105,15,552,0.1594,0.005951,0.14596,0.0
102106,15,552,0.1594,0.005951,0.12744,0.0
102109,15,552,0.1594,0.005951,0.19188,0.0
104159,15,552,0.1594,0.005951,0.12576,0.0
100068,15,552,0.1594,0.005951,0.17324,0.0
104167,15,552,0.1594,0.005951,0.12604,0.0
100072,15,552,0.1594,0.005951,0.12552,0.0
102121,15,552,0.1594,0.005951,0.15004,0.0
100077,15,552,0.1594,0.005951,0.13008,0.0
100079,15,552,0.1594,0.005951,0.14808,0.0
104175,15,552,0.1594,0.005951,0.12516,0.0
100082,15,552,0.1594,0.005951,0.12628,0.0
102133,15,552,0.1594,0.005951,0.14484,0.0
102135,15,552,0.1594,0.005951,0.18384,0.0
102142,15,552,0.1594,0.005951,0.12556,0.0
102149,15,552,0.1594,0.005951,0.12596,0.0
100104,15,552,0.1594,0.005951,0.12512,0.0
108298,15,552,0.1594,0.005951,0.36668,0.0
102163,15,552,0.1594,0.005951,0.16504,0.0
102169,15,552,0.1594,0.005951,0.12648,0.0
104220,15,552,0.1594,0.005951,0.19064,0.0
102174,15,552,0.1594,0.005951,0.12592,0.0
102176,15,552,0.1594,0.005951,0.12684,0.0
104230,15,552,0.1594,0.005951,0.14316,0.0
108327,15,552,0.1594,0.005951,0.4232,0.0
106288,15,552,0.1594,0.005951,0.5058,0.0
104242,15,552,0.1594,0.005951,0.12868,0.0
106291,15,552,0.1594,0.005951,0.48116000000000003,0.0
100148,15,552,0.1594,0.005951,0.14992,0.0
102197,15,552,0.1594,0.005951,0.1526,0.0
104245,15,552,0.1594,0.005951,0.13096,0.0
102198,15,552,0.1594,0.005951,0.17116,0.0
104249,15,552,0.1594,0.005951,0.13147999999999999,0.0
100153,15,552,0.1594,0.005951,0.1634,0.0
100158,15,552,0.1594,0.005951,0.12944,0.0
102207,15,552,0.1594,0.005951,0.15752,0.0
104257,15,552,0.1594,0.005951,0.18924000000000002,0.0
104258,15,552,0.1594,0.005951,0.1602,0.0
100163,15,552,0.1594,0.005951,0.12936,0.0
104269,15,552,0.1594,0.005951,0.13752,0.0
104273,15,552,0.1594,0.005951,0.1416,0.0
104286,15,552,0.1594,0.005951,0.12840000000000001,0.0
106334,15,552,0.1594,0.005951,0.3336,0.0
104288,15,552,0.1594,0.005951,0.1308,0.0
106337,15,552,0.1594,0.005951,0.48344000000000004,0.0
102241,15,552,0.1594,0.005951,0.16104000000000002,0.0
100201,15,552,0.1594,0.005951,0.12596,0.0
104298,15,552,0.1594,0.005951,0.13056,0.0
104299,15,552,0.1594,0.005951,0.15904000000000001,0.0
100205,15,552,0.1594,0.005951,0.14592,0.0
100206,15,552,0.1594,0.005951,0.12552,0.0
100209,15,552,0.1594,0.005951,0.17316,0.0
106354,15,552,0.1594,0.005951,0.50132,0.0
100211,15,552,0.1594,0.005951,0.12504,0.0
100217,15,552,0.1594,0.005951,0.12536,0.0
102268,15,552,0.1594,0.005951,0.12524,0.0
108412,15,552,0.1594,0.005951,0.41512,0.0
106367,15,552,0.1594,0.005951,0.43024,0.0
108415,15,552,0.1594,0.005951,0.43288000000000004,0.0
100226,15,552,0.1594,0.005951,0.12592,0.0
100228,15,552,0.1594,0.005951,0.12592,0.0
104325,15,552,0.1594,0.005951,0.17316,0.0
102281,15,552,0.1594,0.005951,0.19664,0.0
100247,15,552,0.1594,0.005951,0.1296,0.0
102300,15,552,0.1594,0.005951,0.17384,0.0
108445,15,552,0.1594,0.005951,0.40800000000000003,0.0
100255,15,552,0.1594,0.005951,0.12528,0.0
102310,15,552,0.1594,0.005951,0.13036,0.0
100262,15,552,0.1594,0.005951,0.13276,0.0
102318,15,552,0.1594,0.005951,0.2174,0.0
104366,15,552,0.1594,0.005951,0.13784,0.0
100274,15,552,0.1594,0.005951,0.15328,0.0
100280,15,552,0.1594,0.005951,0.138,0.0
104376,15,552,0.1594,0.005951,0.12632,0.0
104380,15,552,0.1594,0.005951,0.1312,0.0
100284,15,552,0.1594,0.005951,0.14148,0.0
100286,15,552,0.1594,0.005951,0.17880000000000001,0.0
104384,15,552,0.1594,0.005951,0.13216,0.0
102339,15,552,0.1594,0.005951,0.12512,0.0
104388,15,552,0.1594,0.005951,0.13244,0.0
102344,15,552,0.1594,0.005951,0.13128,0.0
102347,15,552,0.1594,0.005951,0.1318,0.0
100302,15,552,0.1594,0.005951,0.13644,0.0
102356,15,552,0.1594,0.005951,0.13908,0.0
100309,15,552,0.1594,0.005951,0.15808,0.0
102372,15,552,0.1594,0.005951,0.12504,0.0
104425,15,552,0.1594,0.005951,0.13348,0.0
102379,15,552,0.1594,0.005951,0.27692000000000005,0.0
104429,15,552,0.1594,0.005951,0.19524000000000002,0.0
100339,15,552,0.1594,0.005951,0.18684,0.0
102388,15,552,0.1594,0.005951,0.2158,0.0
104440,15,552,0.1594,0.005951,0.12516,0.0
100345,15,552,0.1594,0.005951,0.14164,0.0
104442,15,552,0.1594,0.005951,0.14972,0.0
104443,15,552,0.1594,0.005951,0.1296,0.0
102398,15,552,0.1594,0.005951,0.12572,0.0
105476,16,211,0.4171,0.012683,0.42240000000000005,0.0
100868,16,211,0.4171,0.012683,0.15356,0.0
107530,16,211,0.4171,0.012683,0.43424,0.0
105997,16,211,0.4171,0.012683,0.40904,0.0
103951,16,211,0.4171,0.012683,0.15012,0.0
104980,16,211,0.4171,0.012683,0.21012,0.0
103960,16,211,0.4171,0.012683,0.125,0.0
104473,16,211,0.4171,0.012683,0.26724000000000003,0.0
108575,16,211,0.4171,0.012683,0.34752000000000005,0.0
102433,16,211,0.4171,0.012683,0.13152,0.0
102434,16,211,0.4171,0.012683,0.1806,0.0
103459,16,211,0.4171,0.012683,0.1636,0.0
108581,16,211,0.4171,0.012683,0.34176000000000006,0.0
108582,16,211,0.4171,0.012683,0.34988,0.0
103975,16,211,0.4171,0.012683,0.14224,0.0
104999,16,211,0.4171,0.012683,0.125,0.0
101929,16,211,0.4171,0.012683,0.12792,0.0
103472,16,211,0.4171,0.012683,0.13212,0.0
102962,16,211,0.4171,0.012683,0.15356,0.0
103476,16,211,0.4171,0.012683,0.12644,0.0
102964,16,211,0.4171,0.012683,0.13276,0.0
100404,16,211,0.4171,0.012683,0.12548,0.0
101430,16,211,0.4171,0.012683,0.15036,0.0
107577,16,211,0.4171,0.012683,0.502,0.0
109633,16,211,0.4171,0.012683,0.2786,0.0
102978,16,211,0.4171,0.012683,0.17064000000000001,0.0
102982,16,211,0.4171,0.012683,0.28452,0.0
107596,16,211,0.4171,0.012683,0.29212000000000005,0.0
106576,16,211,0.4171,0.012683,0.48672000000000004,0.0
103505,16,211,0.4171,0.012683,0.1334,0.0
106577,16,211,0.4171,0.012683,0.4032,0.0
106582,16,211,0.4171,0.012683,0.49184000000000005,0.0
102487,16,211,0.4171,0.012683,0.12868,0.0
106585,16,211,0.4171,0.012683,0.42856000000000005,0.0
100441,16,211,0.4171,0.012683,0.14572000000000002,0.0
106592,16,211,0.4171,0.012683,0.38816,0.0
102394,16,211,0.4171,0.012683,0.18372,0.0
100456,16,211,0.4171,0.012683,0.13668,0.0
105064,16,211,0.4171,0.012683,0.48548,0.0
100974,16,211,0.4171,0.012683,0.23928,0.0
107632,16,211,0.4171,0.012683,0.4192,0.0
104051,16,211,0.4171,0.012683,0.13328,0.0
101493,16,211,0.4171,0.012683,0.13912,0.0
108663,16,211,0.4171,0.012683,0.34808,0.0
105081,16,211,0.4171,0.012683,0.31620000000000004,0.0
101498,16,211,0.4171,0.012683,0.16196,0.0
104059,16,211,0.4171,0.012683,0.12572,0.0
106617,16,211,0.4171,0.012683,0.45456,0.0
100990,16,211,0.4171,0.012683,0.14736,0.0
107136,16,211,0.4171,0.012683,0.31616,0.0
100482,16,211,0.4171,0.012683,0.23304000000000002,0.0
104069,16,211,0.4171,0.012683,0.20135999999999998,0.0
109703,16,211,0.4171,0.012683,0.27696,0.0
109705,16,211,0.4171,0.012683,0.28356000000000003,0.0
106635,16,211,0.4171,0.012683,0.49844,0.0
101519,16,211,0.4171,0.012683,0.14628,0.0
104597,16,211,0.4171,0.012683,0.14008,0.0
102038,16,211,0.4171,0.012683,0.18612,0.0
102556,16,211,0.4171,0.012683,0.12836,0.0
101029,16,211,0.4171,0.012683,0.1376,0.0
105644,16,211,0.4171,0.012683,0.45424000000000003,0.0
106669,16,211,0.4171,0.012683,0.37636,0.0
103597,16,211,0.4171,0.012683,0.14368,0.0
103088,16,211,0.4171,0.012683,0.13504,0.0
102065,16,211,0.4171,0.012683,0.12632,0.0
102064,16,211,0.4171,0.012683,0.16256,0.0
105651,16,211,0.4171,0.012683,0.50284,0.0
109240,16,211,0.4171,0.012683,0.46452000000000004,0.0
106170,16,211,0.4171,0.012683,0.39732,0.0
100029,16,211,0.4171,0.012683,0.13012,0.0
103104,16,211,0.4171,0.012683,0.14632,0.0
106179,16,211,0.4171,0.012683,0.51468,0.0
104131,16,211,0.4171,0.012683,0.15560000000000002,0.0
101573,16,211,0.4171,0.012683,0.14032,0.0
101059,16,211,0.4171,0.012683,0.15232,0.0
104643,16,211,0.4171,0.012683,0.16724,0.0
106696,16,211,0.4171,0.012683,0.442,0.0
103115,16,211,0.4171,0.012683,0.20788,0.0
101070,16,211,0.4171,0.012683,0.14908,0.0
103633,16,211,0.4171,0.012683,0.16908,0.0
101075,16,211,0.4171,0.012683,0.1278,0.0
106714,16,211,0.4171,0.012683,0.32536,0.0
103646,16,211,0.4171,0.012683,0.12584,0.0
104161,16,211,0.4171,0.012683,0.19336,0.0
103650,16,211,0.4171,0.012683,0.251,0.0
109284,16,211,0.4171,0.012683,0.43460000000000004,0.0
104165,16,211,0.4171,0.012683,0.12528,0.0
101096,16,211,0.4171,0.012683,0.16572,0.0
104177,16,211,0.4171,0.012683,0.1512,0.0
109297,16,211,0.4171,0.012683,0.393,0.0
107249,16,211,0.4171,0.012683,0.44296,0.0
103666,16,211,0.4171,0.012683,0.12696,0.0
104693,16,211,0.4171,0.012683,0.21256000000000003,0.0
105206,16,211,0.4171,0.012683,0.47212000000000004,0.0
106738,16,211,0.4171,0.012683,0.43252,0.0
102642,16,211,0.4171,0.012683,0.13208,0.0
103673,16,211,0.4171,0.012683,0.13612,0.0
103162,16,211,0.4171,0.012683,0.27008,0.0
103163,16,211,0.4171,0.012683,0.15232,0.0
106235,16,211,0.4171,0.012683,0.37476,0.0
101628,16,211,0.4171,0.012683,0.13784,0.0
103674,16,211,0.4171,0.012683,0.12504,0.0
107261,16,211,0.4171,0.012683,0.44604,0.0
104706,16,211,0.4171,0.012683,0.17068,0.0
101635,16,211,0.4171,0.012683,0.134,0.0
102658,16,211,0.4171,0.012683,0.13284,0.0
100112,16,211,0.4171,0.012683,0.12656,0.0
108816,16,211,0.4171,0.012683,0.34876,0.0
105234,16,211,0.4171,0.012683,0.39072,0.0
100116,16,211,0.4171,0.012683,0.12508,0.0
103703,16,211,0.4171,0.012683,0.1252,0.0
101144,16,211,0.4171,0.012683,0.1948,0.0
109849,16,211,0.4171,0.012683,0.38296,0.0
107802,16,211,0.4171,0.012683,0.49356,0.0
104733,16,211,0.4171,0.012683,0.12516,0.0
101661,16,211,0.4171,0.012683,0.197,0.0
106269,16,211,0.4171,0.012683,0.45708000000000004,0.0
109345,16,211,0.4171,0.012683,0.20344,0.0
101666,16,211,0.4171,0.012683,0.15436,0.0
105768,16,211,0.4171,0.012683,0.38767999999999997,0.0
107304,16,211,0.4171,0.012683,0.29336,0.0
102698,16,211,0.4171,0.012683,0.1252,0.0
105263,16,211,0.4171,0.012683,0.43648,0.0
107313,16,211,0.4171,0.012683,0.51188,0.0
107315,16,211,0.4171,0.012683,0.41840000000000005,0.0
109367,16,211,0.4171,0.012683,0.30112000000000005,0.0
108855,16,211,0.4171,0.012683,0.36219999999999997,0.0
102711,16,211,0.4171,0.012683,0.13804,0.0
108346,16,211,0.4171,0.012683,0.49768,0.0
103735,16,211,0.4171,0.012683,0.134,0.0
108348,16,211,0.4171,0.012683,0.45924000000000004,0.0
101694,16,211,0.4171,0.012683,0.12924,0.0
100675,16,211,0.4171,0.012683,0.16596,0.0
107331,16,211,0.4171,0.012683,0.4788,0.0
102730,16,211,0.4171,0.012683,0.14956,0.0
103243,16,211,0.4171,0.012683,0.16528,0.0
109390,16,211,0.4171,0.012683,0.33752000000000004,0.0
102736,16,211,0.4171,0.012683,0.125,0.0
109906,16,211,0.4171,0.012683,0.48244,0.0
102229,16,211,0.4171,0.012683,0.15844,0.0
100694,16,211,0.4171,0.012683,0.12688,0.0
102230,16,211,0.4171,0.012683,0.13336,0.0
105306,16,211,0.4171,0.012683,0.43912,0.0
104795,16,211,0.4171,0.012683,0.15968,0.0
108381,16,211,0.4171,0.012683,0.43192,0.0
105317,16,211,0.4171,0.012683,0.43076000000000003,0.0
107366,16,211,0.4171,0.012683,0.48496000000000006,0.0
104808,16,211,0.4171,0.012683,0.15332,0.0
103274,16,211,0.4171,0.012683,0.1272,0.0
102763,16,211,0.4171,0.012683,0.12892,0.0
105838,16,211,0.4171,0.012683,0.49736,0.0
104815,16,211,0.4171,0.012683,0.14736,0.0
103792,16,211,0.4171,0.012683,0.12504,0.0
103280,16,211,0.4171,0.012683,0.12564,0.0
105331,16,211,0.4171,0.012683,0.48008000000000006,0.0
102260,16,211,0.4171,0.012683,0.19340000000000002,0.0
109429,16,211,0.4171,0.012683,0.24280000000000002,0.0
109941,16,211,0.4171,0.012683,0.39416,0.0
108919,16,211,0.4171,0.012683,0.36204000000000003,0.0
107896,16,211,0.4171,0.012683,0.34896,0.0
101251,16,211,0.4171,0.012683,0.1308,0.0
100230,16,211,0.4171,0.012683,0.12604,0.0
105870,16,211,0.4171,0.012683,0.34020000000000006,0.0
100751,16,211,0.4171,0.012683,0.13388,0.0
107415,16,211,0.4171,0.012683,0.43720000000000003,0.0
101272,16,211,0.4171,0.012683,0.19056,0.0
106910,16,211,0.4171,0.012683,0.3332,0.0
107423,16,211,0.4171,0.012683,0.47924000000000005,0.0
105892,16,211,0.4171,0.012683,0.44788000000000006,0.0
103849,16,211,0.4171,0.012683,0.19540000000000002,0.0
102827,16,211,0.4171,0.012683,0.12516,0.0
100269,16,211,0.4171,0.012683,0.12536,0.0
103342,16,211,0.4171,0.012683,0.12604,0.0
103855,16,211,0.4171,0.012683,0.12724,0.0
104880,16,211,0.4171,0.012683,0.1474,0.0
105393,16,211,0.4171,0.012683,0.4864,0.0
101809,16,211,0.4171,0.012683,0.14068,0.0
108467,16,211,0.4171,0.012683,0.35428000000000004,0.0
101300,16,211,0.4171,0.012683,0.12512,0.0
109490,16,211,0.4171,0.012683,0.37632,0.0
107958,16,211,0.4171,0.012683,0.44428,0.0
103346,16,211,0.4171,0.012683,0.15396,0.0
104382,16,211,0.4171,0.012683,0.1452,0.0
103361,16,211,0.4171,0.012683,0.12524,0.0
103876,16,211,0.4171,0.012683,0.12568000000000001,0.0
106950,16,211,0.4171,0.012683,0.46048,0.0
106444,16,211,0.4171,0.012683,0.4662,0.0
100307,16,211,0.4171,0.012683,0.1486,0.0
107989,16,211,0.4171,0.012683,0.44216000000000005,0.0
101334,16,211,0.4171,0.012683,0.1262,0.0
100823,16,211,0.4171,0.012683,0.25532,0.0
103381,16,211,0.4171,0.012683,0.1512,0.0
104409,16,211,0.4171,0.012683,0.14576,0.0
101333,16,211,0.4171,0.012683,0.16076000000000001,0.0
108507,16,211,0.4171,0.012683,0.39244,0.0
107997,16,211,0.4171,0.012683,0.44796,0.0
105439,16,211,0.4171,0.012683,0.47132,0.0
107490,16,211,0.4171,0.012683,0.38404,0.0
107495,16,211,0.4171,0.012683,0.44792000000000004,0.0
102375,16,211,0.4171,0.012683,0.12528,0.0
102376,16,211,0.4171,0.012683,0.15712,0.0
106987,16,211,0.4171,0.012683,0.49268,0.0
104428,16,211,0.4171,0.012683,0.13432,0.0
103405,16,211,0.4171,0.012683,0.14824,0.0
102896,16,211,0.4171,0.012683,0.15416000000000002,0.0
101875,16,211,0.4171,0.012683,0.24947999999999998,0.0
107508,16,211,0.4171,0.012683,0.41664,0.0
101877,16,211,0.4171,0.012683,0.13316,0.0
105977,16,211,0.4171,0.012683,0.49160000000000004,0.0
106490,16,211,0.4171,0.012683,0.47772000000000003,0.0
105470,16,211,0.4171,0.012683,0.39224000000000003,0.0
108035,17,174,0.569,0.014683,0.5198,0.0
108552,17,174,0.569,0.014683,0.38292000000000004,0.0
107017,17,174,0.569,0.014683,0.5127600000000001,0.0
104969,17,174,0.569,0.014683,0.12572,0.0
100873,17,174,0.569,0.014683,0.13408,0.0
102925,17,174,0.569,0.014683,0.16464,0.0
103953,17,174,0.569,0.014683,0.12988,0.0
102929,17,174,0.569,0.014683,0.1258,0.0
109077,17,174,0.569,0.014683,0.25564,0.0
105494,17,174,0.569,0.014683,0.44824,0.0
108056,17,174,0.569,0.014683,0.38264000000000004,0.0
100344,17,174,0.569,0.014683,0.13916,0.0
102940,17,174,0.569,0.014683,0.1514,0.0
108574,17,174,0.569,0.014683,0.42464,0.0
107552,17,174,0.569,0.014683,0.4114,0.0
107042,17,174,0.569,0.014683,0.48264,0.0
107043,17,174,0.569,0.014683,0.39944,0.0
100391,17,174,0.569,0.014683,0.17543999999999998,0.0
107562,17,174,0.569,0.014683,0.43864000000000003,0.0
109619,17,174,0.569,0.014683,0.29032,0.0
109111,17,174,0.569,0.014683,0.32348,0.0
104504,17,174,0.569,0.014683,0.12868,0.0
101434,17,174,0.569,0.014683,0.12784,0.0
101946,17,174,0.569,0.014683,0.2492,0.0
108093,17,174,0.569,0.014683,0.48128000000000004,0.0
103998,17,174,0.569,0.014683,0.18616,0.0
105026,17,174,0.569,0.014683,0.49140000000000006,0.0
102472,17,174,0.569,0.014683,0.18792,0.0
100936,17,174,0.569,0.014683,0.246,0.0
108621,17,174,0.569,0.014683,0.43260000000000004,0.0
107598,17,174,0.569,0.014683,0.28056000000000003,0.0
100943,17,174,0.569,0.014683,0.13892,0.0
107099,17,174,0.569,0.014683,0.35292,0.0
100956,17,174,0.569,0.014683,0.12512,0.0
101477,17,174,0.569,0.014683,0.12672,0.0
108649,17,174,0.569,0.014683,0.45564000000000004,0.0
105076,17,174,0.569,0.014683,0.40656,0.0
105078,17,174,0.569,0.014683,0.48984000000000005,0.0
104056,17,174,0.569,0.014683,0.23948000000000003,0.0
107130,17,174,0.569,0.014683,0.3488,0.0
100989,17,174,0.569,0.014683,0.14764,0.0
106623,17,174,0.569,0.014683,0.4812,0.0
107651,17,174,0.569,0.014683,0.50456,0.0
105603,17,174,0.569,0.014683,0.42700000000000005,0.0
108163,17,174,0.569,0.014683,0.35724,0.0
105606,17,174,0.569,0.014683,0.37476,0.0
106630,17,174,0.569,0.014683,0.31204,0.0
109194,17,174,0.569,0.014683,0.2244,0.0
107660,17,174,0.569,0.014683,0.4294,0.0
108686,17,174,0.569,0.014683,0.5069600000000001,0.0
104591,17,174,0.569,0.014683,0.1318,0.0
106131,17,174,0.569,0.014683,0.30716,0.0
102550,17,174,0.569,0.014683,0.14416,0.0
109210,17,174,0.569,0.014683,0.22224,0.0
108187,17,174,0.569,0.014683,0.51392,0.0
102555,17,174,0.569,0.014683,0.125,0.0
105629,17,174,0.569,0.014683,0.48916000000000004,0.0
109727,17,174,0.569,0.014683,0.4172,0.0
109221,17,174,0.569,0.014683,0.34848,0.0
107687,17,174,0.569,0.014683,0.39852,0.0
107693,17,174,0.569,0.014683,0.34872000000000003,0.0
101040,17,174,0.569,0.014683,0.14048,0.0
104629,17,174,0.569,0.014683,0.19164,0.0
108733,17,174,0.569,0.014683,0.35072000000000003,0.0
105153,17,174,0.569,0.014683,0.48496000000000006,0.0
106690,17,174,0.569,0.014683,0.48292,0.0
103107,17,174,0.569,0.014683,0.14976,0.0
104646,17,174,0.569,0.014683,0.12504,0.0
107210,17,174,0.569,0.014683,0.42248,0.0
102091,17,174,0.569,0.014683,0.1386,0.0
107215,17,174,0.569,0.014683,0.47036,0.0
104145,17,174,0.569,0.014683,0.18768,0.0
107732,17,174,0.569,0.014683,0.40392,0.0
104148,17,174,0.569,0.014683,0.15584,0.0
104666,17,174,0.569,0.014683,0.152,0.0
106206,17,174,0.569,0.014683,0.42304,0.0
104671,17,174,0.569,0.014683,0.1412,0.0
105186,17,174,0.569,0.014683,0.41548,0.0
103656,17,174,0.569,0.014683,0.1302,0.0
109289,17,174,0.569,0.014683,0.29328,0.0
103657,17,174,0.569,0.014683,0.20108,0.0
107000,17,174,0.569,0.014683,0.4444,0.0
109294,17,174,0.569,0.014683,0.24528,0.0
106737,17,174,0.569,0.014683,0.46904,0.0
107511,17,174,0.569,0.014683,0.41344,0.0
104187,17,174,0.569,0.014683,0.16264,0.0
103170,17,174,0.569,0.014683,0.1484,0.0
107266,17,174,0.569,0.014683,0.44700000000000006,0.0
108294,17,174,0.569,0.014683,0.4698,0.0
106759,17,174,0.569,0.014683,0.31836,0.0
109319,17,174,0.569,0.014683,0.37168,0.0
109833,17,174,0.569,0.014683,0.35436,0.0
105738,17,174,0.569,0.014683,0.40036,0.0
102157,17,174,0.569,0.014683,0.1422,0.0
107279,17,174,0.569,0.014683,0.39804,0.0
108304,17,174,0.569,0.014683,0.36107999999999996,0.0
101139,17,174,0.569,0.014683,0.12672,0.0
108308,17,174,0.569,0.014683,0.5087200000000001,0.0
103701,17,174,0.569,0.014683,0.12816,0.0
109334,17,174,0.569,0.014683,0.31256,0.0
102682,17,174,0.569,0.014683,0.23884,0.0
107292,17,174,0.569,0.014683,0.43884,0.0
101660,17,174,0.569,0.014683,0.15228,0.0
108321,17,174,0.569,0.014683,0.49460000000000004,0.0
103206,17,174,0.569,0.014683,0.1438,0.0
102186,17,174,0.569,0.014683,0.1624,0.0
107308,17,174,0.569,0.014683,0.31188000000000005,0.0
108338,17,174,0.569,0.014683,0.49796,0.0
107314,17,174,0.569,0.014683,0.4756,0.0
104243,17,174,0.569,0.014683,0.12516,0.0
106296,17,174,0.569,0.014683,0.41764,0.0
107323,17,174,0.569,0.014683,0.31328,0.0
109373,17,174,0.569,0.014683,0.32384,0.0
100669,17,174,0.569,0.014683,0.12536,0.0
106817,17,174,0.569,0.014683,0.49632000000000004,0.0
103234,17,174,0.569,0.014683,0.1266,0.0
101188,17,174,0.569,0.014683,0.13712,0.0
107333,17,174,0.569,0.014683,0.46264,0.0
108872,17,174,0.569,0.014683,0.24236000000000002,0.0
100179,17,174,0.569,0.014683,0.13208,0.0
105813,17,174,0.569,0.014683,0.4126,0.0
101216,17,174,0.569,0.014683,0.13284,0.0
105828,17,174,0.569,0.014683,0.43076000000000003,0.0
100712,17,174,0.569,0.014683,0.12504,0.0
101225,17,174,0.569,0.014683,0.13272,0.0
100715,17,174,0.569,0.014683,0.13644,0.0
109932,17,174,0.569,0.014683,0.26628,0.0
108399,17,174,0.569,0.014683,0.44364000000000003,0.0
109423,17,174,0.569,0.014683,0.31192,0.0
108401,17,174,0.569,0.014683,0.46656000000000003,0.0
104821,17,174,0.569,0.014683,0.14396,0.0
100729,17,174,0.569,0.014683,0.1728,0.0
108414,17,174,0.569,0.014683,0.4292,0.0
106884,17,174,0.569,0.014683,0.36032000000000003,0.0
102277,17,174,0.569,0.014683,0.12656,0.0
108939,17,174,0.569,0.014683,0.23236,0.0
109964,17,174,0.569,0.014683,0.35312,0.0
100750,17,174,0.569,0.014683,0.1426,0.0
106385,17,174,0.569,0.014683,0.32976000000000005,0.0
100757,17,174,0.569,0.014683,0.15048,0.0
102296,17,174,0.569,0.014683,0.12652,0.0
109984,17,174,0.569,0.014683,0.29744000000000004,0.0
105380,17,174,0.569,0.014683,0.48708,0.0
102315,17,174,0.569,0.014683,0.13316,0.0
106421,17,174,0.569,0.014683,0.38308000000000003,0.0
106937,17,174,0.569,0.014683,0.4988,0.0
105403,17,174,0.569,0.014683,0.46296000000000004,0.0
106428,17,174,0.569,0.014683,0.30056000000000005,0.0
109501,17,174,0.569,0.014683,0.3758,0.0
103359,17,174,0.569,0.014683,0.29388000000000003,0.0
102855,17,174,0.569,0.014683,0.23759999999999998,0.0
103376,17,174,0.569,0.014683,0.14304,0.0
106961,17,174,0.569,0.014683,0.48828000000000005,0.0
104404,17,174,0.569,0.014683,0.1596,0.0
104410,17,174,0.569,0.014683,0.13608,0.0
107485,17,174,0.569,0.014683,0.51372,0.0
100829,17,174,0.569,0.014683,0.12532,0.0
106464,17,174,0.569,0.014683,0.50612,0.0
104416,17,174,0.569,0.014683,0.14264,0.0
101348,17,174,0.569,0.014683,0.13136,0.0
101349,17,174,0.569,0.014683,0.13336,0.0
107494,17,174,0.569,0.014683,0.4538,0.0
104424,17,174,0.569,0.014683,0.26152,0.0
101866,17,174,0.569,0.014683,0.12936,0.0
100331,17,174,0.569,0.014683,0.1258,0.0
101356,17,174,0.569,0.014683,0.18056,0.0
104431,17,174,0.569,0.014683,0.14148,0.0
107503,17,174,0.569,0.014683,0.35996000000000006,0.0
105970,17,174,0.569,0.014683,0.4658,0.0
108023,17,174,0.569,0.014683,0.49820000000000003,0.0
101368,17,174,0.569,0.014683,0.13912,0.0
102905,17,174,0.569,0.014683,0.15088000000000001,0.0
109051,17,174,0.569,0.014683,0.38068,0.0
103932,17,174,0.569,0.014683,0.13024,0.0
105472,18,274,0.781,0.009706,0.36168,0.0
109570,18,274,0.781,0.009706,0.36028,0.0
103426,18,274,0.781,0.009706,0.12508,0.0
107527,18,274,0.781,0.009706,0.40184000000000003,0.0
104456,18,274,0.781,0.009706,0.13236,0.0
109581,18,274,0.781,0.009706,0.38952000000000003,0.0
108560,18,274,0.781,0.009706,0.31779999999999997,0.0
106513,18,274,0.781,0.009706,0.5052000000000001,0.0
103443,18,274,0.781,0.009706,0.15760000000000002,0.0
107541,18,274,0.781,0.009706,0.40384000000000003,0.0
107546,18,274,0.781,0.009706,0.37208,0.0
104480,18,274,0.781,0.009706,0.12568000000000001,0.0
109606,18,274,0.781,0.009706,0.374,0.0
103466,18,274,0.781,0.009706,0.1266,0.0
108592,18,274,0.781,0.009706,0.42152,0.0
109617,18,274,0.781,0.009706,0.38924,0.0
105523,18,274,0.781,0.009706,0.44544000000000006,0.0
107575,18,274,0.781,0.009706,0.48716000000000004,0.0
105530,18,274,0.781,0.009706,0.35,0.0
107580,18,274,0.781,0.009706,0.45228,0.0
108611,18,274,0.781,0.009706,0.33840000000000003,0.0
108612,18,274,0.781,0.009706,0.26428,0.0
107592,18,274,0.781,0.009706,0.31316,0.0
105554,18,274,0.781,0.009706,0.38268,0.0
107603,18,274,0.781,0.009706,0.34292,0.0
109655,18,274,0.781,0.009706,0.39628,0.0
107615,18,274,0.781,0.009706,0.43404,0.0
106593,18,274,0.781,0.009706,0.3844,0.0
108647,18,274,0.781,0.009706,0.44292,0.0
109673,18,274,0.781,0.009706,0.396,0.0
105587,18,274,0.781,0.009706,0.43608,0.0
108669,18,274,0.781,0.009706,0.29992,0.0
107649,18,274,0.781,0.009706,0.28504,0.0
108678,18,274,0.781,0.009706,0.41492,0.0
109704,18,274,0.781,0.009706,0.32344,0.0
106633,18,274,0.781,0.009706,0.4638,0.0
108682,18,274,0.781,0.009706,0.46652000000000005,0.0
109708,18,274,0.781,0.009706,0.39928,0.0
103565,18,274,0.781,0.009706,0.13904,0.0
105614,18,274,0.781,0.009706,0.43128000000000005,0.0
109718,18,274,0.781,0.009706,0.44900000000000007,0.0
106646,18,274,0.781,0.009706,0.47676,0.0
106647,18,274,0.781,0.009706,0.38884,0.0
105630,18,274,0.781,0.009706,0.3824,0.0
107679,18,274,0.781,0.009706,0.48192,0.0
103595,18,274,0.781,0.009706,0.13528,0.0
106673,18,274,0.781,0.009706,0.4254,0.0
109749,18,274,0.781,0.009706,0.26752,0.0
109750,18,274,0.781,0.009706,0.36084000000000005,0.0
107705,18,274,0.781,0.009706,0.47536,0.0
102587,18,274,0.781,0.009706,0.135,0.0
108734,18,274,0.781,0.009706,0.37716,0.0
107716,18,274,0.781,0.009706,0.39532,0.0
105673,18,274,0.781,0.009706,0.44776,0.0
103627,18,274,0.781,0.009706,0.12972,0.0
108747,18,274,0.781,0.009706,0.4822,0.0
107723,18,274,0.781,0.009706,0.50148,0.0
107728,18,274,0.781,0.009706,0.40436,0.0
106704,18,274,0.781,0.009706,0.4998,0.0
105682,18,274,0.781,0.009706,0.44388000000000005,0.0
106707,18,274,0.781,0.009706,0.37228,0.0
105686,18,274,0.781,0.009706,0.36632,0.0
106713,18,274,0.781,0.009706,0.4868,0.0
104665,18,274,0.781,0.009706,0.27188,0.0
107740,18,274,0.781,0.009706,0.37136,0.0
106718,18,274,0.781,0.009706,0.42012,0.0
107744,18,274,0.781,0.009706,0.38096,0.0
105708,18,274,0.781,0.009706,0.48548,0.0
106736,18,274,0.781,0.009706,0.45996000000000004,0.0
101616,18,274,0.781,0.009706,0.14008,0.0
101622,18,274,0.781,0.009706,0.15356,0.0
107767,18,274,0.781,0.009706,0.36756,0.0
107779,18,274,0.781,0.009706,0.5060800000000001,0.0
101644,18,274,0.781,0.009706,0.14416,0.0
106767,18,274,0.781,0.009706,0.50572,0.0
108818,18,274,0.781,0.009706,0.265,0.0
102676,18,274,0.781,0.009706,0.13844,0.0
105749,18,274,0.781,0.009706,0.42776000000000003,0.0
108827,18,274,0.781,0.009706,0.27304,0.0
106779,18,274,0.781,0.009706,0.42412,0.0
109853,18,274,0.781,0.009706,0.32636,0.0
108831,18,274,0.781,0.009706,0.38632,0.0
109862,18,274,0.781,0.009706,0.35736,0.0
106797,18,274,0.781,0.009706,0.4656,0.0
108849,18,274,0.781,0.009706,0.41384,0.0
105781,18,274,0.781,0.009706,0.38376000000000005,0.0
106806,18,274,0.781,0.009706,0.51152,0.0
100668,18,274,0.781,0.009706,0.12952,0.0
108861,18,274,0.781,0.009706,0.3396,0.0
103741,18,274,0.781,0.009706,0.13004,0.0
106819,18,274,0.781,0.009706,0.3652,0.0
108867,18,274,0.781,0.009706,0.3298,0.0
109891,18,274,0.781,0.009706,0.3734,0.0
105797,18,274,0.781,0.009706,0.5198,0.0
108871,18,274,0.781,0.009706,0.25528,0.0
107856,18,274,0.781,0.009706,0.39380000000000004,0.0
106833,18,274,0.781,0.009706,0.44788000000000006,0.0
106839,18,274,0.781,0.009706,0.33996000000000004,0.0
105816,18,274,0.781,0.009706,0.40640000000000004,0.0
108888,18,274,0.781,0.009706,0.31544000000000005,0.0
106842,18,274,0.781,0.009706,0.38980000000000004,0.0
109917,18,274,0.781,0.009706,0.23471999999999998,0.0
101733,18,274,0.781,0.009706,0.14088,0.0
106858,18,274,0.781,0.009706,0.34584000000000004,0.0
106860,18,274,0.781,0.009706,0.43628,0.0
106862,18,274,0.781,0.009706,0.35196000000000005,0.0
100719,18,274,0.781,0.009706,0.21348,0.0
109939,18,274,0.781,0.009706,0.23168,0.0
108915,18,274,0.781,0.009706,0.37260000000000004,0.0
107893,18,274,0.781,0.009706,0.45256,0.0
103797,18,274,0.781,0.009706,0.13816,0.0
101754,18,274,0.781,0.009706,0.13492,0.0
107899,18,274,0.781,0.009706,0.31548,0.0
105868,18,274,0.781,0.009706,0.44916,0.0
109970,18,274,0.781,0.009706,0.25396,0.0
108946,18,274,0.781,0.009706,0.23212,0.0
108949,18,274,0.781,0.009706,0.24812,0.0
103839,18,274,0.781,0.009706,0.15376,0.0
106917,18,274,0.781,0.009706,0.43916,0.0
106918,18,274,0.781,0.009706,0.30204,0.0
108967,18,274,0.781,0.009706,0.44728,0.0
108971,18,274,0.781,0.009706,0.31984,0.0
109997,18,274,0.781,0.009706,0.31428,0.0
108974,18,274,0.781,0.009706,0.36840000000000006,0.0
100786,18,274,0.781,0.009706,0.12856,0.0
105908,18,274,0.781,0.009706,0.39732,0.0
103861,18,274,0.781,0.009706,0.17112,0.0
106934,18,274,0.781,0.009706,0.43184,0.0
105912,18,274,0.781,0.009706,0.3846,0.0
102848,18,274,0.781,0.009706,0.16396,0.0
103873,18,274,0.781,0.009706,0.12896,0.0
107975,18,274,0.781,0.009706,0.40168,0.0
109005,18,274,0.781,0.009706,0.47704,0.0
107993,18,274,0.781,0.009706,0.48212000000000005,0.0
109018,18,274,0.781,0.009706,0.31292,0.0
100828,18,274,0.781,0.009706,0.14432,0.0
109021,18,274,0.781,0.009706,0.28248,0.0
109026,18,274,0.781,0.009706,0.34243999999999997,0.0
106980,18,274,0.781,0.009706,0.41956000000000004,0.0
106983,18,274,0.781,0.009706,0.461,0.0
105968,18,274,0.781,0.009706,0.43796,0.0
105969,18,274,0.781,0.009706,0.42016000000000003,0.0
100848,18,274,0.781,0.009706,0.13568,0.0
104945,18,274,0.781,0.009706,0.129,0.0
108022,18,274,0.781,0.009706,0.41744,0.0
105975,18,274,0.781,0.009706,0.34036,0.0
108024,18,274,0.781,0.009706,0.4424,0.0
108026,18,274,0.781,0.009706,0.45184,0.0
102910,18,274,0.781,0.009706,0.13863999999999999,0.0
105982,18,274,0.781,0.009706,0.47232,0.0
104965,18,274,0.781,0.009706,0.15044000000000002,0.0
102919,18,274,0.781,0.009706,0.12648,0.0
109078,18,274,0.781,0.009706,0.4516,0.0
106008,18,274,0.781,0.009706,0.40352000000000005,0.0
108075,18,274,0.781,0.009706,0.4254,0.0
105009,18,274,0.781,0.009706,0.41200000000000003,0.0
108083,18,274,0.781,0.009706,0.45348000000000005,0.0
108092,18,274,0.781,0.009706,0.51844,0.0
108095,18,274,0.781,0.009706,0.44672,0.0
109121,18,274,0.781,0.009706,0.27144,0.0
107073,18,274,0.781,0.009706,0.38912,0.0
105028,18,274,0.781,0.009706,0.33068,0.0
108101,18,274,0.781,0.009706,0.46048,0.0
109127,18,274,0.781,0.009706,0.2976,0.0
109132,18,274,0.781,0.009706,0.36388,0.0
105042,18,274,0.781,0.009706,0.40608,0.0
104019,18,274,0.781,0.009706,0.12512,0.0
108118,18,274,0.781,0.009706,0.35632,0.0
105047,18,274,0.781,0.009706,0.49536,0.0
109146,18,274,0.781,0.009706,0.41440000000000005,0.0
103006,18,274,0.781,0.009706,0.13548,0.0
108138,18,274,0.781,0.009706,0.45292,0.0
105067,18,274,0.781,0.009706,0.40612,0.0
107115,18,274,0.781,0.009706,0.48004,0.0
100975,18,274,0.781,0.009706,0.12992,0.0
107125,18,274,0.781,0.009706,0.47872000000000003,0.0
106111,18,274,0.781,0.009706,0.32312,0.0
101001,18,274,0.781,0.009706,0.12596,0.0
109193,18,274,0.781,0.009706,0.40352000000000005,0.0
109196,18,274,0.781,0.009706,0.44856,0.0
108174,18,274,0.781,0.009706,0.45488,0.0
106134,18,274,0.781,0.009706,0.45188000000000006,0.0
103064,18,274,0.781,0.009706,0.18128,0.0
107167,18,274,0.781,0.009706,0.34788,0.0
106143,18,274,0.781,0.009706,0.41908,0.0
106149,18,274,0.781,0.009706,0.46884000000000003,0.0
108198,18,274,0.781,0.009706,0.40164,0.0
109223,18,274,0.781,0.009706,0.3416,0.0
104103,18,274,0.781,0.009706,0.19740000000000002,0.0
106153,18,274,0.781,0.009706,0.39652,0.0
100017,18,274,0.781,0.009706,0.1656,0.0
106162,18,274,0.781,0.009706,0.35168,0.0
105139,18,274,0.781,0.009706,0.4008,0.0
109244,18,274,0.781,0.009706,0.45796000000000003,0.0
109249,18,274,0.781,0.009706,0.32528,0.0
106181,18,274,0.781,0.009706,0.48760000000000003,0.0
101062,18,274,0.781,0.009706,0.13564,0.0
104133,18,274,0.781,0.009706,0.12664,0.0
107209,18,274,0.781,0.009706,0.36996000000000007,0.0
106192,18,274,0.781,0.009706,0.43216000000000004,0.0
108242,18,274,0.781,0.009706,0.30384,0.0
107226,18,274,0.781,0.009706,0.42912,0.0
105182,18,274,0.781,0.009706,0.4922,0.0
105183,18,274,0.781,0.009706,0.40743999999999997,0.0
104172,18,274,0.781,0.009706,0.19152000000000002,0.0
107246,18,274,0.781,0.009706,0.41656,0.0
101104,18,274,0.781,0.009706,0.12644,0.0
108283,18,274,0.781,0.009706,0.27592000000000005,0.0
109310,18,274,0.781,0.009706,0.40372,0.0
107264,18,274,0.781,0.009706,0.41836,0.0
106245,18,274,0.781,0.009706,0.39028,0.0
109321,18,274,0.781,0.009706,0.42436,0.0
109328,18,274,0.781,0.009706,0.36208,0.0
109330,18,274,0.781,0.009706,0.40836,0.0
100114,18,274,0.781,0.009706,0.1502,0.0
103186,18,274,0.781,0.009706,0.20644,0.0
101151,18,274,0.781,0.009706,0.12696,0.0
107297,18,274,0.781,0.009706,0.28048,0.0
104228,18,274,0.781,0.009706,0.1288,0.0
106277,18,274,0.781,0.009706,0.36328000000000005,0.0
108324,18,274,0.781,0.009706,0.39616,0.0
106280,18,274,0.781,0.009706,0.42416000000000004,0.0
102192,18,274,0.781,0.009706,0.17568,0.0
100147,18,274,0.781,0.009706,0.1312,0.0
101187,18,274,0.781,0.009706,0.15516,0.0
106310,18,274,0.781,0.009706,0.42188,0.0
108359,18,274,0.781,0.009706,0.33612000000000003,0.0
104271,18,274,0.781,0.009706,0.1282,0.0
102226,18,274,0.781,0.009706,0.26304000000000005,0.0
109396,18,274,0.781,0.009706,0.37292000000000003,0.0
106325,18,274,0.781,0.009706,0.36152000000000006,0.0
104281,18,274,0.781,0.009706,0.14304,0.0
105308,18,274,0.781,0.009706,0.31948,0.0
105312,18,274,0.781,0.009706,0.4666,0.0
105313,18,274,0.781,0.009706,0.43332000000000004,0.0
109410,18,274,0.781,0.009706,0.34199999999999997,0.0
109412,18,274,0.781,0.009706,0.4742,0.0
103270,18,274,0.781,0.009706,0.15396,0.0
107367,18,274,0.781,0.009706,0.41984,0.0
106344,18,274,0.781,0.009706,0.42284000000000005,0.0
109421,18,274,0.781,0.009706,0.45404,0.0
107374,18,274,0.781,0.009706,0.39628,0.0
108407,18,274,0.781,0.009706,0.39888,0.0
105338,18,274,0.781,0.009706,0.45228,0.0
104319,18,274,0.781,0.009706,0.1406,0.0
102271,18,274,0.781,0.009706,0.12756,0.0
106372,18,274,0.781,0.009706,0.39128,0.0
102283,18,274,0.781,0.009706,0.15144000000000002,0.0
106379,18,274,0.781,0.009706,0.43232000000000004,0.0
108428,18,274,0.781,0.009706,0.5005999999999999,0.0
108438,18,274,0.781,0.009706,0.47348,0.0
105366,18,274,0.781,0.009706,0.29236,0.0
105367,18,274,0.781,0.009706,0.47516,0.0
109465,18,274,0.781,0.009706,0.43688,0.0
101274,18,274,0.781,0.009706,0.1426,0.0
108458,18,274,0.781,0.009706,0.46592,0.0
107441,18,274,0.781,0.009706,0.37536,0.0
103349,18,274,0.781,0.009706,0.12704,0.0
108485,18,274,0.781,0.009706,0.49868,0.0
105415,18,274,0.781,0.009706,0.47888000000000003,0.0
105421,18,274,0.781,0.009706,0.33324,0.0
107469,18,274,0.781,0.009706,0.47464,0.0
108497,18,274,0.781,0.009706,0.45092,0.0
109530,18,274,0.781,0.009706,0.36884000000000006,0.0
100317,18,274,0.781,0.009706,0.1568,0.0
107488,18,274,0.781,0.009706,0.47312,0.0
105440,18,274,0.781,0.009706,0.33408000000000004,0.0
107489,18,274,0.781,0.009706,0.3816,0.0
103392,18,274,0.781,0.009706,0.17284,0.0
108522,18,274,0.781,0.009706,0.24280000000000002,0.0
108523,18,274,0.781,0.009706,0.36384,0.0
109553,18,274,0.781,0.009706,0.39332,0.0
109559,18,274,0.781,0.009706,0.29676,0.0
106495,18,274,0.781,0.009706,0.44012,0.0
106948,19,1,1.0,0.0,0.43788000000000005,0.0
103425,20,372,0.164,0.008202,0.13248,0.0
106501,20,372,0.164,0.008202,0.39056,0.0
104453,20,372,0.164,0.008202,0.17756,0.0
106505,20,372,0.164,0.008202,0.4094,0.0
102411,20,372,0.164,0.008202,0.12568000000000001,0.0
101390,20,372,0.164,0.008202,0.13464,0.0
102416,20,372,0.164,0.008202,0.17228,0.0
106524,20,372,0.164,0.008202,0.37448000000000004,0.0
102428,20,372,0.164,0.008202,0.25576,0.0
102430,20,372,0.164,0.008202,0.12648,0.0
100383,20,372,0.164,0.008202,0.12524,0.0
109607,20,372,0.164,0.008202,0.42756,0.0
101416,20,372,0.164,0.008202,0.15536,0.0
101417,20,372,0.164,0.008202,0.12744,0.0
102444,20,372,0.164,0.008202,0.13512,0.0
103469,20,372,0.164,0.008202,0.13348,0.0
102447,20,372,0.164,0.008202,0.12776,0.0
103481,20,372,0.164,0.008202,0.1366,0.0
104509,20,372,0.164,0.008202,0.17880000000000001,0.0
104510,20,372,0.164,0.008202,0.15856,0.0
102464,20,372,0.164,0.008202,0.13192,0.0
103490,20,372,0.164,0.008202,0.12944,0.0
101447,20,372,0.164,0.008202,0.12528,0.0
103504,20,372,0.164,0.008202,0.13432,0.0
100434,20,372,0.164,0.008202,0.17952,0.0
101461,20,372,0.164,0.008202,0.19524000000000002,0.0
106586,20,372,0.164,0.008202,0.45984,0.0
100443,20,372,0.164,0.008202,0.15048,0.0
103518,20,372,0.164,0.008202,0.12552,0.0
101474,20,372,0.164,0.008202,0.13504,0.0
104554,20,372,0.164,0.008202,0.12836,0.0
101483,20,372,0.164,0.008202,0.13288,0.0
103534,20,372,0.164,0.008202,0.135,0.0
108658,20,372,0.164,0.008202,0.27264,0.0
100466,20,372,0.164,0.008202,0.13136,0.0
101492,20,372,0.164,0.008202,0.12544,0.0
101491,20,372,0.164,0.008202,0.1792,0.0
103542,20,372,0.164,0.008202,0.12728,0.0
104565,20,372,0.164,0.008202,0.12528,0.0
101496,20,372,0.164,0.008202,0.13096,0.0
102521,20,372,0.164,0.008202,0.1806,0.0
107642,20,372,0.164,0.008202,0.4534,0.0
103551,20,372,0.164,0.008202,0.12932,0.0
100481,20,372,0.164,0.008202,0.14579999999999999,0.0
109699,20,372,0.164,0.008202,0.34648,0.0
101515,20,372,0.164,0.008202,0.12764,0.0
105617,20,372,0.164,0.008202,0.41616000000000003,0.0
103570,20,372,0.164,0.008202,0.13344,0.0
101524,20,372,0.164,0.008202,0.12616,0.0
102548,20,372,0.164,0.008202,0.19496000000000002,0.0
104601,20,372,0.164,0.008202,0.15552,0.0
104602,20,372,0.164,0.008202,0.12808,0.0
101530,20,372,0.164,0.008202,0.19288,0.0
104604,20,372,0.164,0.008202,0.1802,0.0
107678,20,372,0.164,0.008202,0.35896,0.0
106657,20,372,0.164,0.008202,0.33168000000000003,0.0
101538,20,372,0.164,0.008202,0.16448000000000002,0.0
103587,20,372,0.164,0.008202,0.1344,0.0
102569,20,372,0.164,0.008202,0.14388,0.0
101547,20,372,0.164,0.008202,0.14184,0.0
102573,20,372,0.164,0.008202,0.12684,0.0
100526,20,372,0.164,0.008202,0.13908,0.0
104628,20,372,0.164,0.008202,0.18572,0.0
100534,20,372,0.164,0.008202,0.13508,0.0
107708,20,372,0.164,0.008202,0.40776,0.0
101568,20,372,0.164,0.008202,0.13696,0.0
103619,20,372,0.164,0.008202,0.12636,0.0
101572,20,372,0.164,0.008202,0.1432,0.0
104647,20,372,0.164,0.008202,0.13092,0.0
105672,20,372,0.164,0.008202,0.39328,0.0
105467,20,372,0.164,0.008202,0.4116,0.0
100556,20,372,0.164,0.008202,0.12524,0.0
103639,20,372,0.164,0.008202,0.12616,0.0
100568,20,372,0.164,0.008202,0.21272000000000002,0.0
102618,20,372,0.164,0.008202,0.1384,0.0
104673,20,372,0.164,0.008202,0.13352,0.0
100579,20,372,0.164,0.008202,0.13312,0.0
104676,20,372,0.164,0.008202,0.16056,0.0
103655,20,372,0.164,0.008202,0.16036,0.0
103661,20,372,0.164,0.008202,0.1252,0.0
102639,20,372,0.164,0.008202,0.1268,0.0
109810,20,372,0.164,0.008202,0.25836000000000003,0.0
106740,20,372,0.164,0.008202,0.40724,0.0
105718,20,372,0.164,0.008202,0.47008000000000005,0.0
102647,20,372,0.164,0.008202,0.22132000000000002,0.0
104696,20,372,0.164,0.008202,0.14428,0.0
103677,20,372,0.164,0.008202,0.27816,0.0
104705,20,372,0.164,0.008202,0.13684,0.0
102659,20,372,0.164,0.008202,0.14032,0.0
100611,20,372,0.164,0.008202,0.125,0.0
102661,20,372,0.164,0.008202,0.26792000000000005,0.0
101641,20,372,0.164,0.008202,0.12704,0.0
101642,20,372,0.164,0.008202,0.13076,0.0
101643,20,372,0.164,0.008202,0.12836,0.0
102671,20,372,0.164,0.008202,0.16192,0.0
101649,20,372,0.164,0.008202,0.12512,0.0
100626,20,372,0.164,0.008202,0.16128,0.0
104722,20,372,0.164,0.008202,0.12608,0.0
101665,20,372,0.164,0.008202,0.12624,0.0
109858,20,372,0.164,0.008202,0.29624,0.0
102691,20,372,0.164,0.008202,0.16204000000000002,0.0
100644,20,372,0.164,0.008202,0.17968,0.0
104743,20,372,0.164,0.008202,0.12872,0.0
106793,20,372,0.164,0.008202,0.47628000000000004,0.0
108842,20,372,0.164,0.008202,0.4036,0.0
104745,20,372,0.164,0.008202,0.13656000000000001,0.0
103724,20,372,0.164,0.008202,0.12508,0.0
107821,20,372,0.164,0.008202,0.32624,0.0
103722,20,372,0.164,0.008202,0.13432,0.0
101673,20,372,0.164,0.008202,0.14672000000000002,0.0
102704,20,372,0.164,0.008202,0.12844,0.0
103729,20,372,0.164,0.008202,0.1312,0.0
102717,20,372,0.164,0.008202,0.13336,0.0
103742,20,372,0.164,0.008202,0.13384000000000001,0.0
103743,20,372,0.164,0.008202,0.1744,0.0
104768,20,372,0.164,0.008202,0.17296,0.0
101698,20,372,0.164,0.008202,0.17732,0.0
103748,20,372,0.164,0.008202,0.1694,0.0
102725,20,372,0.164,0.008202,0.14172,0.0
102728,20,372,0.164,0.008202,0.12832,0.0
102729,20,372,0.164,0.008202,0.162,0.0
100684,20,372,0.164,0.008202,0.17244,0.0
104785,20,372,0.164,0.008202,0.12936,0.0
102738,20,372,0.164,0.008202,0.2238,0.0
104788,20,372,0.164,0.008202,0.14248,0.0
102743,20,372,0.164,0.008202,0.18908000000000003,0.0
107866,20,372,0.164,0.008202,0.41292,0.0
101726,20,372,0.164,0.008202,0.16152,0.0
106854,20,372,0.164,0.008202,0.428,0.0
103785,20,372,0.164,0.008202,0.12648,0.0
104812,20,372,0.164,0.008202,0.1506,0.0
103799,20,372,0.164,0.008202,0.13676,0.0
101752,20,372,0.164,0.008202,0.12552,0.0
101753,20,372,0.164,0.008202,0.14508,0.0
104827,20,372,0.164,0.008202,0.1288,0.0
102779,20,372,0.164,0.008202,0.12516,0.0
104831,20,372,0.164,0.008202,0.16364,0.0
106888,20,372,0.164,0.008202,0.47256000000000004,0.0
101770,20,372,0.164,0.008202,0.13776,0.0
103819,20,372,0.164,0.008202,0.19008000000000003,0.0
103821,20,372,0.164,0.008202,0.12872,0.0
102800,20,372,0.164,0.008202,0.12528,0.0
101780,20,372,0.164,0.008202,0.1254,0.0
104859,20,372,0.164,0.008202,0.12524,0.0
100763,20,372,0.164,0.008202,0.13872,0.0
102813,20,372,0.164,0.008202,0.12532,0.0
104861,20,372,0.164,0.008202,0.12624,0.0
100768,20,372,0.164,0.008202,0.1558,0.0
100769,20,372,0.164,0.008202,0.13256,0.0
103845,20,372,0.164,0.008202,0.12604,0.0
108966,20,372,0.164,0.008202,0.50568,0.0
103848,20,372,0.164,0.008202,0.14908,0.0
103850,20,372,0.164,0.008202,0.13892,0.0
102832,20,372,0.164,0.008202,0.15964,0.0
105907,20,372,0.164,0.008202,0.49684,0.0
101813,20,372,0.164,0.008202,0.13152,0.0
104887,20,372,0.164,0.008202,0.13632,0.0
102840,20,372,0.164,0.008202,0.21932000000000001,0.0
103868,20,372,0.164,0.008202,0.1756,0.0
104892,20,372,0.164,0.008202,0.16232,0.0
102845,20,372,0.164,0.008202,0.15628,0.0
107967,20,372,0.164,0.008202,0.406,0.0
100800,20,372,0.164,0.008202,0.13644,0.0
101831,20,372,0.164,0.008202,0.18728,0.0
104904,20,372,0.164,0.008202,0.14212,0.0
101832,20,372,0.164,0.008202,0.1298,0.0
103884,20,372,0.164,0.008202,0.12996,0.0
102862,20,372,0.164,0.008202,0.13784,0.0
100817,20,372,0.164,0.008202,0.1276,0.0
100818,20,372,0.164,0.008202,0.12504,0.0
102867,20,372,0.164,0.008202,0.33940000000000003,0.0
103893,20,372,0.164,0.008202,0.12528,0.0
104919,20,372,0.164,0.008202,0.13544,0.0
100826,20,372,0.164,0.008202,0.16644,0.0
100827,20,372,0.164,0.008202,0.13832,0.0
103900,20,372,0.164,0.008202,0.14416,0.0
102877,20,372,0.164,0.008202,0.13152,0.0
105950,20,372,0.164,0.008202,0.35372000000000003,0.0
101854,20,372,0.164,0.008202,0.27924000000000004,0.0
104925,20,372,0.164,0.008202,0.16944,0.0
101857,20,372,0.164,0.008202,0.13416,0.0
101862,20,372,0.164,0.008202,0.13832,0.0
104937,20,372,0.164,0.008202,0.13068,0.0
102892,20,372,0.164,0.008202,0.19644,0.0
104942,20,372,0.164,0.008202,0.15164,0.0
108015,20,372,0.164,0.008202,0.42864,0.0
100849,20,372,0.164,0.008202,0.12804,0.0
101878,20,372,0.164,0.008202,0.15572,0.0
100855,20,372,0.164,0.008202,0.12528,0.0
103930,20,372,0.164,0.008202,0.13204,0.0
100861,20,372,0.164,0.008202,0.13964,0.0
101885,20,372,0.164,0.008202,0.12744,0.0
103936,20,372,0.164,0.008202,0.14456,0.0
102915,20,372,0.164,0.008202,0.13968,0.0
103940,20,372,0.164,0.008202,0.12952,0.0
101894,20,372,0.164,0.008202,0.13772,0.0
105992,20,372,0.164,0.008202,0.43848,0.0
104968,20,372,0.164,0.008202,0.12712,0.0
100879,20,372,0.164,0.008202,0.12536,0.0
104976,20,372,0.164,0.008202,0.13988,0.0
102938,20,372,0.164,0.008202,0.18444,0.0
101915,20,372,0.164,0.008202,0.179,0.0
103969,20,372,0.164,0.008202,0.1442,0.0
104998,20,372,0.164,0.008202,0.14584,0.0
109096,20,372,0.164,0.008202,0.43924,0.0
109100,20,372,0.164,0.008202,0.1864,0.0
103987,20,372,0.164,0.008202,0.12924,0.0
100917,20,372,0.164,0.008202,0.19524000000000002,0.0
107063,20,372,0.164,0.008202,0.47964000000000007,0.0
102971,20,372,0.164,0.008202,0.13584,0.0
103995,20,372,0.164,0.008202,0.1926,0.0
102976,20,372,0.164,0.008202,0.13144,0.0
106050,20,372,0.164,0.008202,0.47744000000000003,0.0
101961,20,372,0.164,0.008202,0.12616,0.0
100939,20,372,0.164,0.008202,0.1832,0.0
102990,20,372,0.164,0.008202,0.12776,0.0
104016,20,372,0.164,0.008202,0.12508,0.0
100948,20,372,0.164,0.008202,0.1996,0.0
104021,20,372,0.164,0.008202,0.16712,0.0
102998,20,372,0.164,0.008202,0.1316,0.0
105049,20,372,0.164,0.008202,0.46708,0.0
103011,20,372,0.164,0.008202,0.249,0.0
104044,20,372,0.164,0.008202,0.13872,0.0
107122,20,372,0.164,0.008202,0.44512,0.0
104054,20,372,0.164,0.008202,0.12504,0.0
100985,20,372,0.164,0.008202,0.12784,0.0
103036,20,372,0.164,0.008202,0.17328,0.0
104062,20,372,0.164,0.008202,0.12852,0.0
106119,20,372,0.164,0.008202,0.39256,0.0
103050,20,372,0.164,0.008202,0.14612,0.0
101007,20,372,0.164,0.008202,0.20456000000000002,0.0
103057,20,372,0.164,0.008202,0.13016,0.0
104083,20,372,0.164,0.008202,0.12804,0.0
105108,20,372,0.164,0.008202,0.49908,0.0
107158,20,372,0.164,0.008202,0.35004,0.0
101015,20,372,0.164,0.008202,0.13756,0.0
103065,20,372,0.164,0.008202,0.17212,0.0
101020,20,372,0.164,0.008202,0.14484,0.0
103072,20,372,0.164,0.008202,0.25244,0.0
101024,20,372,0.164,0.008202,0.13848,0.0
102055,20,372,0.164,0.008202,0.16812,0.0
103080,20,372,0.164,0.008202,0.18212,0.0
102057,20,372,0.164,0.008202,0.13436,0.0
104109,20,372,0.164,0.008202,0.12776,0.0
103085,20,372,0.164,0.008202,0.2228,0.0
101037,20,372,0.164,0.008202,0.22432000000000002,0.0
100016,20,372,0.164,0.008202,0.13164,0.0
103089,20,372,0.164,0.008202,0.12972,0.0
101042,20,372,0.164,0.008202,0.1258,0.0
108211,20,372,0.164,0.008202,0.44012,0.0
104113,20,372,0.164,0.008202,0.1352,0.0
101046,20,372,0.164,0.008202,0.133,0.0
104119,20,372,0.164,0.008202,0.14508,0.0
106168,20,372,0.164,0.008202,0.42056,0.0
101049,20,372,0.164,0.008202,0.12548,0.0
104122,20,372,0.164,0.008202,0.12532,0.0
105147,20,372,0.164,0.008202,0.42264,0.0
105150,20,372,0.164,0.008202,0.356,0.0
100030,20,372,0.164,0.008202,0.12748,0.0
100036,20,372,0.164,0.008202,0.23204000000000002,0.0
104135,20,372,0.164,0.008202,0.13208,0.0
100040,20,372,0.164,0.008202,0.14888,0.0
100050,20,372,0.164,0.008202,0.13724,0.0
102100,20,372,0.164,0.008202,0.16312,0.0
102101,20,372,0.164,0.008202,0.12952,0.0
105175,20,372,0.164,0.008202,0.48108,0.0
102104,20,372,0.164,0.008202,0.12548,0.0
104153,20,372,0.164,0.008202,0.13096,0.0
103127,20,372,0.164,0.008202,0.17256,0.0
102107,20,372,0.164,0.008202,0.13048,0.0
109276,20,372,0.164,0.008202,0.29852,0.0
103135,20,372,0.164,0.008202,0.12576,0.0
103136,20,372,0.164,0.008202,0.13428,0.0
102111,20,372,0.164,0.008202,0.3398,0.0
102113,20,372,0.164,0.008202,0.12568000000000001,0.0
100066,20,372,0.164,0.008202,0.18872,0.0
101094,20,372,0.164,0.008202,0.1754,0.0
104168,20,372,0.164,0.008202,0.15272,0.0
101099,20,372,0.164,0.008202,0.12636,0.0
102123,20,372,0.164,0.008202,0.21760000000000002,0.0
103150,20,372,0.164,0.008202,0.13276,0.0
102129,20,372,0.164,0.008202,0.12504,0.0
106227,20,372,0.164,0.008202,0.47908,0.0
102134,20,372,0.164,0.008202,0.12624,0.0
102137,20,372,0.164,0.008202,0.14304,0.0
104186,20,372,0.164,0.008202,0.12524,0.0
101118,20,372,0.164,0.008202,0.14296,0.0
100099,20,372,0.164,0.008202,0.12552,0.0
104197,20,372,0.164,0.008202,0.25656,0.0
104201,20,372,0.164,0.008202,0.14072,0.0
104203,20,372,0.164,0.008202,0.13048,0.0
107275,20,372,0.164,0.008202,0.43412000000000006,0.0
103181,20,372,0.164,0.008202,0.12508,0.0
109326,20,372,0.164,0.008202,0.3792,0.0
100111,20,372,0.164,0.008202,0.14688,0.0
102167,20,372,0.164,0.008202,0.13268,0.0
104229,20,372,0.164,0.008202,0.12912,0.0
104238,20,372,0.164,0.008202,0.14488,0.0
101169,20,372,0.164,0.008202,0.15592,0.0
102194,20,372,0.164,0.008202,0.12992,0.0
102199,20,372,0.164,0.008202,0.12672,0.0
107321,20,372,0.164,0.008202,0.31456,0.0
100156,20,372,0.164,0.008202,0.17608000000000001,0.0
100161,20,372,0.164,0.008202,0.12884,0.0
100167,20,372,0.164,0.008202,0.12808,0.0
103240,20,372,0.164,0.008202,0.12512,0.0
108364,20,372,0.164,0.008202,0.31279999999999997,0.0
104274,20,372,0.164,0.008202,0.19772,0.0
104277,20,372,0.164,0.008202,0.15496,0.0
101210,20,372,0.164,0.008202,0.22904000000000002,0.0
103258,20,372,0.164,0.008202,0.13588,0.0
100190,20,372,0.164,0.008202,0.12508,0.0
101221,20,372,0.164,0.008202,0.14656,0.0
101222,20,372,0.164,0.008202,0.18652,0.0
101223,20,372,0.164,0.008202,0.12632,0.0
103272,20,372,0.164,0.008202,0.13868,0.0
104295,20,372,0.164,0.008202,0.132,0.0
108396,20,372,0.164,0.008202,0.41132,0.0
104303,20,372,0.164,0.008202,0.12884,0.0
104304,20,372,0.164,0.008202,0.14396,0.0
101237,20,372,0.164,0.008202,0.1694,0.0
100219,20,372,0.164,0.008202,0.1976,0.0
100220,20,372,0.164,0.008202,0.13196,0.0
102270,20,372,0.164,0.008202,0.12632,0.0
105344,20,372,0.164,0.008202,0.46748,0.0
102273,20,372,0.164,0.008202,0.13228,0.0
108418,20,372,0.164,0.008202,0.45188000000000006,0.0
103301,20,372,0.164,0.008202,0.18372,0.0
102278,20,372,0.164,0.008202,0.15488000000000002,0.0
105351,20,372,0.164,0.008202,0.39768,0.0
106375,20,372,0.164,0.008202,0.34924,0.0
100229,20,372,0.164,0.008202,0.1418,0.0
109454,20,372,0.164,0.008202,0.3056,0.0
102287,20,372,0.164,0.008202,0.12576,0.0
100241,20,372,0.164,0.008202,0.1642,0.0
103319,20,372,0.164,0.008202,0.12516,0.0
104343,20,372,0.164,0.008202,0.18892,0.0
106392,20,372,0.164,0.008202,0.43096,0.0
102304,20,372,0.164,0.008202,0.1484,0.0
100257,20,372,0.164,0.008202,0.14212,0.0
103335,20,372,0.164,0.008202,0.15168,0.0
101289,20,372,0.164,0.008202,0.13588,0.0
100266,20,372,0.164,0.008202,0.19196000000000002,0.0
102319,20,372,0.164,0.008202,0.15144000000000002,0.0
101296,20,372,0.164,0.008202,0.1346,0.0
100277,20,372,0.164,0.008202,0.1896,0.0
101303,20,372,0.164,0.008202,0.15364,0.0
101310,20,372,0.164,0.008202,0.125,0.0
106431,20,372,0.164,0.008202,0.39684,0.0
103362,20,372,0.164,0.008202,0.16,0.0
103364,20,372,0.164,0.008202,0.14072,0.0
100294,20,372,0.164,0.008202,0.12872,0.0
106449,20,372,0.164,0.008202,0.48596,0.0
102357,20,372,0.164,0.008202,0.15748,0.0
100310,20,372,0.164,0.008202,0.12656,0.0
102359,20,372,0.164,0.008202,0.18752000000000002,0.0
107480,20,372,0.164,0.008202,0.48260000000000003,0.0
100318,20,372,0.164,0.008202,0.12984,0.0
102369,20,372,0.164,0.008202,0.14972,0.0
103394,20,372,0.164,0.008202,0.21924,0.0
100328,20,372,0.164,0.008202,0.1324,0.0
102382,20,372,0.164,0.008202,0.1608,0.0
100335,20,372,0.164,0.008202,0.12664,0.0
102384,20,372,0.164,0.008202,0.16316,0.0
103408,20,372,0.164,0.008202,0.125,0.0
103412,20,372,0.164,0.008202,0.163,0.0
104438,20,372,0.164,0.008202,0.17492,0.0
101369,20,372,0.164,0.008202,0.137,0.0
103418,20,372,0.164,0.008202,0.13828000000000001,0.0
100347,20,372,0.164,0.008202,0.12508,0.0
103421,20,372,0.164,0.008202,0.12676,0.0
105471,20,372,0.164,0.008202,0.47952,0.0
101380,21,345,0.3826,0.008611,0.20140000000000002,0.0
101383,21,345,0.3826,0.008611,0.16476000000000002,0.0
106504,21,345,0.3826,0.008611,0.43996,0.0
108553,21,345,0.3826,0.008611,0.31296,0.0
104458,21,345,0.3826,0.008611,0.13496,0.0
100363,21,345,0.3826,0.008611,0.14272,0.0
106506,21,345,0.3826,0.008611,0.4998,0.0
102417,21,345,0.3826,0.008611,0.1266,0.0
104474,21,345,0.3826,0.008611,0.17028,0.0
104482,21,345,0.3826,0.008611,0.12956,0.0
101418,21,345,0.3826,0.008611,0.12728,0.0
104491,21,345,0.3826,0.008611,0.14592,0.0
106540,21,345,0.3826,0.008611,0.38404,0.0
100396,21,345,0.3826,0.008611,0.12748,0.0
103477,21,345,0.3826,0.008611,0.23308,0.0
107574,21,345,0.3826,0.008611,0.44812,0.0
108599,21,345,0.3826,0.008611,0.26580000000000004,0.0
103486,21,345,0.3826,0.008611,0.22644,0.0
102466,21,345,0.3826,0.008611,0.12516,0.0
104523,21,345,0.3826,0.008611,0.12612,0.0
103501,21,345,0.3826,0.008611,0.125,0.0
100430,21,345,0.3826,0.008611,0.12784,0.0
104530,21,345,0.3826,0.008611,0.125,0.0
102484,21,345,0.3826,0.008611,0.12532,0.0
103512,21,345,0.3826,0.008611,0.15456,0.0
109663,21,345,0.3826,0.008611,0.3926,0.0
103521,21,345,0.3826,0.008611,0.12856,0.0
104555,21,345,0.3826,0.008611,0.2766,0.0
100459,21,345,0.3826,0.008611,0.18004,0.0
105581,21,345,0.3826,0.008611,0.48096000000000005,0.0
101485,21,345,0.3826,0.008611,0.1258,0.0
109684,21,345,0.3826,0.008611,0.44312,0.0
108661,21,345,0.3826,0.008611,0.2944,0.0
102519,21,345,0.3826,0.008611,0.15328,0.0
100474,21,345,0.3826,0.008611,0.13056,0.0
100475,21,345,0.3826,0.008611,0.18072,0.0
106624,21,345,0.3826,0.008611,0.4502,0.0
101508,21,345,0.3826,0.008611,0.22920000000000001,0.0
104582,21,345,0.3826,0.008611,0.12508,0.0
104584,21,345,0.3826,0.008611,0.13752,0.0
107665,21,345,0.3826,0.008611,0.48696000000000006,0.0
101523,21,345,0.3826,0.008611,0.1262,0.0
102549,21,345,0.3826,0.008611,0.13728,0.0
107672,21,345,0.3826,0.008611,0.36236,0.0
100506,21,345,0.3826,0.008611,0.23908000000000001,0.0
102559,21,345,0.3826,0.008611,0.1274,0.0
108705,21,345,0.3826,0.008611,0.45284,0.0
100515,21,345,0.3826,0.008611,0.16488,0.0
101549,21,345,0.3826,0.008611,0.12808,0.0
105648,21,345,0.3826,0.008611,0.47104,0.0
102576,21,345,0.3826,0.008611,0.125,0.0
100530,21,345,0.3826,0.008611,0.1264,0.0
107699,21,345,0.3826,0.008611,0.44968,0.0
104630,21,345,0.3826,0.008611,0.19912000000000002,0.0
105656,21,345,0.3826,0.008611,0.47908,0.0
104633,21,345,0.3826,0.008611,0.25964,0.0
104447,21,345,0.3826,0.008611,0.1664,0.0
106694,21,345,0.3826,0.008611,0.426,0.0
100554,21,345,0.3826,0.008611,0.1738,0.0
101581,21,345,0.3826,0.008611,0.13348,0.0
107726,21,345,0.3826,0.008611,0.31856,0.0
101592,21,345,0.3826,0.008611,0.13372,0.0
102617,21,345,0.3826,0.008611,0.12532,0.0
103643,21,345,0.3826,0.008611,0.21664,0.0
104667,21,345,0.3826,0.008611,0.12532,0.0
109789,21,345,0.3826,0.008611,0.337,0.0
103647,21,345,0.3826,0.008611,0.12624,0.0
103649,21,345,0.3826,0.008611,0.15096,0.0
102633,21,345,0.3826,0.008611,0.13168,0.0
103658,21,345,0.3826,0.008611,0.12724,0.0
106729,21,345,0.3826,0.008611,0.47992,0.0
101613,21,345,0.3826,0.008611,0.15092,0.0
103667,21,345,0.3826,0.008611,0.13848,0.0
104698,21,345,0.3826,0.008611,0.19196000000000002,0.0
100605,21,345,0.3826,0.008611,0.12528,0.0
102657,21,345,0.3826,0.008611,0.1948,0.0
108801,21,345,0.3826,0.008611,0.33172,0.0
106756,21,345,0.3826,0.008611,0.366,0.0
107781,21,345,0.3826,0.008611,0.3778,0.0
109831,21,345,0.3826,0.008611,0.23124,0.0
105742,21,345,0.3826,0.008611,0.45192000000000004,0.0
104719,21,345,0.3826,0.008611,0.173,0.0
101651,21,345,0.3826,0.008611,0.12948,0.0
106774,21,345,0.3826,0.008611,0.42228,0.0
101654,21,345,0.3826,0.008611,0.14652,0.0
106778,21,345,0.3826,0.008611,0.35588000000000003,0.0
106781,21,345,0.3826,0.008611,0.40896,0.0
103709,21,345,0.3826,0.008611,0.12504,0.0
107816,21,345,0.3826,0.008611,0.45768000000000003,0.0
104757,21,345,0.3826,0.008611,0.12792,0.0
108853,21,345,0.3826,0.008611,0.44492,0.0
104759,21,345,0.3826,0.008611,0.12968,0.0
104760,21,345,0.3826,0.008611,0.17392000000000002,0.0
100665,21,345,0.3826,0.008611,0.14484,0.0
103738,21,345,0.3826,0.008611,0.12644,0.0
102714,21,345,0.3826,0.008611,0.12608,0.0
104774,21,345,0.3826,0.008611,0.12536,0.0
100680,21,345,0.3826,0.008611,0.129,0.0
107848,21,345,0.3826,0.008611,0.42031999999999997,0.0
100681,21,345,0.3826,0.008611,0.14968,0.0
105806,21,345,0.3826,0.008611,0.39972,0.0
100687,21,345,0.3826,0.008611,0.12536,0.0
103760,21,345,0.3826,0.008611,0.23724,0.0
103761,21,345,0.3826,0.008611,0.13708,0.0
101711,21,345,0.3826,0.008611,0.13,0.0
108878,21,345,0.3826,0.008611,0.42104,0.0
102740,21,345,0.3826,0.008611,0.12876,0.0
101719,21,345,0.3826,0.008611,0.12524,0.0
104796,21,345,0.3826,0.008611,0.13532,0.0
101725,21,345,0.3826,0.008611,0.12572,0.0
103773,21,345,0.3826,0.008611,0.12776,0.0
102749,21,345,0.3826,0.008611,0.19472,0.0
105830,21,345,0.3826,0.008611,0.42196,0.0
104806,21,345,0.3826,0.008611,0.13004,0.0
108905,21,345,0.3826,0.008611,0.45328,0.0
103788,21,345,0.3826,0.008611,0.12964,0.0
102765,21,345,0.3826,0.008611,0.1322,0.0
100720,21,345,0.3826,0.008611,0.12604,0.0
105850,21,345,0.3826,0.008611,0.38704,0.0
104838,21,345,0.3826,0.008611,0.12784,0.0
102793,21,345,0.3826,0.008611,0.15452,0.0
101774,21,345,0.3826,0.008611,0.12536,0.0
106897,21,345,0.3826,0.008611,0.47584000000000004,0.0
107921,21,345,0.3826,0.008611,0.371,0.0
101777,21,345,0.3826,0.008611,0.14192,0.0
109978,21,345,0.3826,0.008611,0.25504000000000004,0.0
106912,21,345,0.3826,0.008611,0.45492,0.0
102817,21,345,0.3826,0.008611,0.13072,0.0
105891,21,345,0.3826,0.008611,0.29664,0.0
104870,21,345,0.3826,0.008611,0.1864,0.0
101799,21,345,0.3826,0.008611,0.15036,0.0
102826,21,345,0.3826,0.008611,0.15604,0.0
108973,21,345,0.3826,0.008611,0.34316,0.0
100782,21,345,0.3826,0.008611,0.17496,0.0
100787,21,345,0.3826,0.008611,0.1752,0.0
104885,21,345,0.3826,0.008611,0.14108,0.0
102839,21,345,0.3826,0.008611,0.12732,0.0
101815,21,345,0.3826,0.008611,0.13632,0.0
105916,21,345,0.3826,0.008611,0.5038400000000001,0.0
102859,21,345,0.3826,0.008611,0.13256,0.0
109007,21,345,0.3826,0.008611,0.29312000000000005,0.0
104914,21,345,0.3826,0.008611,0.13872,0.0
102866,21,345,0.3826,0.008611,0.15908,0.0
101850,21,345,0.3826,0.008611,0.12992,0.0
102878,21,345,0.3826,0.008611,0.12652,0.0
101855,21,345,0.3826,0.008611,0.15048,0.0
104928,21,345,0.3826,0.008611,0.13064,0.0
105953,21,345,0.3826,0.008611,0.45280000000000004,0.0
104929,21,345,0.3826,0.008611,0.12596,0.0
105955,21,345,0.3826,0.008611,0.3844,0.0
108004,21,345,0.3826,0.008611,0.40432,0.0
103910,21,345,0.3826,0.008611,0.19036,0.0
104935,21,345,0.3826,0.008611,0.15236,0.0
108007,21,345,0.3826,0.008611,0.42784,0.0
109040,21,345,0.3826,0.008611,0.26964,0.0
104949,21,345,0.3826,0.008611,0.13364,0.0
104950,21,345,0.3826,0.008611,0.1352,0.0
103926,21,345,0.3826,0.008611,0.1596,0.0
108027,21,345,0.3826,0.008611,0.45688,0.0
107005,21,345,0.3826,0.008611,0.4038,0.0
102909,21,345,0.3826,0.008611,0.13748,0.0
107006,21,345,0.3826,0.008611,0.36096,0.0
108034,21,345,0.3826,0.008611,0.41292,0.0
101890,21,345,0.3826,0.008611,0.15184,0.0
104979,21,345,0.3826,0.008611,0.12512,0.0
109075,21,345,0.3826,0.008611,0.39488,0.0
103965,21,345,0.3826,0.008611,0.15296,0.0
106014,21,345,0.3826,0.008611,0.31052,0.0
102949,21,345,0.3826,0.008611,0.13316,0.0
100901,21,345,0.3826,0.008611,0.12512,0.0
105008,21,345,0.3826,0.008611,0.5038,0.0
103984,21,345,0.3826,0.008611,0.14872,0.0
100916,21,345,0.3826,0.008611,0.13328,0.0
105017,21,345,0.3826,0.008611,0.39992,0.0
104010,21,345,0.3826,0.008611,0.1254,0.0
100952,21,345,0.3826,0.008611,0.16484,0.0
107098,21,345,0.3826,0.008611,0.4214,0.0
103002,21,345,0.3826,0.008611,0.15352,0.0
105052,21,345,0.3826,0.008611,0.37708,0.0
101986,21,345,0.3826,0.008611,0.23308,0.0
100966,21,345,0.3826,0.008611,0.14512,0.0
101991,21,345,0.3826,0.008611,0.12924,0.0
101996,21,345,0.3826,0.008611,0.36332,0.0
103021,21,345,0.3826,0.008611,0.1358,0.0
109174,21,345,0.3826,0.008611,0.33308000000000004,0.0
103030,21,345,0.3826,0.008611,0.13924,0.0
106105,21,345,0.3826,0.008611,0.48168000000000005,0.0
105084,21,345,0.3826,0.008611,0.45928,0.0
102013,21,345,0.3826,0.008611,0.19216,0.0
105086,21,345,0.3826,0.008611,0.41187999999999997,0.0
108160,21,345,0.3826,0.008611,0.3532,0.0
100994,21,345,0.3826,0.008611,0.22228,0.0
105091,21,345,0.3826,0.008611,0.46744,0.0
106116,21,345,0.3826,0.008611,0.35908000000000007,0.0
108169,21,345,0.3826,0.008611,0.3416,0.0
106123,21,345,0.3826,0.008611,0.32968000000000003,0.0
105100,21,345,0.3826,0.008611,0.3068,0.0
101010,21,345,0.3826,0.008611,0.13504,0.0
107155,21,345,0.3826,0.008611,0.43168000000000006,0.0
101012,21,345,0.3826,0.008611,0.14912,0.0
107160,21,345,0.3826,0.008611,0.47168000000000004,0.0
107162,21,345,0.3826,0.008611,0.46796000000000004,0.0
108188,21,345,0.3826,0.008611,0.27956000000000003,0.0
107165,21,345,0.3826,0.008611,0.43956,0.0
101021,21,345,0.3826,0.008611,0.1628,0.0
108194,21,345,0.3826,0.008611,0.43336,0.0
107172,21,345,0.3826,0.008611,0.41908,0.0
100006,21,345,0.3826,0.008611,0.18956,0.0
106151,21,345,0.3826,0.008611,0.42952,0.0
103079,21,345,0.3826,0.008611,0.1444,0.0
108203,21,345,0.3826,0.008611,0.38116,0.0
108206,21,345,0.3826,0.008611,0.36452,0.0
105140,21,345,0.3826,0.008611,0.48532000000000003,0.0
100023,21,345,0.3826,0.008611,0.12516,0.0
101051,21,345,0.3826,0.008611,0.14268,0.0
102076,21,345,0.3826,0.008611,0.15992,0.0
105149,21,345,0.3826,0.008611,0.33064000000000004,0.0
100031,21,345,0.3826,0.008611,0.12572,0.0
100035,21,345,0.3826,0.008611,0.14648,0.0
103112,21,345,0.3826,0.008611,0.16092,0.0
100044,21,345,0.3826,0.008611,0.125,0.0
103119,21,345,0.3826,0.008611,0.15572,0.0
104146,21,345,0.3826,0.008611,0.1286,0.0
104152,21,345,0.3826,0.008611,0.12516,0.0
106203,21,345,0.3826,0.008611,0.44016000000000005,0.0
101083,21,345,0.3826,0.008611,0.16896,0.0
100061,21,345,0.3826,0.008611,0.16764,0.0
108258,21,345,0.3826,0.008611,0.47428000000000003,0.0
102115,21,345,0.3826,0.008611,0.1764,0.0
102114,21,345,0.3826,0.008611,0.12736,0.0
105192,21,345,0.3826,0.008611,0.47940000000000005,0.0
102122,21,345,0.3826,0.008611,0.18144,0.0
103146,21,345,0.3826,0.008611,0.19672,0.0
100074,21,345,0.3826,0.008611,0.16528,0.0
102126,21,345,0.3826,0.008611,0.13516,0.0
109296,21,345,0.3826,0.008611,0.28968000000000005,0.0
105204,21,345,0.3826,0.008611,0.4848,0.0
102132,21,345,0.3826,0.008611,0.1404,0.0
105207,21,345,0.3826,0.008611,0.40804,0.0
105210,21,345,0.3826,0.008611,0.38876,0.0
104189,21,345,0.3826,0.008611,0.15852,0.0
105213,21,345,0.3826,0.008611,0.51088,0.0
108287,21,345,0.3826,0.008611,0.48976000000000003,0.0
108290,21,345,0.3826,0.008611,0.35856,0.0
103175,21,345,0.3826,0.008611,0.14172,0.0
107272,21,345,0.3826,0.008611,0.44232000000000005,0.0
100105,21,345,0.3826,0.008611,0.12604,0.0
104202,21,345,0.3826,0.008611,0.18404,0.0
108302,21,345,0.3826,0.008611,0.43936000000000003,0.0
100110,21,345,0.3826,0.008611,0.1256,0.0
109333,21,345,0.3826,0.008611,0.42644000000000004,0.0
100119,21,345,0.3826,0.008611,0.177,0.0
104216,21,345,0.3826,0.008611,0.23432,0.0
101146,21,345,0.3826,0.008611,0.12744,0.0
107291,21,345,0.3826,0.008611,0.48484,0.0
102175,21,345,0.3826,0.008611,0.16556,0.0
107312,21,345,0.3826,0.008611,0.42204,0.0
101173,21,345,0.3826,0.008611,0.14956,0.0
101177,21,345,0.3826,0.008611,0.1314,0.0
104253,21,345,0.3826,0.008611,0.20372,0.0
108349,21,345,0.3826,0.008611,0.45856,0.0
104255,21,345,0.3826,0.008611,0.19496000000000002,0.0
109375,21,345,0.3826,0.008611,0.22404000000000002,0.0
103233,21,345,0.3826,0.008611,0.125,0.0
105281,21,345,0.3826,0.008611,0.47340000000000004,0.0
105283,21,345,0.3826,0.008611,0.40624,0.0
102206,21,345,0.3826,0.008611,0.14184,0.0
104262,21,345,0.3826,0.008611,0.15196,0.0
105289,21,345,0.3826,0.008611,0.39540000000000003,0.0
102219,21,345,0.3826,0.008611,0.17092000000000002,0.0
109388,21,345,0.3826,0.008611,0.15868,0.0
102227,21,345,0.3826,0.008611,0.185,0.0
106326,21,345,0.3826,0.008611,0.37324,0.0
100184,21,345,0.3826,0.008611,0.12724,0.0
101209,21,345,0.3826,0.008611,0.15364,0.0
101211,21,345,0.3826,0.008611,0.1404,0.0
108380,21,345,0.3826,0.008611,0.44692,0.0
104285,21,345,0.3826,0.008611,0.14344,0.0
107355,21,345,0.3826,0.008611,0.3708,0.0
105311,21,345,0.3826,0.008611,0.46464,0.0
102242,21,345,0.3826,0.008611,0.14288,0.0
104291,21,345,0.3826,0.008611,0.1252,0.0
101219,21,345,0.3826,0.008611,0.12624,0.0
100195,21,345,0.3826,0.008611,0.13264,0.0
109411,21,345,0.3826,0.008611,0.30964,0.0
102258,21,345,0.3826,0.008611,0.12664,0.0
107380,21,345,0.3826,0.008611,0.46,0.0
101236,21,345,0.3826,0.008611,0.12588,0.0
109430,21,345,0.3826,0.008611,0.2796,0.0
103292,21,345,0.3826,0.008611,0.13504,0.0
105342,21,345,0.3826,0.008611,0.43532000000000004,0.0
106366,21,345,0.3826,0.008611,0.48340000000000005,0.0
100224,21,345,0.3826,0.008611,0.17268,0.0
107395,21,345,0.3826,0.008611,0.39912000000000003,0.0
108427,21,345,0.3826,0.008611,0.35472000000000004,0.0
104335,21,345,0.3826,0.008611,0.14244,0.0
106384,21,345,0.3826,0.008611,0.37,0.0
108436,21,345,0.3826,0.008611,0.45928,0.0
105372,21,345,0.3826,0.008611,0.44260000000000005,0.0
101279,21,345,0.3826,0.008611,0.18576,0.0
103327,21,345,0.3826,0.008611,0.12512,0.0
102305,21,345,0.3826,0.008611,0.13836,0.0
100258,21,345,0.3826,0.008611,0.12504,0.0
104355,21,345,0.3826,0.008611,0.20568,0.0
106399,21,345,0.3826,0.008611,0.44988000000000006,0.0
103329,21,345,0.3826,0.008611,0.1266,0.0
108454,21,345,0.3826,0.008611,0.5054000000000001,0.0
104358,21,345,0.3826,0.008611,0.1876,0.0
104357,21,345,0.3826,0.008611,0.1596,0.0
103337,21,345,0.3826,0.008611,0.15344,0.0
102314,21,345,0.3826,0.008611,0.15516,0.0
102311,21,345,0.3826,0.008611,0.12508,0.0
108460,21,345,0.3826,0.008611,0.44604,0.0
109489,21,345,0.3826,0.008611,0.31988000000000005,0.0
104369,21,345,0.3826,0.008611,0.13004,0.0
102325,21,345,0.3826,0.008611,0.12964,0.0
103350,21,345,0.3826,0.008611,0.12804,0.0
107447,21,345,0.3826,0.008611,0.43936000000000003,0.0
107448,21,345,0.3826,0.008611,0.41432,0.0
103352,21,345,0.3826,0.008611,0.12628,0.0
101309,21,345,0.3826,0.008611,0.22252,0.0
109504,21,345,0.3826,0.008611,0.33848,0.0
105411,21,345,0.3826,0.008611,0.43388000000000004,0.0
105413,21,345,0.3826,0.008611,0.42432,0.0
109512,21,345,0.3826,0.008611,0.40684000000000003,0.0
102346,21,345,0.3826,0.008611,0.18428,0.0
104395,21,345,0.3826,0.008611,0.12648,0.0
102351,21,345,0.3826,0.008611,0.15936,0.0
109520,21,345,0.3826,0.008611,0.3924,0.0
104400,21,345,0.3826,0.008611,0.1824,0.0
102352,21,345,0.3826,0.008611,0.1268,0.0
106466,21,345,0.3826,0.008611,0.48464,0.0
101346,21,345,0.3826,0.008611,0.134,0.0
104418,21,345,0.3826,0.008611,0.12584,0.0
104421,21,345,0.3826,0.008611,0.16216,0.0
101347,21,345,0.3826,0.008611,0.12548,0.0
100324,21,345,0.3826,0.008611,0.12784,0.0
103402,21,345,0.3826,0.008611,0.13208,0.0
105453,21,345,0.3826,0.008611,0.35175999999999996,0.0
103407,21,345,0.3826,0.008611,0.13868,0.0
106481,21,345,0.3826,0.008611,0.44060000000000005,0.0
100340,21,345,0.3826,0.008611,0.23452,0.0
102393,21,345,0.3826,0.008611,0.13764,0.0
107516,21,345,0.3826,0.008611,0.47312,0.0
102399,21,345,0.3826,0.008611,0.14304,0.0
100357,22,290,0.1414,0.009784,0.14572000000000002,0.0
100362,22,290,0.1414,0.009784,0.1446,0.0
103438,22,290,0.1414,0.009784,0.18652,0.0
104475,22,290,0.1414,0.009784,0.23148000000000002,0.0
101409,22,290,0.1414,0.009784,0.12508,0.0
101415,22,290,0.1414,0.009784,0.21828,0.0
108583,22,290,0.1414,0.009784,0.25912,0.0
107560,22,290,0.1414,0.009784,0.34900000000000003,0.0
103468,22,290,0.1414,0.009784,0.12812,0.0
104493,22,290,0.1414,0.009784,0.1324,0.0
104498,22,290,0.1414,0.009784,0.14144,0.0
101431,22,290,0.1414,0.009784,0.16476000000000002,0.0
103480,22,290,0.1414,0.009784,0.15504,0.0
102456,22,290,0.1414,0.009784,0.13872,0.0
102462,22,290,0.1414,0.009784,0.15096,0.0
101438,22,290,0.1414,0.009784,0.13604,0.0
104512,22,290,0.1414,0.009784,0.12868,0.0
103489,22,290,0.1414,0.009784,0.15708,0.0
104515,22,290,0.1414,0.009784,0.16104000000000002,0.0
101444,22,290,0.1414,0.009784,0.12664,0.0
102469,22,290,0.1414,0.009784,0.125,0.0
105541,22,290,0.1414,0.009784,0.46836000000000005,0.0
103498,22,290,0.1414,0.009784,0.14144,0.0
103499,22,290,0.1414,0.009784,0.125,0.0
106571,22,290,0.1414,0.009784,0.40064000000000005,0.0
101462,22,290,0.1414,0.009784,0.13852,0.0
102486,22,290,0.1414,0.009784,0.12992,0.0
104537,22,290,0.1414,0.009784,0.12628,0.0
104540,22,290,0.1414,0.009784,0.14576,0.0
100445,22,290,0.1414,0.009784,0.23192000000000002,0.0
102496,22,290,0.1414,0.009784,0.13044,0.0
104549,22,290,0.1414,0.009784,0.14804,0.0
104550,22,290,0.1414,0.009784,0.13132,0.0
101482,22,290,0.1414,0.009784,0.14200000000000002,0.0
104557,22,290,0.1414,0.009784,0.13116,0.0
104559,22,290,0.1414,0.009784,0.13292,0.0
104564,22,290,0.1414,0.009784,0.17076,0.0
107636,22,290,0.1414,0.009784,0.28800000000000003,0.0
102516,22,290,0.1414,0.009784,0.12592,0.0
100472,22,290,0.1414,0.009784,0.13652,0.0
103549,22,290,0.1414,0.009784,0.23664000000000002,0.0
101503,22,290,0.1414,0.009784,0.23148000000000002,0.0
102529,22,290,0.1414,0.009784,0.14488,0.0
108675,22,290,0.1414,0.009784,0.37568,0.0
102533,22,290,0.1414,0.009784,0.17484,0.0
102538,22,290,0.1414,0.009784,0.137,0.0
103566,22,290,0.1414,0.009784,0.1506,0.0
103567,22,290,0.1414,0.009784,0.21948,0.0
106645,22,290,0.1414,0.009784,0.43996,0.0
103576,22,290,0.1414,0.009784,0.12524,0.0
101535,22,290,0.1414,0.009784,0.1476,0.0
104609,22,290,0.1414,0.009784,0.25584,0.0
103586,22,290,0.1414,0.009784,0.13236,0.0
100518,22,290,0.1414,0.009784,0.14436,0.0
103598,22,290,0.1414,0.009784,0.12524,0.0
104626,22,290,0.1414,0.009784,0.12576,0.0
105463,22,290,0.1414,0.009784,0.44936,0.0
103605,22,290,0.1414,0.009784,0.13896,0.0
102582,22,290,0.1414,0.009784,0.23108,0.0
102585,22,290,0.1414,0.009784,0.13072,0.0
105657,22,290,0.1414,0.009784,0.50864,0.0
103611,22,290,0.1414,0.009784,0.16656,0.0
103609,22,290,0.1414,0.009784,0.13112000000000001,0.0
102589,22,290,0.1414,0.009784,0.12588,0.0
101566,22,290,0.1414,0.009784,0.12724,0.0
102600,22,290,0.1414,0.009784,0.12864,0.0
101578,22,290,0.1414,0.009784,0.1252,0.0
100555,22,290,0.1414,0.009784,0.13108,0.0
104656,22,290,0.1414,0.009784,0.12512,0.0
101588,22,290,0.1414,0.009784,0.12736,0.0
101589,22,290,0.1414,0.009784,0.13424,0.0
104672,22,290,0.1414,0.009784,0.12608,0.0
104679,22,290,0.1414,0.009784,0.16212,0.0
101620,22,290,0.1414,0.009784,0.12504,0.0
102646,22,290,0.1414,0.009784,0.14092,0.0
101626,22,290,0.1414,0.009784,0.15448,0.0
106748,22,290,0.1414,0.009784,0.26064,0.0
101633,22,290,0.1414,0.009784,0.17728,0.0
100613,22,290,0.1414,0.009784,0.12508,0.0
103686,22,290,0.1414,0.009784,0.20528000000000002,0.0
108806,22,290,0.1414,0.009784,0.38428,0.0
102664,22,290,0.1414,0.009784,0.13484000000000002,0.0
101637,22,290,0.1414,0.009784,0.13732,0.0
108811,22,290,0.1414,0.009784,0.37484000000000006,0.0
102668,22,290,0.1414,0.009784,0.15632000000000001,0.0
105740,22,290,0.1414,0.009784,0.2892,0.0
102674,22,290,0.1414,0.009784,0.135,0.0
104726,22,290,0.1414,0.009784,0.13744,0.0
102679,22,290,0.1414,0.009784,0.23496,0.0
100635,22,290,0.1414,0.009784,0.12876,0.0
104737,22,290,0.1414,0.009784,0.15752,0.0
101672,22,290,0.1414,0.009784,0.13764,0.0
100651,22,290,0.1414,0.009784,0.1398,0.0
101685,22,290,0.1414,0.009784,0.13652,0.0
101692,22,290,0.1414,0.009784,0.1262,0.0
102726,22,290,0.1414,0.009784,0.163,0.0
103756,22,290,0.1414,0.009784,0.12592,0.0
103767,22,290,0.1414,0.009784,0.15104,0.0
104792,22,290,0.1414,0.009784,0.13332,0.0
104793,22,290,0.1414,0.009784,0.12516,0.0
104798,22,290,0.1414,0.009784,0.1408,0.0
108896,22,290,0.1414,0.009784,0.21848,0.0
104803,22,290,0.1414,0.009784,0.1278,0.0
103780,22,290,0.1414,0.009784,0.12564,0.0
104807,22,290,0.1414,0.009784,0.18724,0.0
105832,22,290,0.1414,0.009784,0.47384000000000004,0.0
104810,22,290,0.1414,0.009784,0.18052,0.0
106864,22,290,0.1414,0.009784,0.49572,0.0
102776,22,290,0.1414,0.009784,0.19016,0.0
103802,22,290,0.1414,0.009784,0.1322,0.0
103808,22,290,0.1414,0.009784,0.12508,0.0
102788,22,290,0.1414,0.009784,0.14372000000000001,0.0
103814,22,290,0.1414,0.009784,0.14064,0.0
101772,22,290,0.1414,0.009784,0.1756,0.0
102802,22,290,0.1414,0.009784,0.12916,0.0
107927,22,290,0.1414,0.009784,0.47408000000000006,0.0
103835,22,290,0.1414,0.009784,0.16996,0.0
103838,22,290,0.1414,0.009784,0.15176,0.0
101793,22,290,0.1414,0.009784,0.1438,0.0
100773,22,290,0.1414,0.009784,0.12844,0.0
101804,22,290,0.1414,0.009784,0.1636,0.0
105901,22,290,0.1414,0.009784,0.4762,0.0
102830,22,290,0.1414,0.009784,0.12716,0.0
102838,22,290,0.1414,0.009784,0.16744,0.0
101817,22,290,0.1414,0.009784,0.13136,0.0
103865,22,290,0.1414,0.009784,0.14352,0.0
103866,22,290,0.1414,0.009784,0.1356,0.0
102841,22,290,0.1414,0.009784,0.1268,0.0
101821,22,290,0.1414,0.009784,0.14976,0.0
101827,22,290,0.1414,0.009784,0.13508,0.0
101829,22,290,0.1414,0.009784,0.12512,0.0
103878,22,290,0.1414,0.009784,0.14812,0.0
101833,22,290,0.1414,0.009784,0.15052,0.0
100816,22,290,0.1414,0.009784,0.14092,0.0
101841,22,290,0.1414,0.009784,0.13268,0.0
106963,22,290,0.1414,0.009784,0.3722,0.0
102868,22,290,0.1414,0.009784,0.12592,0.0
102872,22,290,0.1414,0.009784,0.18684,0.0
104922,22,290,0.1414,0.009784,0.12504,0.0
102880,22,290,0.1414,0.009784,0.13052,0.0
100833,22,290,0.1414,0.009784,0.12892,0.0
102882,22,290,0.1414,0.009784,0.1268,0.0
101867,22,290,0.1414,0.009784,0.21024,0.0
104940,22,290,0.1414,0.009784,0.125,0.0
102893,22,290,0.1414,0.009784,0.15524,0.0
100854,22,290,0.1414,0.009784,0.132,0.0
104953,22,290,0.1414,0.009784,0.1416,0.0
100859,22,290,0.1414,0.009784,0.18536,0.0
102908,22,290,0.1414,0.009784,0.16032000000000002,0.0
100864,22,290,0.1414,0.009784,0.14088,0.0
103939,22,290,0.1414,0.009784,0.13768,0.0
104963,22,290,0.1414,0.009784,0.15156,0.0
102917,22,290,0.1414,0.009784,0.15412,0.0
101896,22,290,0.1414,0.009784,0.17184,0.0
104970,22,290,0.1414,0.009784,0.17348,0.0
109074,22,290,0.1414,0.009784,0.36884000000000006,0.0
103958,22,290,0.1414,0.009784,0.22844,0.0
101916,22,290,0.1414,0.009784,0.12548,0.0
101917,22,290,0.1414,0.009784,0.13536,0.0
100904,22,290,0.1414,0.009784,0.2122,0.0
103977,22,290,0.1414,0.009784,0.1252,0.0
103981,22,290,0.1414,0.009784,0.162,0.0
102958,22,290,0.1414,0.009784,0.13112000000000001,0.0
100911,22,290,0.1414,0.009784,0.17528,0.0
102960,22,290,0.1414,0.009784,0.12576,0.0
107053,22,290,0.1414,0.009784,0.46936,0.0
100915,22,290,0.1414,0.009784,0.20948,0.0
100924,22,290,0.1414,0.009784,0.16296,0.0
105022,22,290,0.1414,0.009784,0.3356,0.0
102975,22,290,0.1414,0.009784,0.15824,0.0
108105,22,290,0.1414,0.009784,0.31696,0.0
101969,22,290,0.1414,0.009784,0.12924,0.0
101973,22,290,0.1414,0.009784,0.1266,0.0
104033,22,290,0.1414,0.009784,0.13004,0.0
104034,22,290,0.1414,0.009784,0.125,0.0
101987,22,290,0.1414,0.009784,0.194,0.0
103009,22,290,0.1414,0.009784,0.1872,0.0
100965,22,290,0.1414,0.009784,0.16004000000000002,0.0
104038,22,290,0.1414,0.009784,0.14208,0.0
103017,22,290,0.1414,0.009784,0.14468,0.0
103027,22,290,0.1414,0.009784,0.12688,0.0
104058,22,290,0.1414,0.009784,0.29252,0.0
102010,22,290,0.1414,0.009784,0.12684,0.0
102012,22,290,0.1414,0.009784,0.126,0.0
102015,22,290,0.1414,0.009784,0.14908,0.0
103047,22,290,0.1414,0.009784,0.14192,0.0
104080,22,290,0.1414,0.009784,0.1252,0.0
103059,22,290,0.1414,0.009784,0.15312,0.0
103060,22,290,0.1414,0.009784,0.14672000000000002,0.0
105110,22,290,0.1414,0.009784,0.39888,0.0
101014,22,290,0.1414,0.009784,0.12576,0.0
102051,22,290,0.1414,0.009784,0.15388000000000002,0.0
102059,22,290,0.1414,0.009784,0.12872,0.0
104111,22,290,0.1414,0.009784,0.1296,0.0
103094,22,290,0.1414,0.009784,0.12972,0.0
104123,22,290,0.1414,0.009784,0.13468,0.0
101056,22,290,0.1414,0.009784,0.12764,0.0
102083,22,290,0.1414,0.009784,0.14172,0.0
109252,22,290,0.1414,0.009784,0.38488000000000006,0.0
102089,22,290,0.1414,0.009784,0.20376,0.0
100043,22,290,0.1414,0.009784,0.1356,0.0
101068,22,290,0.1414,0.009784,0.12728,0.0
105167,22,290,0.1414,0.009784,0.50772,0.0
103120,22,290,0.1414,0.009784,0.125,0.0
103122,22,290,0.1414,0.009784,0.12544,0.0
100052,22,290,0.1414,0.009784,0.12756,0.0
105174,22,290,0.1414,0.009784,0.27948,0.0
104151,22,290,0.1414,0.009784,0.158,0.0
100062,22,290,0.1414,0.009784,0.13188,0.0
105185,22,290,0.1414,0.009784,0.38748,0.0
102116,22,290,0.1414,0.009784,0.17987999999999998,0.0
101095,22,290,0.1414,0.009784,0.137,0.0
102119,22,290,0.1414,0.009784,0.16196,0.0
104169,22,290,0.1414,0.009784,0.1264,0.0
103153,22,290,0.1414,0.009784,0.126,0.0
106226,22,290,0.1414,0.009784,0.38072,0.0
100081,22,290,0.1414,0.009784,0.12692,0.0
103158,22,290,0.1414,0.009784,0.12748,0.0
104182,22,290,0.1414,0.009784,0.1444,0.0
100090,22,290,0.1414,0.009784,0.14576,0.0
104192,22,290,0.1414,0.009784,0.13884,0.0
101122,22,290,0.1414,0.009784,0.12524,0.0
104195,22,290,0.1414,0.009784,0.14292,0.0
104196,22,290,0.1414,0.009784,0.12592,0.0
104198,22,290,0.1414,0.009784,0.12564,0.0
104200,22,290,0.1414,0.009784,0.18875999999999998,0.0
102153,22,290,0.1414,0.009784,0.19716,0.0
101140,22,290,0.1414,0.009784,0.16212,0.0
104214,22,290,0.1414,0.009784,0.17972,0.0
102168,22,290,0.1414,0.009784,0.18676,0.0
103193,22,290,0.1414,0.009784,0.14784,0.0
104222,22,290,0.1414,0.009784,0.15392,0.0
106271,22,290,0.1414,0.009784,0.39828,0.0
102185,22,290,0.1414,0.009784,0.15252,0.0
107310,22,290,0.1414,0.009784,0.48328000000000004,0.0
104246,22,290,0.1414,0.009784,0.12852,0.0
108345,22,290,0.1414,0.009784,0.44968,0.0
106297,22,290,0.1414,0.009784,0.45096,0.0
103228,22,290,0.1414,0.009784,0.12584,0.0
106302,22,290,0.1414,0.009784,0.43672,0.0
100159,22,290,0.1414,0.009784,0.1754,0.0
104254,22,290,0.1414,0.009784,0.12516,0.0
100160,22,290,0.1414,0.009784,0.18128,0.0
103231,22,290,0.1414,0.009784,0.12848,0.0
104259,22,290,0.1414,0.009784,0.1414,0.0
103236,22,290,0.1414,0.009784,0.13668,0.0
104265,22,290,0.1414,0.009784,0.14732,0.0
107337,22,290,0.1414,0.009784,0.49568,0.0
100174,22,290,0.1414,0.009784,0.22396,0.0
105296,22,290,0.1414,0.009784,0.5150399999999999,0.0
105301,22,290,0.1414,0.009784,0.40508000000000005,0.0
105315,22,290,0.1414,0.009784,0.43988000000000005,0.0
100197,22,290,0.1414,0.009784,0.131,0.0
102249,22,290,0.1414,0.009784,0.14992,0.0
102255,22,290,0.1414,0.009784,0.1366,0.0
101232,22,290,0.1414,0.009784,0.12512,0.0
103281,22,290,0.1414,0.009784,0.13296,0.0
107378,22,290,0.1414,0.009784,0.29556000000000004,0.0
100215,22,290,0.1414,0.009784,0.13196,0.0
100216,22,290,0.1414,0.009784,0.15432,0.0
101248,22,290,0.1414,0.009784,0.12808,0.0
104321,22,290,0.1414,0.009784,0.13848,0.0
100225,22,290,0.1414,0.009784,0.14152,0.0
101256,22,290,0.1414,0.009784,0.14484,0.0
104330,22,290,0.1414,0.009784,0.13104,0.0
104332,22,290,0.1414,0.009784,0.13132,0.0
103313,22,290,0.1414,0.009784,0.13588,0.0
102299,22,290,0.1414,0.009784,0.13584,0.0
103324,22,290,0.1414,0.009784,0.15156,0.0
102301,22,290,0.1414,0.009784,0.14464,0.0
104363,22,290,0.1414,0.009784,0.12504,0.0
104364,22,290,0.1414,0.009784,0.14696,0.0
101299,22,290,0.1414,0.009784,0.12512,0.0
100278,22,290,0.1414,0.009784,0.14952,0.0
102327,22,290,0.1414,0.009784,0.1306,0.0
101305,22,290,0.1414,0.009784,0.1252,0.0
107454,22,290,0.1414,0.009784,0.5021599999999999,0.0
101313,22,290,0.1414,0.009784,0.15012,0.0
109505,22,290,0.1414,0.009784,0.41144,0.0
104392,22,290,0.1414,0.009784,0.14736,0.0
100298,22,290,0.1414,0.009784,0.1734,0.0
103372,22,290,0.1414,0.009784,0.15436,0.0
101331,22,290,0.1414,0.009784,0.12704,0.0
103380,22,290,0.1414,0.009784,0.13576,0.0
104411,22,290,0.1414,0.009784,0.13316,0.0
101345,22,290,0.1414,0.009784,0.12512,0.0
102378,22,290,0.1414,0.009784,0.12952,0.0
104426,22,290,0.1414,0.009784,0.14812,0.0
101367,22,290,0.1414,0.009784,0.14348,0.0
104445,22,290,0.1414,0.009784,0.12512,0.0
105473,23,288,0.2535,0.009945,0.47048,0.0
108545,23,288,0.2535,0.009945,0.36596000000000006,0.0
100356,23,288,0.2535,0.009945,0.12804,0.0
103429,23,288,0.2535,0.009945,0.12508,0.0
109582,23,288,0.2535,0.009945,0.4062,0.0
100367,23,288,0.2535,0.009945,0.22692,0.0
100369,23,288,0.2535,0.009945,0.17776,0.0
102422,23,288,0.2535,0.009945,0.17928,0.0
107543,23,288,0.2535,0.009945,0.48848,0.0
101400,23,288,0.2535,0.009945,0.1818,0.0
109594,23,288,0.2535,0.009945,0.3216,0.0
102427,23,288,0.2535,0.009945,0.12936,0.0
103452,23,288,0.2535,0.009945,0.15268,0.0
100384,23,288,0.2535,0.009945,0.17372,0.0
102438,23,288,0.2535,0.009945,0.12608,0.0
102440,23,288,0.2535,0.009945,0.14988,0.0
102441,23,288,0.2535,0.009945,0.24280000000000002,0.0
105513,23,288,0.2535,0.009945,0.35444,0.0
106539,23,288,0.2535,0.009945,0.27524000000000004,0.0
104492,23,288,0.2535,0.009945,0.21468,0.0
102443,23,288,0.2535,0.009945,0.12636,0.0
103470,23,288,0.2535,0.009945,0.13212,0.0
101426,23,288,0.2535,0.009945,0.12552,0.0
102454,23,288,0.2535,0.009945,0.12516,0.0
101433,23,288,0.2535,0.009945,0.14,0.0
104507,23,288,0.2535,0.009945,0.12564,0.0
102461,23,288,0.2535,0.009945,0.12552,0.0
106559,23,288,0.2535,0.009945,0.50936,0.0
101452,23,288,0.2535,0.009945,0.19440000000000002,0.0
104524,23,288,0.2535,0.009945,0.26088,0.0
101453,23,288,0.2535,0.009945,0.14992,0.0
109645,23,288,0.2535,0.009945,0.34336,0.0
100432,23,288,0.2535,0.009945,0.15168,0.0
102483,23,288,0.2535,0.009945,0.13096,0.0
101463,23,288,0.2535,0.009945,0.1328,0.0
107611,23,288,0.2535,0.009945,0.4538,0.0
101478,23,288,0.2535,0.009945,0.16784,0.0
106598,23,288,0.2535,0.009945,0.41204,0.0
105578,23,288,0.2535,0.009945,0.36252,0.0
103541,23,288,0.2535,0.009945,0.14312,0.0
104567,23,288,0.2535,0.009945,0.13296,0.0
105595,23,288,0.2535,0.009945,0.49564,0.0
105601,23,288,0.2535,0.009945,0.48916000000000004,0.0
100484,23,288,0.2535,0.009945,0.13568,0.0
102534,23,288,0.2535,0.009945,0.18008,0.0
101510,23,288,0.2535,0.009945,0.12932,0.0
103561,23,288,0.2535,0.009945,0.14324,0.0
102540,23,288,0.2535,0.009945,0.1314,0.0
100500,23,288,0.2535,0.009945,0.12556,0.0
103574,23,288,0.2535,0.009945,0.14208,0.0
106653,23,288,0.2535,0.009945,0.38484,0.0
106655,23,288,0.2535,0.009945,0.48536,0.0
107681,23,288,0.2535,0.009945,0.4578,0.0
100517,23,288,0.2535,0.009945,0.13912,0.0
107686,23,288,0.2535,0.009945,0.3044,0.0
104615,23,288,0.2535,0.009945,0.12604,0.0
103591,23,288,0.2535,0.009945,0.14996,0.0
104618,23,288,0.2535,0.009945,0.12608,0.0
109739,23,288,0.2535,0.009945,0.31564000000000003,0.0
101553,23,288,0.2535,0.009945,0.16072,0.0
101554,23,288,0.2535,0.009945,0.137,0.0
104631,23,288,0.2535,0.009945,0.12804,0.0
103607,23,288,0.2535,0.009945,0.13432,0.0
100537,23,288,0.2535,0.009945,0.15668,0.0
109758,23,288,0.2535,0.009945,0.319,0.0
104639,23,288,0.2535,0.009945,0.16784,0.0
101569,23,288,0.2535,0.009945,0.25060000000000004,0.0
100552,23,288,0.2535,0.009945,0.13276,0.0
104653,23,288,0.2535,0.009945,0.12648,0.0
104658,23,288,0.2535,0.009945,0.1698,0.0
107730,23,288,0.2535,0.009945,0.44516,0.0
104661,23,288,0.2535,0.009945,0.125,0.0
100567,23,288,0.2535,0.009945,0.1404,0.0
101591,23,288,0.2535,0.009945,0.21492,0.0
107735,23,288,0.2535,0.009945,0.46568000000000004,0.0
100570,23,288,0.2535,0.009945,0.13776,0.0
102620,23,288,0.2535,0.009945,0.12844,0.0
104670,23,288,0.2535,0.009945,0.13684,0.0
102625,23,288,0.2535,0.009945,0.15056,0.0
102628,23,288,0.2535,0.009945,0.12668,0.0
103653,23,288,0.2535,0.009945,0.12732,0.0
107748,23,288,0.2535,0.009945,0.40604,0.0
104683,23,288,0.2535,0.009945,0.12732,0.0
100590,23,288,0.2535,0.009945,0.12992,0.0
102641,23,288,0.2535,0.009945,0.17348,0.0
101630,23,288,0.2535,0.009945,0.12524,0.0
101631,23,288,0.2535,0.009945,0.15924,0.0
102656,23,288,0.2535,0.009945,0.13624,0.0
108804,23,288,0.2535,0.009945,0.34084000000000003,0.0
100617,23,288,0.2535,0.009945,0.21223999999999998,0.0
104713,23,288,0.2535,0.009945,0.15108,0.0
104714,23,288,0.2535,0.009945,0.14116,0.0
100621,23,288,0.2535,0.009945,0.20288,0.0
103695,23,288,0.2535,0.009945,0.13336,0.0
106773,23,288,0.2535,0.009945,0.37288,0.0
101656,23,288,0.2535,0.009945,0.20348,0.0
102684,23,288,0.2535,0.009945,0.23188,0.0
101674,23,288,0.2535,0.009945,0.15856,0.0
100658,23,288,0.2535,0.009945,0.13804,0.0
100662,23,288,0.2535,0.009945,0.15356,0.0
105789,23,288,0.2535,0.009945,0.43292,0.0
103744,23,288,0.2535,0.009945,0.1258,0.0
105796,23,288,0.2535,0.009945,0.42536,0.0
103751,23,288,0.2535,0.009945,0.18864,0.0
107849,23,288,0.2535,0.009945,0.37416000000000005,0.0
100685,23,288,0.2535,0.009945,0.17564,0.0
106829,23,288,0.2535,0.009945,0.48768,0.0
109901,23,288,0.2535,0.009945,0.32252000000000003,0.0
105808,23,288,0.2535,0.009945,0.47712,0.0
104783,23,288,0.2535,0.009945,0.12768,0.0
103769,23,288,0.2535,0.009945,0.13968,0.0
100698,23,288,0.2535,0.009945,0.1258,0.0
102754,23,288,0.2535,0.009945,0.14652,0.0
102759,23,288,0.2535,0.009945,0.13288,0.0
101739,23,288,0.2535,0.009945,0.12692,0.0
102768,23,288,0.2535,0.009945,0.14076,0.0
103794,23,288,0.2535,0.009945,0.1298,0.0
104820,23,288,0.2535,0.009945,0.12932,0.0
108918,23,288,0.2535,0.009945,0.42552,0.0
104824,23,288,0.2535,0.009945,0.12784,0.0
101757,23,288,0.2535,0.009945,0.14112,0.0
100736,23,288,0.2535,0.009945,0.20216,0.0
104837,23,288,0.2535,0.009945,0.1278,0.0
102792,23,288,0.2535,0.009945,0.12512,0.0
102794,23,288,0.2535,0.009945,0.137,0.0
102797,23,288,0.2535,0.009945,0.1884,0.0
104847,23,288,0.2535,0.009945,0.14196,0.0
102808,23,288,0.2535,0.009945,0.13964,0.0
100761,23,288,0.2535,0.009945,0.1266,0.0
103843,23,288,0.2535,0.009945,0.13228,0.0
100778,23,288,0.2535,0.009945,0.15360000000000001,0.0
104875,23,288,0.2535,0.009945,0.15884,0.0
104876,23,288,0.2535,0.009945,0.16412,0.0
101807,23,288,0.2535,0.009945,0.16352,0.0
104884,23,288,0.2535,0.009945,0.12604,0.0
103863,23,288,0.2535,0.009945,0.14008,0.0
107960,23,288,0.2535,0.009945,0.44816,0.0
107962,23,288,0.2535,0.009945,0.4388,0.0
102842,23,288,0.2535,0.009945,0.12808,0.0
102847,23,288,0.2535,0.009945,0.12744,0.0
102849,23,288,0.2535,0.009945,0.14796,0.0
102850,23,288,0.2535,0.009945,0.14528,0.0
108997,23,288,0.2535,0.009945,0.34199999999999997,0.0
103877,23,288,0.2535,0.009945,0.13724,0.0
103881,23,288,0.2535,0.009945,0.12512,0.0
101834,23,288,0.2535,0.009945,0.12548,0.0
104908,23,288,0.2535,0.009945,0.21588000000000002,0.0
101844,23,288,0.2535,0.009945,0.12516,0.0
101861,23,288,0.2535,0.009945,0.13448,0.0
106981,23,288,0.2535,0.009945,0.36436,0.0
106985,23,288,0.2535,0.009945,0.46872,0.0
104943,23,288,0.2535,0.009945,0.16720000000000002,0.0
109048,23,288,0.2535,0.009945,0.31192,0.0
104952,23,288,0.2535,0.009945,0.15584,0.0
103933,23,288,0.2535,0.009945,0.21336,0.0
103935,23,288,0.2535,0.009945,0.12728,0.0
107008,23,288,0.2535,0.009945,0.39611999999999997,0.0
103937,23,288,0.2535,0.009945,0.13136,0.0
101889,23,288,0.2535,0.009945,0.1344,0.0
100870,23,288,0.2535,0.009945,0.13068,0.0
101898,23,288,0.2535,0.009945,0.125,0.0
100877,23,288,0.2535,0.009945,0.17792,0.0
103949,23,288,0.2535,0.009945,0.22244000000000003,0.0
104975,23,288,0.2535,0.009945,0.12628,0.0
101907,23,288,0.2535,0.009945,0.13172,0.0
101910,23,288,0.2535,0.009945,0.13004,0.0
101911,23,288,0.2535,0.009945,0.129,0.0
100891,23,288,0.2535,0.009945,0.16616,0.0
103970,23,288,0.2535,0.009945,0.13168,0.0
108067,23,288,0.2535,0.009945,0.41600000000000004,0.0
104994,23,288,0.2535,0.009945,0.1322,0.0
103980,23,288,0.2535,0.009945,0.15876,0.0
107054,23,288,0.2535,0.009945,0.49824,0.0
108080,23,288,0.2535,0.009945,0.38072,0.0
108087,23,288,0.2535,0.009945,0.44008,0.0
101948,23,288,0.2535,0.009945,0.21364,0.0
101951,23,288,0.2535,0.009945,0.12904,0.0
106057,23,288,0.2535,0.009945,0.37324,0.0
102986,23,288,0.2535,0.009945,0.14732,0.0
100941,23,288,0.2535,0.009945,0.12556,0.0
101971,23,288,0.2535,0.009945,0.12824,0.0
101979,23,288,0.2535,0.009945,0.17964,0.0
103007,23,288,0.2535,0.009945,0.12548,0.0
103012,23,288,0.2535,0.009945,0.12844,0.0
105062,23,288,0.2535,0.009945,0.3338,0.0
104041,23,288,0.2535,0.009945,0.12508,0.0
104049,23,288,0.2535,0.009945,0.14200000000000002,0.0
102003,23,288,0.2535,0.009945,0.20416,0.0
102016,23,288,0.2535,0.009945,0.12636,0.0
103045,23,288,0.2535,0.009945,0.14812,0.0
101002,23,288,0.2535,0.009945,0.20456000000000002,0.0
103051,23,288,0.2535,0.009945,0.12684,0.0
108173,23,288,0.2535,0.009945,0.465,0.0
106126,23,288,0.2535,0.009945,0.48912,0.0
108177,23,288,0.2535,0.009945,0.38332000000000005,0.0
109213,23,288,0.2535,0.009945,0.22096,0.0
106142,23,288,0.2535,0.009945,0.4524,0.0
102046,23,288,0.2535,0.009945,0.1388,0.0
103081,23,288,0.2535,0.009945,0.12584,0.0
106154,23,288,0.2535,0.009945,0.38648,0.0
102072,23,288,0.2535,0.009945,0.1358,0.0
109246,23,288,0.2535,0.009945,0.30132000000000003,0.0
101055,23,288,0.2535,0.009945,0.16636,0.0
102078,23,288,0.2535,0.009945,0.1252,0.0
103118,23,288,0.2535,0.009945,0.12628,0.0
101072,23,288,0.2535,0.009945,0.131,0.0
100053,23,288,0.2535,0.009945,0.15048,0.0
108246,23,288,0.2535,0.009945,0.44064000000000003,0.0
101081,23,288,0.2535,0.009945,0.13304,0.0
104155,23,288,0.2535,0.009945,0.13604,0.0
101088,23,288,0.2535,0.009945,0.12544,0.0
104163,23,288,0.2535,0.009945,0.188,0.0
104180,23,288,0.2535,0.009945,0.13692,0.0
100084,23,288,0.2535,0.009945,0.12524,0.0
100086,23,288,0.2535,0.009945,0.15972,0.0
101111,23,288,0.2535,0.009945,0.13316,0.0
108279,23,288,0.2535,0.009945,0.44036000000000003,0.0
100085,23,288,0.2535,0.009945,0.1344,0.0
107259,23,288,0.2535,0.009945,0.43196,0.0
102141,23,288,0.2535,0.009945,0.17828,0.0
100096,23,288,0.2535,0.009945,0.15916,0.0
101120,23,288,0.2535,0.009945,0.12596,0.0
109316,23,288,0.2535,0.009945,0.38532000000000005,0.0
102148,23,288,0.2535,0.009945,0.1838,0.0
100115,23,288,0.2535,0.009945,0.12592,0.0
103191,23,288,0.2535,0.009945,0.1256,0.0
107288,23,288,0.2535,0.009945,0.3886,0.0
103195,23,288,0.2535,0.009945,0.12592,0.0
104224,23,288,0.2535,0.009945,0.16244,0.0
100131,23,288,0.2535,0.009945,0.1384,0.0
106276,23,288,0.2535,0.009945,0.42536,0.0
109349,23,288,0.2535,0.009945,0.42116,0.0
106281,23,288,0.2535,0.009945,0.4924,0.0
103210,23,288,0.2535,0.009945,0.12524,0.0
102187,23,288,0.2535,0.009945,0.12556,0.0
102196,23,288,0.2535,0.009945,0.12756,0.0
103223,23,288,0.2535,0.009945,0.1822,0.0
105273,23,288,0.2535,0.009945,0.2878,0.0
101181,23,288,0.2535,0.009945,0.1276,0.0
106311,23,288,0.2535,0.009945,0.5138,0.0
100170,23,288,0.2535,0.009945,0.14184,0.0
106317,23,288,0.2535,0.009945,0.43996,0.0
104270,23,288,0.2535,0.009945,0.12508,0.0
107344,23,288,0.2535,0.009945,0.36408,0.0
104276,23,288,0.2535,0.009945,0.1454,0.0
102232,23,288,0.2535,0.009945,0.13784,0.0
107360,23,288,0.2535,0.009945,0.43404,0.0
105314,23,288,0.2535,0.009945,0.38636,0.0
100198,23,288,0.2535,0.009945,0.12976,0.0
103271,23,288,0.2535,0.009945,0.12504,0.0
100202,23,288,0.2535,0.009945,0.1646,0.0
102259,23,288,0.2535,0.009945,0.18644,0.0
103285,23,288,0.2535,0.009945,0.13312,0.0
100214,23,288,0.2535,0.009945,0.18436,0.0
104310,23,288,0.2535,0.009945,0.12976,0.0
103286,23,288,0.2535,0.009945,0.12708,0.0
103289,23,288,0.2535,0.009945,0.12816,0.0
106358,23,288,0.2535,0.009945,0.37460000000000004,0.0
101246,23,288,0.2535,0.009945,0.13496,0.0
100222,23,288,0.2535,0.009945,0.14696,0.0
100227,23,288,0.2535,0.009945,0.12916,0.0
109445,23,288,0.2535,0.009945,0.30800000000000005,0.0
104326,23,288,0.2535,0.009945,0.17272,0.0
106374,23,288,0.2535,0.009945,0.44348000000000004,0.0
103309,23,288,0.2535,0.009945,0.13124,0.0
100243,23,288,0.2535,0.009945,0.12504,0.0
100244,23,288,0.2535,0.009945,0.15048,0.0
104344,23,288,0.2535,0.009945,0.12504,0.0
104362,23,288,0.2535,0.009945,0.12796,0.0
109482,23,288,0.2535,0.009945,0.41488,0.0
104371,23,288,0.2535,0.009945,0.13124,0.0
101301,23,288,0.2535,0.009945,0.17492,0.0
101304,23,288,0.2535,0.009945,0.13692,0.0
107449,23,288,0.2535,0.009945,0.44900000000000007,0.0
100292,23,288,0.2535,0.009945,0.12508,0.0
101317,23,288,0.2535,0.009945,0.13064,0.0
105417,23,288,0.2535,0.009945,0.40088,0.0
100300,23,288,0.2535,0.009945,0.14612,0.0
104399,23,288,0.2535,0.009945,0.13032,0.0
104401,23,288,0.2535,0.009945,0.12624,0.0
102367,23,288,0.2535,0.009945,0.12696,0.0
101343,23,288,0.2535,0.009945,0.14288,0.0
101355,23,288,0.2535,0.009945,0.2722,0.0
107500,23,288,0.2535,0.009945,0.48856000000000005,0.0
104432,23,288,0.2535,0.009945,0.12516,0.0
104437,23,288,0.2535,0.009945,0.12548,0.0
102389,23,288,0.2535,0.009945,0.17120000000000002,0.0
102396,23,288,0.2535,0.009945,0.19948,0.0
102402,24,457,0.1028,0.006804,0.12636,0.0
103432,24,457,0.1028,0.006804,0.1902,0.0
102410,24,457,0.1028,0.006804,0.12596,0.0
101388,24,457,0.1028,0.006804,0.12632,0.0
100365,24,457,0.1028,0.006804,0.14644000000000001,0.0
104469,24,457,0.1028,0.006804,0.13568,0.0
104470,24,457,0.1028,0.006804,0.14844000000000002,0.0
101397,24,457,0.1028,0.006804,0.15516,0.0
100376,24,457,0.1028,0.006804,0.14976,0.0
101401,24,457,0.1028,0.006804,0.14496,0.0
101404,24,457,0.1028,0.006804,0.1574,0.0
103453,24,457,0.1028,0.006804,0.16116,0.0
104479,24,457,0.1028,0.006804,0.13304,0.0
101407,24,457,0.1028,0.006804,0.13224,0.0
105508,24,457,0.1028,0.006804,0.42272,0.0
103460,24,457,0.1028,0.006804,0.17064000000000001,0.0
100390,24,457,0.1028,0.006804,0.12628,0.0
100392,24,457,0.1028,0.006804,0.125,0.0
101420,24,457,0.1028,0.006804,0.24744,0.0
102445,24,457,0.1028,0.006804,0.1614,0.0
104503,24,457,0.1028,0.006804,0.15932000000000002,0.0
103479,24,457,0.1028,0.006804,0.18332,0.0
100409,24,457,0.1028,0.006804,0.12832,0.0
101436,24,457,0.1028,0.006804,0.15228,0.0
103485,24,457,0.1028,0.006804,0.12572,0.0
100415,24,457,0.1028,0.006804,0.13468,0.0
100418,24,457,0.1028,0.006804,0.125,0.0
104516,24,457,0.1028,0.006804,0.12924,0.0
100423,24,457,0.1028,0.006804,0.1258,0.0
102471,24,457,0.1028,0.006804,0.18068,0.0
105544,24,457,0.1028,0.006804,0.48104,0.0
102473,24,457,0.1028,0.006804,0.14468,0.0
101451,24,457,0.1028,0.006804,0.13192,0.0
102476,24,457,0.1028,0.006804,0.1298,0.0
100427,24,457,0.1028,0.006804,0.13584,0.0
102478,24,457,0.1028,0.006804,0.12708,0.0
104527,24,457,0.1028,0.006804,0.14144,0.0
104528,24,457,0.1028,0.006804,0.1286,0.0
102481,24,457,0.1028,0.006804,0.13496,0.0
100431,24,457,0.1028,0.006804,0.18792,0.0
100440,24,457,0.1028,0.006804,0.14196,0.0
100442,24,457,0.1028,0.006804,0.20951999999999998,0.0
101467,24,457,0.1028,0.006804,0.14648,0.0
102492,24,457,0.1028,0.006804,0.15352,0.0
104546,24,457,0.1028,0.006804,0.26124,0.0
100450,24,457,0.1028,0.006804,0.13492,0.0
102500,24,457,0.1028,0.006804,0.12504,0.0
103525,24,457,0.1028,0.006804,0.1626,0.0
103526,24,457,0.1028,0.006804,0.16396,0.0
103527,24,457,0.1028,0.006804,0.14376,0.0
102503,24,457,0.1028,0.006804,0.14336,0.0
109671,24,457,0.1028,0.006804,0.30028,0.0
102506,24,457,0.1028,0.006804,0.12888,0.0
106606,24,457,0.1028,0.006804,0.38192,0.0
104560,24,457,0.1028,0.006804,0.15552,0.0
102513,24,457,0.1028,0.006804,0.12736,0.0
104563,24,457,0.1028,0.006804,0.1656,0.0
105588,24,457,0.1028,0.006804,0.4068,0.0
101494,24,457,0.1028,0.006804,0.13356,0.0
101499,24,457,0.1028,0.006804,0.125,0.0
104573,24,457,0.1028,0.006804,0.12516,0.0
101504,24,457,0.1028,0.006804,0.12688,0.0
101506,24,457,0.1028,0.006804,0.167,0.0
103555,24,457,0.1028,0.006804,0.15612,0.0
102536,24,457,0.1028,0.006804,0.13544,0.0
100490,24,457,0.1028,0.006804,0.13808,0.0
102539,24,457,0.1028,0.006804,0.12592,0.0
103562,24,457,0.1028,0.006804,0.12604,0.0
100493,24,457,0.1028,0.006804,0.13476,0.0
101518,24,457,0.1028,0.006804,0.19224000000000002,0.0
104587,24,457,0.1028,0.006804,0.15708,0.0
100496,24,457,0.1028,0.006804,0.20432,0.0
102545,24,457,0.1028,0.006804,0.12956,0.0
104596,24,457,0.1028,0.006804,0.12692,0.0
104603,24,457,0.1028,0.006804,0.12736,0.0
103579,24,457,0.1028,0.006804,0.12668,0.0
104608,24,457,0.1028,0.006804,0.2076,0.0
102565,24,457,0.1028,0.006804,0.14684,0.0
105637,24,457,0.1028,0.006804,0.46812000000000004,0.0
101543,24,457,0.1028,0.006804,0.19144,0.0
102568,24,457,0.1028,0.006804,0.13656000000000001,0.0
102571,24,457,0.1028,0.006804,0.14392,0.0
101550,24,457,0.1028,0.006804,0.13468,0.0
103599,24,457,0.1028,0.006804,0.17844,0.0
102577,24,457,0.1028,0.006804,0.20284000000000002,0.0
107701,24,457,0.1028,0.006804,0.46392000000000005,0.0
101560,24,457,0.1028,0.006804,0.29108,0.0
101561,24,457,0.1028,0.006804,0.1314,0.0
100539,24,457,0.1028,0.006804,0.13252,0.0
108732,24,457,0.1028,0.006804,0.38092000000000004,0.0
101565,24,457,0.1028,0.006804,0.1298,0.0
103613,24,457,0.1028,0.006804,0.12836,0.0
104638,24,457,0.1028,0.006804,0.23048000000000002,0.0
100544,24,457,0.1028,0.006804,0.16,0.0
100540,24,457,0.1028,0.006804,0.15256,0.0
100549,24,457,0.1028,0.006804,0.13236,0.0
102598,24,457,0.1028,0.006804,0.12884,0.0
101576,24,457,0.1028,0.006804,0.19112,0.0
102602,24,457,0.1028,0.006804,0.12516,0.0
103629,24,457,0.1028,0.006804,0.12672,0.0
101582,24,457,0.1028,0.006804,0.16868,0.0
100562,24,457,0.1028,0.006804,0.14348,0.0
100563,24,457,0.1028,0.006804,0.1368,0.0
104660,24,457,0.1028,0.006804,0.14168,0.0
102613,24,457,0.1028,0.006804,0.14488,0.0
101590,24,457,0.1028,0.006804,0.1292,0.0
102616,24,457,0.1028,0.006804,0.19488,0.0
101598,24,457,0.1028,0.006804,0.13412,0.0
103648,24,457,0.1028,0.006804,0.1258,0.0
100577,24,457,0.1028,0.006804,0.12508,0.0
101602,24,457,0.1028,0.006804,0.13212,0.0
102629,24,457,0.1028,0.006804,0.16384,0.0
101605,24,457,0.1028,0.006804,0.13828000000000001,0.0
104680,24,457,0.1028,0.006804,0.12784,0.0
100585,24,457,0.1028,0.006804,0.21916000000000002,0.0
104682,24,457,0.1028,0.006804,0.12636,0.0
100589,24,457,0.1028,0.006804,0.14456,0.0
103663,24,457,0.1028,0.006804,0.12556,0.0
101617,24,457,0.1028,0.006804,0.12552,0.0
102644,24,457,0.1028,0.006804,0.126,0.0
101623,24,457,0.1028,0.006804,0.13108,0.0
100600,24,457,0.1028,0.006804,0.12896,0.0
100604,24,457,0.1028,0.006804,0.12536,0.0
107774,24,457,0.1028,0.006804,0.43616000000000005,0.0
100606,24,457,0.1028,0.006804,0.12908,0.0
101632,24,457,0.1028,0.006804,0.125,0.0
104703,24,457,0.1028,0.006804,0.27676,0.0
104702,24,457,0.1028,0.006804,0.15424,0.0
105731,24,457,0.1028,0.006804,0.3638,0.0
102660,24,457,0.1028,0.006804,0.2048,0.0
104709,24,457,0.1028,0.006804,0.22816000000000003,0.0
101638,24,457,0.1028,0.006804,0.18852000000000002,0.0
107786,24,457,0.1028,0.006804,0.35804,0.0
103691,24,457,0.1028,0.006804,0.12816,0.0
101645,24,457,0.1028,0.006804,0.16584,0.0
100622,24,457,0.1028,0.006804,0.17964,0.0
103697,24,457,0.1028,0.006804,0.12848,0.0
107797,24,457,0.1028,0.006804,0.34199999999999997,0.0
100630,24,457,0.1028,0.006804,0.1262,0.0
100629,24,457,0.1028,0.006804,0.16796,0.0
100632,24,457,0.1028,0.006804,0.15488000000000002,0.0
101658,24,457,0.1028,0.006804,0.12536,0.0
104731,24,457,0.1028,0.006804,0.13268,0.0
103708,24,457,0.1028,0.006804,0.186,0.0
105756,24,457,0.1028,0.006804,0.32652000000000003,0.0
103710,24,457,0.1028,0.006804,0.125,0.0
103714,24,457,0.1028,0.006804,0.12512,0.0
100643,24,457,0.1028,0.006804,0.23424,0.0
103717,24,457,0.1028,0.006804,0.1624,0.0
103718,24,457,0.1028,0.006804,0.15388000000000002,0.0
101671,24,457,0.1028,0.006804,0.15648,0.0
102700,24,457,0.1028,0.006804,0.12588,0.0
103725,24,457,0.1028,0.006804,0.17256,0.0
101676,24,457,0.1028,0.006804,0.15508,0.0
100655,24,457,0.1028,0.006804,0.1286,0.0
101686,24,457,0.1028,0.006804,0.1324,0.0
109879,24,457,0.1028,0.006804,0.27936000000000005,0.0
104762,24,457,0.1028,0.006804,0.19404,0.0
102715,24,457,0.1028,0.006804,0.18872,0.0
101690,24,457,0.1028,0.006804,0.14684,0.0
104766,24,457,0.1028,0.006804,0.15132,0.0
104767,24,457,0.1028,0.006804,0.19344,0.0
101695,24,457,0.1028,0.006804,0.14696,0.0
104770,24,457,0.1028,0.006804,0.17176,0.0
104771,24,457,0.1028,0.006804,0.12912,0.0
104772,24,457,0.1028,0.006804,0.16620000000000001,0.0
101702,24,457,0.1028,0.006804,0.12524,0.0
100683,24,457,0.1028,0.006804,0.13888,0.0
107852,24,457,0.1028,0.006804,0.36936,0.0
101710,24,457,0.1028,0.006804,0.13568,0.0
101712,24,457,0.1028,0.006804,0.26592000000000005,0.0
101716,24,457,0.1028,0.006804,0.1282,0.0
103768,24,457,0.1028,0.006804,0.13204,0.0
101724,24,457,0.1028,0.006804,0.27636000000000005,0.0
101731,24,457,0.1028,0.006804,0.20852,0.0
100710,24,457,0.1028,0.006804,0.14672000000000002,0.0
102760,24,457,0.1028,0.006804,0.12776,0.0
104809,24,457,0.1028,0.006804,0.16924,0.0
105836,24,457,0.1028,0.006804,0.40444,0.0
103790,24,457,0.1028,0.006804,0.125,0.0
102771,24,457,0.1028,0.006804,0.12644,0.0
100728,24,457,0.1028,0.006804,0.13132,0.0
102777,24,457,0.1028,0.006804,0.14548,0.0
100731,24,457,0.1028,0.006804,0.17456,0.0
103803,24,457,0.1028,0.006804,0.12712,0.0
100733,24,457,0.1028,0.006804,0.15076,0.0
101755,24,457,0.1028,0.006804,0.19548,0.0
103811,24,457,0.1028,0.006804,0.13564,0.0
101767,24,457,0.1028,0.006804,0.13244,0.0
101769,24,457,0.1028,0.006804,0.21056000000000002,0.0
103820,24,457,0.1028,0.006804,0.12908,0.0
101775,24,457,0.1028,0.006804,0.12536,0.0
100752,24,457,0.1028,0.006804,0.12608,0.0
101782,24,457,0.1028,0.006804,0.13484000000000002,0.0
105879,24,457,0.1028,0.006804,0.35852,0.0
103832,24,457,0.1028,0.006804,0.13684,0.0
101787,24,457,0.1028,0.006804,0.13844,0.0
103836,24,457,0.1028,0.006804,0.13164,0.0
101788,24,457,0.1028,0.006804,0.15624,0.0
105884,24,457,0.1028,0.006804,0.3986,0.0
102815,24,457,0.1028,0.006804,0.12884,0.0
103846,24,457,0.1028,0.006804,0.2318,0.0
100774,24,457,0.1028,0.006804,0.23620000000000002,0.0
100776,24,457,0.1028,0.006804,0.15704,0.0
102824,24,457,0.1028,0.006804,0.13952,0.0
107942,24,457,0.1028,0.006804,0.48416000000000003,0.0
103851,24,457,0.1028,0.006804,0.12564,0.0
100780,24,457,0.1028,0.006804,0.20464,0.0
101805,24,457,0.1028,0.006804,0.12596,0.0
104879,24,457,0.1028,0.006804,0.21976,0.0
100788,24,457,0.1028,0.006804,0.12504,0.0
103862,24,457,0.1028,0.006804,0.18404,0.0
103864,24,457,0.1028,0.006804,0.14804,0.0
105914,24,457,0.1028,0.006804,0.333,0.0
100796,24,457,0.1028,0.006804,0.16572,0.0
104893,24,457,0.1028,0.006804,0.16132000000000002,0.0
104907,24,457,0.1028,0.006804,0.14348,0.0
101839,24,457,0.1028,0.006804,0.12968,0.0
103888,24,457,0.1028,0.006804,0.13032,0.0
103887,24,457,0.1028,0.006804,0.14636,0.0
104915,24,457,0.1028,0.006804,0.17,0.0
107991,24,457,0.1028,0.006804,0.3836,0.0
103895,24,457,0.1028,0.006804,0.13084,0.0
101853,24,457,0.1028,0.006804,0.12952,0.0
106973,24,457,0.1028,0.006804,0.45056,0.0
100831,24,457,0.1028,0.006804,0.1628,0.0
100830,24,457,0.1028,0.006804,0.12672,0.0
102881,24,457,0.1028,0.006804,0.18828,0.0
102884,24,457,0.1028,0.006804,0.1474,0.0
101860,24,457,0.1028,0.006804,0.12728,0.0
103909,24,457,0.1028,0.006804,0.12728,0.0
103911,24,457,0.1028,0.006804,0.23560000000000003,0.0
100842,24,457,0.1028,0.006804,0.13332,0.0
103917,24,457,0.1028,0.006804,0.12504,0.0
101869,24,457,0.1028,0.006804,0.13464,0.0
106992,24,457,0.1028,0.006804,0.5103200000000001,0.0
102899,24,457,0.1028,0.006804,0.13516,0.0
102901,24,457,0.1028,0.006804,0.13048,0.0
101881,24,457,0.1028,0.006804,0.19276,0.0
100858,24,457,0.1028,0.006804,0.13147999999999999,0.0
103931,24,457,0.1028,0.006804,0.13728,0.0
101884,24,457,0.1028,0.006804,0.1258,0.0
104958,24,457,0.1028,0.006804,0.12752,0.0
103934,24,457,0.1028,0.006804,0.12528,0.0
102920,24,457,0.1028,0.006804,0.20264,0.0
101899,24,457,0.1028,0.006804,0.16004000000000002,0.0
104972,24,457,0.1028,0.006804,0.13408,0.0
103496,24,457,0.1028,0.006804,0.18544,0.0
102930,24,457,0.1028,0.006804,0.1572,0.0
102932,24,457,0.1028,0.006804,0.13056,0.0
100886,24,457,0.1028,0.006804,0.12572,0.0
101912,24,457,0.1028,0.006804,0.19056,0.0
102944,24,457,0.1028,0.006804,0.14932,0.0
103973,24,457,0.1028,0.006804,0.15428,0.0
100905,24,457,0.1028,0.006804,0.15944,0.0
102956,24,457,0.1028,0.006804,0.15192,0.0
102957,24,457,0.1028,0.006804,0.16028,0.0
100919,24,457,0.1028,0.006804,0.16888,0.0
101944,24,457,0.1028,0.006804,0.15652,0.0
100925,24,457,0.1028,0.006804,0.19228,0.0
101952,24,457,0.1028,0.006804,0.12536,0.0
108098,24,457,0.1028,0.006804,0.41960000000000003,0.0
104002,24,457,0.1028,0.006804,0.13524,0.0
101957,24,457,0.1028,0.006804,0.13296,0.0
100934,24,457,0.1028,0.006804,0.13444,0.0
104013,24,457,0.1028,0.006804,0.14872,0.0
104017,24,457,0.1028,0.006804,0.14332,0.0
101970,24,457,0.1028,0.006804,0.14156,0.0
104020,24,457,0.1028,0.006804,0.19488,0.0
103003,24,457,0.1028,0.006804,0.18172,0.0
101981,24,457,0.1028,0.006804,0.14488,0.0
100964,24,457,0.1028,0.006804,0.15588000000000002,0.0
100967,24,457,0.1028,0.006804,0.17764,0.0
100970,24,457,0.1028,0.006804,0.14288,0.0
103020,24,457,0.1028,0.006804,0.22696,0.0
100976,24,457,0.1028,0.006804,0.12644,0.0
109170,24,457,0.1028,0.006804,0.45792000000000005,0.0
100979,24,457,0.1028,0.006804,0.12544,0.0
104055,24,457,0.1028,0.006804,0.13368,0.0
104060,24,457,0.1028,0.006804,0.15748,0.0
103038,24,457,0.1028,0.006804,0.12848,0.0
104065,24,457,0.1028,0.006804,0.12504,0.0
103042,24,457,0.1028,0.006804,0.1292,0.0
103043,24,457,0.1028,0.006804,0.14588,0.0
102019,24,457,0.1028,0.006804,0.13588,0.0
109189,24,457,0.1028,0.006804,0.47004,0.0
103046,24,457,0.1028,0.006804,0.1278,0.0
102028,24,457,0.1028,0.006804,0.16164,0.0
104079,24,457,0.1028,0.006804,0.13488,0.0
102031,24,457,0.1028,0.006804,0.1278,0.0
102032,24,457,0.1028,0.006804,0.13036,0.0
103055,24,457,0.1028,0.006804,0.1792,0.0
101023,24,457,0.1028,0.006804,0.12576,0.0
104098,24,457,0.1028,0.006804,0.12672,0.0
107174,24,457,0.1028,0.006804,0.47172000000000003,0.0
104104,24,457,0.1028,0.006804,0.15636,0.0
102060,24,457,0.1028,0.006804,0.14744000000000002,0.0
105133,24,457,0.1028,0.006804,0.37292000000000003,0.0
101038,24,457,0.1028,0.006804,0.16648000000000002,0.0
103086,24,457,0.1028,0.006804,0.15456,0.0
100018,24,457,0.1028,0.006804,0.12664,0.0
103091,24,457,0.1028,0.006804,0.12592,0.0
100022,24,457,0.1028,0.006804,0.21376,0.0
102073,24,457,0.1028,0.006804,0.15468,0.0
102074,24,457,0.1028,0.006804,0.16456,0.0
100027,24,457,0.1028,0.006804,0.16396,0.0
104124,24,457,0.1028,0.006804,0.13672,0.0
104127,24,457,0.1028,0.006804,0.152,0.0
104128,24,457,0.1028,0.006804,0.13104,0.0
102084,24,457,0.1028,0.006804,0.12616,0.0
108231,24,457,0.1028,0.006804,0.45656,0.0
104139,24,457,0.1028,0.006804,0.16408,0.0
102094,24,457,0.1028,0.006804,0.1454,0.0
104144,24,457,0.1028,0.006804,0.12528,0.0
100051,24,457,0.1028,0.006804,0.12528,0.0
104149,24,457,0.1028,0.006804,0.12876,0.0
104150,24,457,0.1028,0.006804,0.18703999999999998,0.0
101077,24,457,0.1028,0.006804,0.1262,0.0
101082,24,457,0.1028,0.006804,0.13128,0.0
103131,24,457,0.1028,0.006804,0.15832000000000002,0.0
101084,24,457,0.1028,0.006804,0.12636,0.0
108253,24,457,0.1028,0.006804,0.3372,0.0
104158,24,457,0.1028,0.006804,0.12912,0.0
101085,24,457,0.1028,0.006804,0.13376,0.0
104160,24,457,0.1028,0.006804,0.17148,0.0
107233,24,457,0.1028,0.006804,0.43356,0.0
106210,24,457,0.1028,0.006804,0.49976,0.0
108259,24,457,0.1028,0.006804,0.44556,0.0
104166,24,457,0.1028,0.006804,0.14016,0.0
103144,24,457,0.1028,0.006804,0.21648,0.0
103149,24,457,0.1028,0.006804,0.16148,0.0
104176,24,457,0.1028,0.006804,0.15628,0.0
101110,24,457,0.1028,0.006804,0.1442,0.0
101114,24,457,0.1028,0.006804,0.20788,0.0
107260,24,457,0.1028,0.006804,0.5129600000000001,0.0
105215,24,457,0.1028,0.006804,0.40316,0.0
103169,24,457,0.1028,0.006804,0.20468,0.0
101123,24,457,0.1028,0.006804,0.1252,0.0
105220,24,457,0.1028,0.006804,0.35168,0.0
103174,24,457,0.1028,0.006804,0.13028,0.0
108296,24,457,0.1028,0.006804,0.32708000000000004,0.0
103180,24,457,0.1028,0.006804,0.17572,0.0
100109,24,457,0.1028,0.006804,0.13292,0.0
101134,24,457,0.1028,0.006804,0.12588,0.0
101133,24,457,0.1028,0.006804,0.14812,0.0
102160,24,457,0.1028,0.006804,0.13512,0.0
104209,24,457,0.1028,0.006804,0.1544,0.0
101141,24,457,0.1028,0.006804,0.12592,0.0
108310,24,457,0.1028,0.006804,0.40692,0.0
104215,24,457,0.1028,0.006804,0.16488,0.0
104218,24,457,0.1028,0.006804,0.129,0.0
100130,24,457,0.1028,0.006804,0.13288,0.0
102179,24,457,0.1028,0.006804,0.12564,0.0
102180,24,457,0.1028,0.006804,0.1258,0.0
100132,24,457,0.1028,0.006804,0.12696,0.0
103207,24,457,0.1028,0.006804,0.12532,0.0
100135,24,457,0.1028,0.006804,0.1374,0.0
104233,24,457,0.1028,0.006804,0.13236,0.0
104234,24,457,0.1028,0.006804,0.12808,0.0
100139,24,457,0.1028,0.006804,0.20544,0.0
102191,24,457,0.1028,0.006804,0.128,0.0
100143,24,457,0.1028,0.006804,0.13084,0.0
100146,24,457,0.1028,0.006804,0.15076,0.0
104248,24,457,0.1028,0.006804,0.12904,0.0
102200,24,457,0.1028,0.006804,0.20576,0.0
102202,24,457,0.1028,0.006804,0.12632,0.0
103227,24,457,0.1028,0.006804,0.1302,0.0
104250,24,457,0.1028,0.006804,0.1304,0.0
102205,24,457,0.1028,0.006804,0.13648,0.0
104256,24,457,0.1028,0.006804,0.12688,0.0
106304,24,457,0.1028,0.006804,0.40792,0.0
102210,24,457,0.1028,0.006804,0.12504,0.0
102208,24,457,0.1028,0.006804,0.14556,0.0
103237,24,457,0.1028,0.006804,0.1818,0.0
102214,24,457,0.1028,0.006804,0.26896,0.0
101190,24,457,0.1028,0.006804,0.14352,0.0
104264,24,457,0.1028,0.006804,0.29564,0.0
102215,24,457,0.1028,0.006804,0.16712,0.0
102218,24,457,0.1028,0.006804,0.1782,0.0
101195,24,457,0.1028,0.006804,0.12728,0.0
100166,24,457,0.1028,0.006804,0.20116,0.0
103247,24,457,0.1028,0.006804,0.181,0.0
100176,24,457,0.1028,0.006804,0.14684,0.0
106323,24,457,0.1028,0.006804,0.47308,0.0
101205,24,457,0.1028,0.006804,0.22184,0.0
100182,24,457,0.1028,0.006804,0.15628,0.0
101213,24,457,0.1028,0.006804,0.125,0.0
108383,24,457,0.1028,0.006804,0.385,0.0
100191,24,457,0.1028,0.006804,0.1308,0.0
101215,24,457,0.1028,0.006804,0.16612,0.0
102245,24,457,0.1028,0.006804,0.14548,0.0
104294,24,457,0.1028,0.006804,0.17748,0.0
106345,24,457,0.1028,0.006804,0.4026,0.0
101229,24,457,0.1028,0.006804,0.15044000000000002,0.0
102253,24,457,0.1028,0.006804,0.20448,0.0
106353,24,457,0.1028,0.006804,0.41612,0.0
100210,24,457,0.1028,0.006804,0.22364,0.0
104308,24,457,0.1028,0.006804,0.12904,0.0
104309,24,457,0.1028,0.006804,0.14288,0.0
101238,24,457,0.1028,0.006804,0.15632000000000001,0.0
102261,24,457,0.1028,0.006804,0.14016,0.0
102263,24,457,0.1028,0.006804,0.12504,0.0
105337,24,457,0.1028,0.006804,0.51492,0.0
103290,24,457,0.1028,0.006804,0.15088000000000001,0.0
102267,24,457,0.1028,0.006804,0.1424,0.0
101249,24,457,0.1028,0.006804,0.13024,0.0
103297,24,457,0.1028,0.006804,0.12528,0.0
104323,24,457,0.1028,0.006804,0.14232,0.0
102275,24,457,0.1028,0.006804,0.22544,0.0
101250,24,457,0.1028,0.006804,0.15984,0.0
102282,24,457,0.1028,0.006804,0.17836,0.0
104333,24,457,0.1028,0.006804,0.14392,0.0
101262,24,457,0.1028,0.006804,0.14988,0.0
104336,24,457,0.1028,0.006804,0.14356,0.0
102289,24,457,0.1028,0.006804,0.13008,0.0
100240,24,457,0.1028,0.006804,0.15036,0.0
101266,24,457,0.1028,0.006804,0.17488,0.0
103316,24,457,0.1028,0.006804,0.15932000000000002,0.0
101269,24,457,0.1028,0.006804,0.125,0.0
101270,24,457,0.1028,0.006804,0.129,0.0
102295,24,457,0.1028,0.006804,0.13612,0.0
103320,24,457,0.1028,0.006804,0.21000000000000002,0.0
103318,24,457,0.1028,0.006804,0.15984,0.0
102297,24,457,0.1028,0.006804,0.17044,0.0
105369,24,457,0.1028,0.006804,0.3694,0.0
108444,24,457,0.1028,0.006804,0.43196,0.0
102303,24,457,0.1028,0.006804,0.1258,0.0
101291,24,457,0.1028,0.006804,0.13664,0.0
104368,24,457,0.1028,0.006804,0.12552,0.0
103345,24,457,0.1028,0.006804,0.1912,0.0
102322,24,457,0.1028,0.006804,0.146,0.0
104375,24,457,0.1028,0.006804,0.12804,0.0
100281,24,457,0.1028,0.006804,0.14984,0.0
102332,24,457,0.1028,0.006804,0.13732,0.0
102340,24,457,0.1028,0.006804,0.22552,0.0
101318,24,457,0.1028,0.006804,0.1516,0.0
100299,24,457,0.1028,0.006804,0.24868,0.0
104397,24,457,0.1028,0.006804,0.17248,0.0
100301,24,457,0.1028,0.006804,0.13304,0.0
100304,24,457,0.1028,0.006804,0.16392,0.0
101328,24,457,0.1028,0.006804,0.14876,0.0
102358,24,457,0.1028,0.006804,0.13968,0.0
103384,24,457,0.1028,0.006804,0.12892,0.0
101337,24,457,0.1028,0.006804,0.16084,0.0
100314,24,457,0.1028,0.006804,0.21464,0.0
100315,24,457,0.1028,0.006804,0.12564,0.0
104412,24,457,0.1028,0.006804,0.1448,0.0
101340,24,457,0.1028,0.006804,0.16092,0.0
101350,24,457,0.1028,0.006804,0.12668,0.0
102374,24,457,0.1028,0.006804,0.19212,0.0
102377,24,457,0.1028,0.006804,0.16624,0.0
100329,24,457,0.1028,0.006804,0.23532,0.0
102380,24,457,0.1028,0.006804,0.16652,0.0
103404,24,457,0.1028,0.006804,0.12536,0.0
109550,24,457,0.1028,0.006804,0.36152000000000006,0.0
104434,24,457,0.1028,0.006804,0.12752,0.0
104444,24,457,0.1028,0.006804,0.1316,0.0
106502,25,423,0.7801,0.007384,0.507,0.0
107533,25,423,0.7801,0.007384,0.50128,0.0
105487,25,423,0.7801,0.007384,0.33716,0.0
107537,25,423,0.7801,0.007384,0.45212,0.0
106514,25,423,0.7801,0.007384,0.36440000000000006,0.0
105492,25,423,0.7801,0.007384,0.46768000000000004,0.0
109589,25,423,0.7801,0.007384,0.4958,0.0
100374,25,423,0.7801,0.007384,0.12524,0.0
109592,25,423,0.7801,0.007384,0.28636,0.0
105496,25,423,0.7801,0.007384,0.39640000000000003,0.0
102426,25,423,0.7801,0.007384,0.16964,0.0
103451,25,423,0.7801,0.007384,0.16512,0.0
101403,25,423,0.7801,0.007384,0.13156,0.0
103450,25,423,0.7801,0.007384,0.12556,0.0
100389,25,423,0.7801,0.007384,0.1306,0.0
106537,25,423,0.7801,0.007384,0.37852,0.0
108595,25,423,0.7801,0.007384,0.38792,0.0
106548,25,423,0.7801,0.007384,0.36616000000000004,0.0
107572,25,423,0.7801,0.007384,0.37516,0.0
105527,25,423,0.7801,0.007384,0.40028,0.0
108600,25,423,0.7801,0.007384,0.27380000000000004,0.0
102457,25,423,0.7801,0.007384,0.1578,0.0
104511,25,423,0.7801,0.007384,0.1314,0.0
107584,25,423,0.7801,0.007384,0.37924,0.0
107585,25,423,0.7801,0.007384,0.43956,0.0
108610,25,423,0.7801,0.007384,0.27012,0.0
109637,25,423,0.7801,0.007384,0.48968,0.0
108615,25,423,0.7801,0.007384,0.33043999999999996,0.0
104520,25,423,0.7801,0.007384,0.12996,0.0
103500,25,423,0.7801,0.007384,0.24336000000000002,0.0
107599,25,423,0.7801,0.007384,0.42048,0.0
107602,25,423,0.7801,0.007384,0.39988,0.0
106579,25,423,0.7801,0.007384,0.42240000000000005,0.0
109654,25,423,0.7801,0.007384,0.47284000000000004,0.0
106584,25,423,0.7801,0.007384,0.48668,0.0
107612,25,423,0.7801,0.007384,0.5114799999999999,0.0
100444,25,423,0.7801,0.007384,0.19592,0.0
108636,25,423,0.7801,0.007384,0.31316,0.0
102497,25,423,0.7801,0.007384,0.12504,0.0
108643,25,423,0.7801,0.007384,0.344,0.0
106597,25,423,0.7801,0.007384,0.47628000000000004,0.0
105574,25,423,0.7801,0.007384,0.47856000000000004,0.0
105575,25,423,0.7801,0.007384,0.46812000000000004,0.0
106600,25,423,0.7801,0.007384,0.4542,0.0
105582,25,423,0.7801,0.007384,0.47976,0.0
109679,25,423,0.7801,0.007384,0.36624,0.0
109680,25,423,0.7801,0.007384,0.31192,0.0
103535,25,423,0.7801,0.007384,0.16768,0.0
109682,25,423,0.7801,0.007384,0.367,0.0
106611,25,423,0.7801,0.007384,0.44864000000000004,0.0
105583,25,423,0.7801,0.007384,0.45408000000000004,0.0
109687,25,423,0.7801,0.007384,0.45996000000000004,0.0
109688,25,423,0.7801,0.007384,0.26644,0.0
105596,25,423,0.7801,0.007384,0.31923999999999997,0.0
105602,25,423,0.7801,0.007384,0.38980000000000004,0.0
106627,25,423,0.7801,0.007384,0.4782,0.0
107654,25,423,0.7801,0.007384,0.41436,0.0
105608,25,423,0.7801,0.007384,0.38984,0.0
105610,25,423,0.7801,0.007384,0.33692,0.0
102543,25,423,0.7801,0.007384,0.13419999999999999,0.0
105619,25,423,0.7801,0.007384,0.48968,0.0
103571,25,423,0.7801,0.007384,0.14256,0.0
105622,25,423,0.7801,0.007384,0.47540000000000004,0.0
109719,25,423,0.7801,0.007384,0.2496,0.0
104598,25,423,0.7801,0.007384,0.13356,0.0
103584,25,423,0.7801,0.007384,0.13092,0.0
109729,25,423,0.7801,0.007384,0.18596000000000001,0.0
107685,25,423,0.7801,0.007384,0.4888,0.0
109734,25,423,0.7801,0.007384,0.25164,0.0
101542,25,423,0.7801,0.007384,0.17288,0.0
109736,25,423,0.7801,0.007384,0.36184,0.0
109737,25,423,0.7801,0.007384,0.37484000000000006,0.0
106666,25,423,0.7801,0.007384,0.29300000000000004,0.0
109741,25,423,0.7801,0.007384,0.32656,0.0
106670,25,423,0.7801,0.007384,0.44028,0.0
101551,25,423,0.7801,0.007384,0.1264,0.0
108722,25,423,0.7801,0.007384,0.44296,0.0
108726,25,423,0.7801,0.007384,0.3154,0.0
105659,25,423,0.7801,0.007384,0.37516,0.0
105660,25,423,0.7801,0.007384,0.28112000000000004,0.0
105664,25,423,0.7801,0.007384,0.25724,0.0
108738,25,423,0.7801,0.007384,0.24192000000000002,0.0
105670,25,423,0.7801,0.007384,0.36408,0.0
108745,25,423,0.7801,0.007384,0.2816,0.0
108748,25,423,0.7801,0.007384,0.38172,0.0
100558,25,423,0.7801,0.007384,0.13768,0.0
107727,25,423,0.7801,0.007384,0.46076000000000006,0.0
105685,25,423,0.7801,0.007384,0.47040000000000004,0.0
106710,25,423,0.7801,0.007384,0.48036,0.0
100574,25,423,0.7801,0.007384,0.19164,0.0
109791,25,423,0.7801,0.007384,0.28876,0.0
107743,25,423,0.7801,0.007384,0.40856,0.0
109793,25,423,0.7801,0.007384,0.31624,0.0
105699,25,423,0.7801,0.007384,0.37708,0.0
102627,25,423,0.7801,0.007384,0.12808,0.0
100582,25,423,0.7801,0.007384,0.13716,0.0
107754,25,423,0.7801,0.007384,0.40856,0.0
106730,25,423,0.7801,0.007384,0.36860000000000004,0.0
106732,25,423,0.7801,0.007384,0.4656,0.0
101612,25,423,0.7801,0.007384,0.1262,0.0
109804,25,423,0.7801,0.007384,0.44072,0.0
105711,25,423,0.7801,0.007384,0.30336,0.0
108784,25,423,0.7801,0.007384,0.21648,0.0
108786,25,423,0.7801,0.007384,0.28436,0.0
107763,25,423,0.7801,0.007384,0.39208,0.0
100599,25,423,0.7801,0.007384,0.1252,0.0
108792,25,423,0.7801,0.007384,0.42492,0.0
104697,25,423,0.7801,0.007384,0.1338,0.0
106747,25,423,0.7801,0.007384,0.48744000000000004,0.0
107780,25,423,0.7801,0.007384,0.4026,0.0
108815,25,423,0.7801,0.007384,0.21412,0.0
109841,25,423,0.7801,0.007384,0.37072,0.0
106769,25,423,0.7801,0.007384,0.47404,0.0
109843,25,423,0.7801,0.007384,0.42892,0.0
108535,25,423,0.7801,0.007384,0.36392,0.0
109848,25,423,0.7801,0.007384,0.34744,0.0
108824,25,423,0.7801,0.007384,0.46920000000000006,0.0
103712,25,423,0.7801,0.007384,0.13556,0.0
106784,25,423,0.7801,0.007384,0.39211999999999997,0.0
108834,25,423,0.7801,0.007384,0.2974,0.0
105764,25,423,0.7801,0.007384,0.41656,0.0
108837,25,423,0.7801,0.007384,0.33608,0.0
107814,25,423,0.7801,0.007384,0.42836,0.0
100648,25,423,0.7801,0.007384,0.1498,0.0
109868,25,423,0.7801,0.007384,0.20676,0.0
108540,25,423,0.7801,0.007384,0.29936,0.0
107830,25,423,0.7801,0.007384,0.41892,0.0
105783,25,423,0.7801,0.007384,0.45356,0.0
103736,25,423,0.7801,0.007384,0.12612,0.0
106811,25,423,0.7801,0.007384,0.34636,0.0
108860,25,423,0.7801,0.007384,0.22112,0.0
106813,25,423,0.7801,0.007384,0.46680000000000005,0.0
105791,25,423,0.7801,0.007384,0.4248,0.0
108866,25,423,0.7801,0.007384,0.3118,0.0
106820,25,423,0.7801,0.007384,0.46336,0.0
106822,25,423,0.7801,0.007384,0.41312000000000004,0.0
106824,25,423,0.7801,0.007384,0.38344,0.0
107851,25,423,0.7801,0.007384,0.46932,0.0
108877,25,423,0.7801,0.007384,0.35484000000000004,0.0
109903,25,423,0.7801,0.007384,0.36504000000000003,0.0
106835,25,423,0.7801,0.007384,0.39764,0.0
109907,25,423,0.7801,0.007384,0.42400000000000004,0.0
101715,25,423,0.7801,0.007384,0.12532,0.0
109914,25,423,0.7801,0.007384,0.44404,0.0
103771,25,423,0.7801,0.007384,0.14044,0.0
102751,25,423,0.7801,0.007384,0.20700000000000002,0.0
106847,25,423,0.7801,0.007384,0.30536,0.0
109922,25,423,0.7801,0.007384,0.2324,0.0
106851,25,423,0.7801,0.007384,0.455,0.0
108901,25,423,0.7801,0.007384,0.26176,0.0
109929,25,423,0.7801,0.007384,0.43912,0.0
103789,25,423,0.7801,0.007384,0.15376,0.0
108912,25,423,0.7801,0.007384,0.26336000000000004,0.0
105841,25,423,0.7801,0.007384,0.48360000000000003,0.0
109949,25,423,0.7801,0.007384,0.24115999999999999,0.0
105854,25,423,0.7801,0.007384,0.34648,0.0
106878,25,423,0.7801,0.007384,0.43012000000000006,0.0
104832,25,423,0.7801,0.007384,0.13716,0.0
100734,25,423,0.7801,0.007384,0.25612,0.0
105860,25,423,0.7801,0.007384,0.354,0.0
105861,25,423,0.7801,0.007384,0.47004,0.0
103815,25,423,0.7801,0.007384,0.17312,0.0
107914,25,423,0.7801,0.007384,0.42896,0.0
107917,25,423,0.7801,0.007384,0.48344000000000004,0.0
103822,25,423,0.7801,0.007384,0.14088,0.0
108943,25,423,0.7801,0.007384,0.28944000000000003,0.0
100753,25,423,0.7801,0.007384,0.14392,0.0
105875,25,423,0.7801,0.007384,0.40912000000000004,0.0
105877,25,423,0.7801,0.007384,0.29264,0.0
108950,25,423,0.7801,0.007384,0.28496,0.0
106904,25,423,0.7801,0.007384,0.4586,0.0
109976,25,423,0.7801,0.007384,0.38452000000000003,0.0
105880,25,423,0.7801,0.007384,0.49096000000000006,0.0
109985,25,423,0.7801,0.007384,0.24503999999999998,0.0
105894,25,423,0.7801,0.007384,0.26164,0.0
105896,25,423,0.7801,0.007384,0.43648,0.0
105897,25,423,0.7801,0.007384,0.29608,0.0
107945,25,423,0.7801,0.007384,0.512,0.0
104874,25,423,0.7801,0.007384,0.13172,0.0
105900,25,423,0.7801,0.007384,0.33512,0.0
105898,25,423,0.7801,0.007384,0.29144000000000003,0.0
106926,25,423,0.7801,0.007384,0.43532000000000004,0.0
101806,25,423,0.7801,0.007384,0.21292,0.0
107956,25,423,0.7801,0.007384,0.41624,0.0
108988,25,423,0.7801,0.007384,0.1972,0.0
107970,25,423,0.7801,0.007384,0.39396000000000003,0.0
107971,25,423,0.7801,0.007384,0.4126,0.0
101826,25,423,0.7801,0.007384,0.17488,0.0
105929,25,423,0.7801,0.007384,0.36184,0.0
105933,25,423,0.7801,0.007384,0.42444000000000004,0.0
103886,25,423,0.7801,0.007384,0.13824,0.0
107983,25,423,0.7801,0.007384,0.44612,0.0
102873,25,423,0.7801,0.007384,0.14088,0.0
107994,25,423,0.7801,0.007384,0.28712000000000004,0.0
103898,25,423,0.7801,0.007384,0.1508,0.0
101852,25,423,0.7801,0.007384,0.12824,0.0
109020,25,423,0.7801,0.007384,0.32656,0.0
101856,25,423,0.7801,0.007384,0.13912,0.0
103906,25,423,0.7801,0.007384,0.21292,0.0
105956,25,423,0.7801,0.007384,0.33172,0.0
105961,25,423,0.7801,0.007384,0.44964000000000004,0.0
106990,25,423,0.7801,0.007384,0.46384000000000003,0.0
106993,25,423,0.7801,0.007384,0.4702,0.0
109050,25,423,0.7801,0.007384,0.36796000000000006,0.0
105989,25,423,0.7801,0.007384,0.45564000000000004,0.0
108038,25,423,0.7801,0.007384,0.40348,0.0
108043,25,423,0.7801,0.007384,0.42336,0.0
105996,25,423,0.7801,0.007384,0.33755999999999997,0.0
107022,25,423,0.7801,0.007384,0.47084000000000004,0.0
109072,25,423,0.7801,0.007384,0.32376000000000005,0.0
108050,25,423,0.7801,0.007384,0.51196,0.0
108052,25,423,0.7801,0.007384,0.4188,0.0
107029,25,423,0.7801,0.007384,0.43444,0.0
106009,25,423,0.7801,0.007384,0.3246,0.0
109087,25,423,0.7801,0.007384,0.4018,0.0
104996,25,423,0.7801,0.007384,0.16624,0.0
109094,25,423,0.7801,0.007384,0.37908000000000003,0.0
102954,25,423,0.7801,0.007384,0.14504,0.0
107052,25,423,0.7801,0.007384,0.46,0.0
103983,25,423,0.7801,0.007384,0.13196,0.0
101938,25,423,0.7801,0.007384,0.12688,0.0
107059,25,423,0.7801,0.007384,0.43108,0.0
107060,25,423,0.7801,0.007384,0.43,0.0
105015,25,423,0.7801,0.007384,0.26004000000000005,0.0
105024,25,423,0.7801,0.007384,0.45744,0.0
107074,25,423,0.7801,0.007384,0.32432000000000005,0.0
106052,25,423,0.7801,0.007384,0.42212,0.0
101956,25,423,0.7801,0.007384,0.12548,0.0
105029,25,423,0.7801,0.007384,0.46416,0.0
107087,25,423,0.7801,0.007384,0.46444,0.0
102992,25,423,0.7801,0.007384,0.13376,0.0
105040,25,423,0.7801,0.007384,0.47008000000000005,0.0
105048,25,423,0.7801,0.007384,0.46884000000000003,0.0
105050,25,423,0.7801,0.007384,0.38767999999999997,0.0
106076,25,423,0.7801,0.007384,0.40644,0.0
106078,25,423,0.7801,0.007384,0.34712,0.0
100958,25,423,0.7801,0.007384,0.12688,0.0
106080,25,423,0.7801,0.007384,0.5074000000000001,0.0
109159,25,423,0.7801,0.007384,0.38696,0.0
106088,25,423,0.7801,0.007384,0.37516,0.0
103015,25,423,0.7801,0.007384,0.12512,0.0
100969,25,423,0.7801,0.007384,0.15076,0.0
106091,25,423,0.7801,0.007384,0.44528,0.0
105068,25,423,0.7801,0.007384,0.5125200000000001,0.0
108142,25,423,0.7801,0.007384,0.4616,0.0
104047,25,423,0.7801,0.007384,0.13468,0.0
108143,25,423,0.7801,0.007384,0.5023200000000001,0.0
109167,25,423,0.7801,0.007384,0.35152000000000005,0.0
109169,25,423,0.7801,0.007384,0.32436,0.0
105079,25,423,0.7801,0.007384,0.49588000000000004,0.0
104057,25,423,0.7801,0.007384,0.17128,0.0
108153,25,423,0.7801,0.007384,0.4848,0.0
105085,25,423,0.7801,0.007384,0.4126,0.0
108158,25,423,0.7801,0.007384,0.43516,0.0
106112,25,423,0.7801,0.007384,0.48392,0.0
109185,25,423,0.7801,0.007384,0.36240000000000006,0.0
109190,25,423,0.7801,0.007384,0.37776000000000004,0.0
106122,25,423,0.7801,0.007384,0.47672000000000003,0.0
109195,25,423,0.7801,0.007384,0.34808,0.0
104076,25,423,0.7801,0.007384,0.14588,0.0
109199,25,423,0.7801,0.007384,0.35648,0.0
107152,25,423,0.7801,0.007384,0.38628,0.0
109200,25,423,0.7801,0.007384,0.35704,0.0
104088,25,423,0.7801,0.007384,0.18204,0.0
109214,25,423,0.7801,0.007384,0.36884000000000006,0.0
109219,25,423,0.7801,0.007384,0.43004,0.0
109222,25,423,0.7801,0.007384,0.41292,0.0
108200,25,423,0.7801,0.007384,0.4562,0.0
109225,25,423,0.7801,0.007384,0.30748,0.0
107181,25,423,0.7801,0.007384,0.38676,0.0
105135,25,423,0.7801,0.007384,0.40196000000000004,0.0
106160,25,423,0.7801,0.007384,0.49912,0.0
105137,25,423,0.7801,0.007384,0.49752,0.0
108212,25,423,0.7801,0.007384,0.5078,0.0
109237,25,423,0.7801,0.007384,0.41564,0.0
100021,25,423,0.7801,0.007384,0.1322,0.0
106166,25,423,0.7801,0.007384,0.44668,0.0
100024,25,423,0.7801,0.007384,0.13304,0.0
105145,25,423,0.7801,0.007384,0.49472000000000005,0.0
107188,25,423,0.7801,0.007384,0.48568,0.0
103099,25,423,0.7801,0.007384,0.13596,0.0
107195,25,423,0.7801,0.007384,0.42516,0.0
103100,25,423,0.7801,0.007384,0.12648,0.0
109247,25,423,0.7801,0.007384,0.29484,0.0
105152,25,423,0.7801,0.007384,0.40736,0.0
100033,25,423,0.7801,0.007384,0.12608,0.0
100037,25,423,0.7801,0.007384,0.14844000000000002,0.0
102087,25,423,0.7801,0.007384,0.13772,0.0
107207,25,423,0.7801,0.007384,0.42768000000000006,0.0
108233,25,423,0.7801,0.007384,0.4822,0.0
101067,25,423,0.7801,0.007384,0.12536,0.0
106187,25,423,0.7801,0.007384,0.34808,0.0
107214,25,423,0.7801,0.007384,0.37484000000000006,0.0
109262,25,423,0.7801,0.007384,0.36524,0.0
108240,25,423,0.7801,0.007384,0.49016000000000004,0.0
105169,25,423,0.7801,0.007384,0.4,0.0
107220,25,423,0.7801,0.007384,0.48192,0.0
106196,25,423,0.7801,0.007384,0.40648,0.0
105176,25,423,0.7801,0.007384,0.50372,0.0
100057,25,423,0.7801,0.007384,0.12568000000000001,0.0
109274,25,423,0.7801,0.007384,0.28596,0.0
106207,25,423,0.7801,0.007384,0.26144,0.0
108263,25,423,0.7801,0.007384,0.41836,0.0
106216,25,423,0.7801,0.007384,0.49308,0.0
101097,25,423,0.7801,0.007384,0.138,0.0
105195,25,423,0.7801,0.007384,0.4348,0.0
107244,25,423,0.7801,0.007384,0.25784,0.0
107245,25,423,0.7801,0.007384,0.48808,0.0
101101,25,423,0.7801,0.007384,0.15892,0.0
107247,25,423,0.7801,0.007384,0.43572000000000005,0.0
107248,25,423,0.7801,0.007384,0.35087999999999997,0.0
101102,25,423,0.7801,0.007384,0.13228,0.0
108274,25,423,0.7801,0.007384,0.44752000000000003,0.0
105197,25,423,0.7801,0.007384,0.4696,0.0
107253,25,423,0.7801,0.007384,0.40552000000000005,0.0
106230,25,423,0.7801,0.007384,0.41204,0.0
109305,25,423,0.7801,0.007384,0.30776000000000003,0.0
108284,25,423,0.7801,0.007384,0.37148000000000003,0.0
109308,25,423,0.7801,0.007384,0.40012,0.0
100098,25,423,0.7801,0.007384,0.12768,0.0
108293,25,423,0.7801,0.007384,0.39604,0.0
105223,25,423,0.7801,0.007384,0.4354,0.0
107276,25,423,0.7801,0.007384,0.3216,0.0
108303,25,423,0.7801,0.007384,0.34596000000000005,0.0
100113,25,423,0.7801,0.007384,0.23492000000000002,0.0
108306,25,423,0.7801,0.007384,0.44256000000000006,0.0
105236,25,423,0.7801,0.007384,0.45476000000000005,0.0
106262,25,423,0.7801,0.007384,0.46424,0.0
106265,25,423,0.7801,0.007384,0.33332000000000006,0.0
109338,25,423,0.7801,0.007384,0.36728000000000005,0.0
104219,25,423,0.7801,0.007384,0.1252,0.0
105248,25,423,0.7801,0.007384,0.47324000000000005,0.0
108320,25,423,0.7801,0.007384,0.4788,0.0
109344,25,423,0.7801,0.007384,0.44264000000000003,0.0
104227,25,423,0.7801,0.007384,0.13172,0.0
109348,25,423,0.7801,0.007384,0.392,0.0
106283,25,423,0.7801,0.007384,0.47512,0.0
104237,25,423,0.7801,0.007384,0.13364,0.0
108335,25,423,0.7801,0.007384,0.40964,0.0
105269,25,423,0.7801,0.007384,0.47304,0.0
100149,25,423,0.7801,0.007384,0.12608,0.0
107320,25,423,0.7801,0.007384,0.43664000000000003,0.0
102201,25,423,0.7801,0.007384,0.1252,0.0
107324,25,423,0.7801,0.007384,0.38492000000000004,0.0
107332,25,423,0.7801,0.007384,0.30312,0.0
105287,25,423,0.7801,0.007384,0.43520000000000003,0.0
108360,25,423,0.7801,0.007384,0.43836,0.0
109386,25,423,0.7801,0.007384,0.37924,0.0
109389,25,423,0.7801,0.007384,0.31616,0.0
106318,25,423,0.7801,0.007384,0.44836000000000004,0.0
108367,25,423,0.7801,0.007384,0.37332,0.0
105293,25,423,0.7801,0.007384,0.34908000000000006,0.0
106324,25,423,0.7801,0.007384,0.47340000000000004,0.0
105303,25,423,0.7801,0.007384,0.37679999999999997,0.0
108376,25,423,0.7801,0.007384,0.42748,0.0
109405,25,423,0.7801,0.007384,0.22256,0.0
105310,25,423,0.7801,0.007384,0.44144000000000005,0.0
106333,25,423,0.7801,0.007384,0.50056,0.0
108384,25,423,0.7801,0.007384,0.40288,0.0
109408,25,423,0.7801,0.007384,0.41804,0.0
103267,25,423,0.7801,0.007384,0.12828,0.0
107364,25,423,0.7801,0.007384,0.48432000000000003,0.0
106342,25,423,0.7801,0.007384,0.4682,0.0
109416,25,423,0.7801,0.007384,0.31936,0.0
106347,25,423,0.7801,0.007384,0.51596,0.0
101227,25,423,0.7801,0.007384,0.12592,0.0
109424,25,423,0.7801,0.007384,0.40012,0.0
103282,25,423,0.7801,0.007384,0.12668,0.0
108403,25,423,0.7801,0.007384,0.40328,0.0
108413,25,423,0.7801,0.007384,0.44436000000000003,0.0
104318,25,423,0.7801,0.007384,0.20068000000000003,0.0
109437,25,423,0.7801,0.007384,0.29224000000000006,0.0
108417,25,423,0.7801,0.007384,0.4396,0.0
109443,25,423,0.7801,0.007384,0.32692,0.0
107396,25,423,0.7801,0.007384,0.36907999999999996,0.0
107397,25,423,0.7801,0.007384,0.49028000000000005,0.0
101254,25,423,0.7801,0.007384,0.15692,0.0
109451,25,423,0.7801,0.007384,0.29372,0.0
108431,25,423,0.7801,0.007384,0.51664,0.0
104342,25,423,0.7801,0.007384,0.125,0.0
100248,25,423,0.7801,0.007384,0.15344,0.0
108443,25,423,0.7801,0.007384,0.5007600000000001,0.0
100252,25,423,0.7801,0.007384,0.14836,0.0
107424,25,423,0.7801,0.007384,0.46152000000000004,0.0
108451,25,423,0.7801,0.007384,0.4762,0.0
109476,25,423,0.7801,0.007384,0.48352,0.0
107429,25,423,0.7801,0.007384,0.42544000000000004,0.0
108453,25,423,0.7801,0.007384,0.4812,0.0
107431,25,423,0.7801,0.007384,0.46120000000000005,0.0
109480,25,423,0.7801,0.007384,0.25176,0.0
109483,25,423,0.7801,0.007384,0.41352000000000005,0.0
106411,25,423,0.7801,0.007384,0.32856,0.0
109487,25,423,0.7801,0.007384,0.25144,0.0
106425,25,423,0.7801,0.007384,0.47616,0.0
107451,25,423,0.7801,0.007384,0.50436,0.0
109500,25,423,0.7801,0.007384,0.21532,0.0
106429,25,423,0.7801,0.007384,0.45004,0.0
100290,25,423,0.7801,0.007384,0.1252,0.0
107461,25,423,0.7801,0.007384,0.34336,0.0
108486,25,423,0.7801,0.007384,0.50256,0.0
106442,25,423,0.7801,0.007384,0.46152000000000004,0.0
106443,25,423,0.7801,0.007384,0.38096,0.0
102349,25,423,0.7801,0.007384,0.13396,0.0
107470,25,423,0.7801,0.007384,0.44264000000000003,0.0
108495,25,423,0.7801,0.007384,0.52332,0.0
104406,25,423,0.7801,0.007384,0.14192,0.0
106454,25,423,0.7801,0.007384,0.5034400000000001,0.0
109529,25,423,0.7801,0.007384,0.27288,0.0
108506,25,423,0.7801,0.007384,0.27408,0.0
101339,25,423,0.7801,0.007384,0.15064,0.0
107481,25,423,0.7801,0.007384,0.4068,0.0
109533,25,423,0.7801,0.007384,0.27968000000000004,0.0
105442,25,423,0.7801,0.007384,0.29396,0.0
106468,25,423,0.7801,0.007384,0.44480000000000003,0.0
106469,25,423,0.7801,0.007384,0.47368000000000005,0.0
105449,25,423,0.7801,0.007384,0.32911999999999997,0.0
107506,25,423,0.7801,0.007384,0.51108,0.0
107510,25,423,0.7801,0.007384,0.42744000000000004,0.0
104439,25,423,0.7801,0.007384,0.1332,0.0
105466,25,423,0.7801,0.007384,0.43628,0.0
106491,25,423,0.7801,0.007384,0.45456,0.0
103420,25,423,0.7801,0.007384,0.1322,0.0
109566,25,423,0.7801,0.007384,0.31235999999999997,0.0
102400,26,69,0.6667,0.033674,0.1274,0.0
106498,26,69,0.6667,0.033674,0.41508,0.0
107267,26,69,0.6667,0.033674,0.43156,0.0
101639,26,69,0.6667,0.033674,0.13416,0.0
109585,26,69,0.6667,0.033674,0.26168,0.0
107026,26,69,0.6667,0.033674,0.5176400000000001,0.0
107550,26,69,0.6667,0.033674,0.41508,0.0
106017,26,69,0.6667,0.033674,0.38364,0.0
102946,26,69,0.6667,0.033674,0.12924,0.0
107299,26,69,0.6667,0.033674,0.5001599999999999,0.0
105766,26,69,0.6667,0.033674,0.41152000000000005,0.0
106282,26,69,0.6667,0.033674,0.3734,0.0
108330,26,69,0.6667,0.033674,0.39436,0.0
108078,26,69,0.6667,0.033674,0.38308000000000003,0.0
108846,26,69,0.6667,0.033674,0.39936,0.0
105264,26,69,0.6667,0.033674,0.5064,0.0
105012,26,69,0.6667,0.033674,0.48064,0.0
106293,26,69,0.6667,0.033674,0.47748,0.0
105784,26,69,0.6667,0.033674,0.49916000000000005,0.0
105534,26,69,0.6667,0.033674,0.46884000000000003,0.0
108863,26,69,0.6667,0.033674,0.44196,0.0
108100,26,69,0.6667,0.033674,0.41804,0.0
104519,26,69,0.6667,0.033674,0.13188,0.0
105549,26,69,0.6667,0.033674,0.50768,0.0
107342,26,69,0.6667,0.033674,0.41624,0.0
105551,26,69,0.6667,0.033674,0.41392,0.0
106328,26,69,0.6667,0.033674,0.45012,0.0
104287,26,69,0.6667,0.033674,0.16920000000000002,0.0
105056,26,69,0.6667,0.033674,0.40296,0.0
101983,26,69,0.6667,0.033674,0.12524,0.0
101475,26,69,0.6667,0.033674,0.16436,0.0
107107,26,69,0.6667,0.033674,0.39596000000000003,0.0
100469,26,69,0.6667,0.033674,0.12788,0.0
100732,26,69,0.6667,0.033674,0.20972000000000002,0.0
102524,26,69,0.6667,0.033674,0.13152,0.0
103299,26,69,0.6667,0.033674,0.13952,0.0
107655,26,69,0.6667,0.033674,0.337,0.0
108178,26,69,0.6667,0.033674,0.47088,0.0
107419,26,69,0.6667,0.033674,0.30868,0.0
101276,26,69,0.6667,0.033674,0.15064,0.0
109979,26,69,0.6667,0.033674,0.2974,0.0
107933,26,69,0.6667,0.033674,0.47796,0.0
100259,26,69,0.6667,0.033674,0.1264,0.0
105123,26,69,0.6667,0.033674,0.37708,0.0
107944,26,69,0.6667,0.033674,0.51724,0.0
101294,26,69,0.6667,0.033674,0.16396,0.0
107950,26,69,0.6667,0.033674,0.46156,0.0
106420,26,69,0.6667,0.033674,0.37032,0.0
107957,26,69,0.6667,0.033674,0.48992,0.0
104632,26,69,0.6667,0.033674,0.16728,0.0
102077,26,69,0.6667,0.033674,0.12592,0.0
107197,26,69,0.6667,0.033674,0.28996,0.0
102079,26,69,0.6667,0.033674,0.12908,0.0
107201,26,69,0.6667,0.033674,0.40996000000000005,0.0
102594,26,69,0.6667,0.033674,0.19416,0.0
101315,26,69,0.6667,0.033674,0.12516,0.0
100550,26,69,0.6667,0.033674,0.14204,0.0
105927,26,69,0.6667,0.033674,0.38656,0.0
106700,26,69,0.6667,0.033674,0.3832,0.0
101583,26,69,0.6667,0.033674,0.12512,0.0
105681,26,69,0.6667,0.033674,0.32352000000000003,0.0
109266,26,69,0.6667,0.033674,0.32132000000000005,0.0
103388,26,69,0.6667,0.033674,0.15416000000000002,0.0
105694,26,69,0.6667,0.033674,0.36019999999999996,0.0
107230,26,69,0.6667,0.033674,0.39804,0.0
108513,26,69,0.6667,0.033674,0.40004,0.0
104174,26,69,0.6667,0.033674,0.12504,0.0
105202,26,69,0.6667,0.033674,0.46132,0.0
107770,26,69,0.6667,0.033674,0.46632,0.0
104710,27,122,0.0902,0.021406,0.13136,0.0
102665,27,122,0.0902,0.021406,0.12504,0.0
100619,27,122,0.0902,0.021406,0.13464,0.0
100108,27,122,0.0902,0.021406,0.15036,0.0
102159,27,122,0.0902,0.021406,0.12732,0.0
101905,27,122,0.0902,0.021406,0.13292,0.0
104465,27,122,0.0902,0.021406,0.13152,0.0
104466,27,122,0.0902,0.021406,0.17412,0.0
103189,27,122,0.0902,0.021406,0.13408,0.0
103458,27,122,0.0902,0.021406,0.1448,0.0
104995,27,122,0.0902,0.021406,0.15272,0.0
103972,27,122,0.0902,0.021406,0.14168,0.0
102948,27,122,0.0902,0.021406,0.12752,0.0
108838,27,122,0.0902,0.021406,0.38420000000000004,0.0
103209,27,122,0.0902,0.021406,0.14316,0.0
103723,27,122,0.0902,0.021406,0.12924,0.0
103982,27,122,0.0902,0.021406,0.12504,0.0
100142,27,122,0.0902,0.021406,0.19604,0.0
103727,27,122,0.0902,0.021406,0.1792,0.0
101425,27,122,0.0902,0.021406,0.13088,0.0
102708,27,122,0.0902,0.021406,0.135,0.0
103494,27,122,0.0902,0.021406,0.14856,0.0
101448,27,122,0.0902,0.021406,0.12528,0.0
104776,27,122,0.0902,0.021406,0.18016,0.0
100682,27,122,0.0902,0.021406,0.12808,0.0
104779,27,122,0.0902,0.021406,0.13108,0.0
101707,27,122,0.0902,0.021406,0.12512,0.0
103757,27,122,0.0902,0.021406,0.13532,0.0
103248,27,122,0.0902,0.021406,0.12548,0.0
103252,27,122,0.0902,0.021406,0.1298,0.0
101720,27,122,0.0902,0.021406,0.14132,0.0
104539,27,122,0.0902,0.021406,0.13072,0.0
104545,27,122,0.0902,0.021406,0.14256,0.0
100194,27,122,0.0902,0.021406,0.13452,0.0
100452,27,122,0.0902,0.021406,0.17992,0.0
100453,27,122,0.0902,0.021406,0.18616,0.0
104292,27,122,0.0902,0.021406,0.15968,0.0
104805,27,122,0.0902,0.021406,0.1268,0.0
104552,27,122,0.0902,0.021406,0.1982,0.0
104297,27,122,0.0902,0.021406,0.14364,0.0
104811,27,122,0.0902,0.021406,0.12528,0.0
102252,27,122,0.0902,0.021406,0.13464,0.0
104813,27,122,0.0902,0.021406,0.12868,0.0
103276,27,122,0.0902,0.021406,0.12784,0.0
103791,27,122,0.0902,0.021406,0.12544,0.0
103539,27,122,0.0902,0.021406,0.16676000000000002,0.0
103796,27,122,0.0902,0.021406,0.13744,0.0
104822,27,122,0.0902,0.021406,0.13108,0.0
101240,27,122,0.0902,0.021406,0.13036,0.0
102778,27,122,0.0902,0.021406,0.1502,0.0
102526,27,122,0.0902,0.021406,0.1398,0.0
100478,27,122,0.0902,0.021406,0.16756,0.0
103810,27,122,0.0902,0.021406,0.12672,0.0
104579,27,122,0.0902,0.021406,0.12908,0.0
100996,27,122,0.0902,0.021406,0.14828,0.0
104839,27,122,0.0902,0.021406,0.12536,0.0
100233,27,122,0.0902,0.021406,0.12604,0.0
101514,27,122,0.0902,0.021406,0.19736,0.0
103929,27,122,0.0902,0.021406,0.13128,0.0
103310,27,122,0.0902,0.021406,0.12788,0.0
101008,27,122,0.0902,0.021406,0.12788,0.0
100497,27,122,0.0902,0.021406,0.12692,0.0
103058,27,122,0.0902,0.021406,0.1288,0.0
107925,27,122,0.0902,0.021406,0.48416000000000003,0.0
103834,27,122,0.0902,0.021406,0.1568,0.0
106395,27,122,0.0902,0.021406,0.44744000000000006,0.0
101532,27,122,0.0902,0.021406,0.12992,0.0
104351,27,122,0.0902,0.021406,0.125,0.0
104096,27,122,0.0902,0.021406,0.14612,0.0
102048,27,122,0.0902,0.021406,0.14176,0.0
101025,27,122,0.0902,0.021406,0.15124,0.0
104865,27,122,0.0902,0.021406,0.13452,0.0
101283,27,122,0.0902,0.021406,0.16004000000000002,0.0
104873,27,122,0.0902,0.021406,0.20832,0.0
100522,27,122,0.0902,0.021406,0.12564,0.0
105643,27,122,0.0902,0.021406,0.39888,0.0
100012,27,122,0.0902,0.021406,0.14104,0.0
100013,27,122,0.0902,0.021406,0.18084,0.0
100014,27,122,0.0902,0.021406,0.16668,0.0
106159,27,122,0.0902,0.021406,0.43244,0.0
100015,27,122,0.0902,0.021406,0.12856,0.0
101546,27,122,0.0902,0.021406,0.13284,0.0
103083,27,122,0.0902,0.021406,0.12776,0.0
101555,27,122,0.0902,0.021406,0.179,0.0
102324,27,122,0.0902,0.021406,0.13624,0.0
103606,27,122,0.0902,0.021406,0.12924,0.0
105143,27,122,0.0902,0.021406,0.41628,0.0
101814,27,122,0.0902,0.021406,0.13112000000000001,0.0
100283,27,122,0.0902,0.021406,0.17444,0.0
103357,27,122,0.0902,0.021406,0.12984,0.0
103614,27,122,0.0902,0.021406,0.13384000000000001,0.0
102334,27,122,0.0902,0.021406,0.1252,0.0
100545,27,122,0.0902,0.021406,0.127,0.0
101316,27,122,0.0902,0.021406,0.15236,0.0
103368,27,122,0.0902,0.021406,0.13296,0.0
102345,27,122,0.0902,0.021406,0.17628,0.0
104906,27,122,0.0902,0.021406,0.15824,0.0
107211,27,122,0.0902,0.021406,0.42776000000000003,0.0
104396,27,122,0.0902,0.021406,0.125,0.0
100813,27,122,0.0902,0.021406,0.1438,0.0
104910,27,122,0.0902,0.021406,0.1402,0.0
100560,27,122,0.0902,0.021406,0.1372,0.0
108241,27,122,0.0902,0.021406,0.5025999999999999,0.0
101846,27,122,0.0902,0.021406,0.15604,0.0
100312,27,122,0.0902,0.021406,0.1538,0.0
102619,27,122,0.0902,0.021406,0.125,0.0
100571,27,122,0.0902,0.021406,0.2702,0.0
100063,27,122,0.0902,0.021406,0.1318,0.0
103137,27,122,0.0902,0.021406,0.1328,0.0
101091,27,122,0.0902,0.021406,0.12744,0.0
102118,27,122,0.0902,0.021406,0.13488,0.0
105448,27,122,0.0902,0.021406,0.45264000000000004,0.0
103147,27,122,0.0902,0.021406,0.13016,0.0
100587,27,122,0.0902,0.021406,0.1706,0.0
104685,27,122,0.0902,0.021406,0.12628,0.0
105966,27,122,0.0902,0.021406,0.47076,0.0
100847,27,122,0.0902,0.021406,0.15404,0.0
103410,27,122,0.0902,0.021406,0.138,0.0
101112,27,122,0.0902,0.021406,0.13288,0.0
102649,27,122,0.0902,0.021406,0.15316000000000002,0.0
106746,27,122,0.0902,0.021406,0.386,0.0
101116,27,122,0.0902,0.021406,0.14192,0.0
106500,28,89,0.6854,0.026558,0.43520000000000003,0.0
107525,28,89,0.6854,0.026558,0.49972,0.0
109829,28,89,0.6854,0.026558,0.34676,0.0
109830,28,89,0.6854,0.026558,0.39676,0.0
109064,28,89,0.6854,0.026558,0.33904,0.0
107273,28,89,0.6854,0.026558,0.41312000000000004,0.0
103179,28,89,0.6854,0.026558,0.1442,0.0
109580,28,89,0.6854,0.026558,0.29188000000000003,0.0
108044,28,89,0.6854,0.026558,0.3236,0.0
102156,28,89,0.6854,0.026558,0.12588,0.0
100120,28,89,0.6854,0.026558,0.125,0.0
108569,28,89,0.6854,0.026558,0.33492,0.0
109599,28,89,0.6854,0.026558,0.29752,0.0
105503,28,89,0.6854,0.026558,0.3114,0.0
109089,28,89,0.6854,0.026558,0.35536,0.0
108577,28,89,0.6854,0.026558,0.31788000000000005,0.0
104736,28,89,0.6854,0.026558,0.12944,0.0
106020,28,89,0.6854,0.026558,0.44336000000000003,0.0
101664,28,89,0.6854,0.026558,0.12588,0.0
109859,28,89,0.6854,0.026558,0.20372,0.0
109863,28,89,0.6854,0.026558,0.41532,0.0
109874,28,89,0.6854,0.026558,0.50448,0.0
100664,28,89,0.6854,0.026558,0.12516,0.0
107583,28,89,0.6854,0.026558,0.43192,0.0
104513,28,89,0.6854,0.026558,0.12756,0.0
108865,28,89,0.6854,0.026558,0.33664000000000005,0.0
109380,28,89,0.6854,0.026558,0.30724,0.0
101958,28,89,0.6854,0.026558,0.12504,0.0
106055,28,89,0.6854,0.026558,0.43008,0.0
108366,28,89,0.6854,0.026558,0.41056,0.0
104024,28,89,0.6854,0.026558,0.13032,0.0
108634,28,89,0.6854,0.026558,0.3016,0.0
101468,28,89,0.6854,0.026558,0.17812,0.0
109666,28,89,0.6854,0.026558,0.40964,0.0
109669,28,89,0.6854,0.026558,0.34012,0.0
108646,28,89,0.6854,0.026558,0.37892000000000003,0.0
108902,28,89,0.6854,0.026558,0.42700000000000005,0.0
108391,28,89,0.6854,0.026558,0.47256000000000004,0.0
109934,28,89,0.6854,0.026558,0.4506,0.0
104561,28,89,0.6854,0.026558,0.13688,0.0
109942,28,89,0.6854,0.026558,0.3398,0.0
109433,28,89,0.6854,0.026558,0.42452,0.0
109442,28,89,0.6854,0.026558,0.24632,0.0
103307,28,89,0.6854,0.026558,0.15224,0.0
103572,28,89,0.6854,0.026558,0.17668,0.0
101526,28,89,0.6854,0.026558,0.12844,0.0
109721,28,89,0.6854,0.026558,0.32711999999999997,0.0
106652,28,89,0.6854,0.026558,0.38352,0.0
104863,28,89,0.6854,0.026558,0.15244,0.0
108707,28,89,0.6854,0.026558,0.3892,0.0
107427,28,89,0.6854,0.026558,0.42044000000000004,0.0
107173,28,89,0.6854,0.026558,0.47424,0.0
108199,28,89,0.6854,0.026558,0.468,0.0
100010,28,89,0.6854,0.026558,0.126,0.0
108461,28,89,0.6854,0.026558,0.5002,0.0
107695,28,89,0.6854,0.026558,0.41604,0.0
100783,28,89,0.6854,0.026558,0.12744,0.0
106161,28,89,0.6854,0.026558,0.46296000000000004,0.0
106678,28,89,0.6854,0.026558,0.32816,0.0
106679,28,89,0.6854,0.026558,0.36472000000000004,0.0
101302,28,89,0.6854,0.026558,0.1252,0.0
105402,28,89,0.6854,0.026558,0.4904,0.0
106171,28,89,0.6854,0.026558,0.48204,0.0
104956,28,89,0.6854,0.026558,0.12624,0.0
108478,28,89,0.6854,0.026558,0.34592,0.0
105919,28,89,0.6854,0.026558,0.44328,0.0
102595,28,89,0.6854,0.026558,0.12532,0.0
107979,28,89,0.6854,0.026558,0.4578,0.0
109519,28,89,0.6854,0.026558,0.30076,0.0
109009,28,89,0.6854,0.026558,0.28612000000000004,0.0
105170,28,89,0.6854,0.026558,0.32288,0.0
101587,28,89,0.6854,0.026558,0.13824,0.0
105436,28,89,0.6854,0.026558,0.46316,0.0
102624,28,89,0.6854,0.026558,0.15512,0.0
107232,28,89,0.6854,0.026558,0.39972,0.0
101090,28,89,0.6854,0.026558,0.16632,0.0
106976,28,89,0.6854,0.026558,0.32384,0.0
108772,28,89,0.6854,0.026558,0.30876000000000003,0.0
109541,28,89,0.6854,0.026558,0.45352000000000003,0.0
105959,28,89,0.6854,0.026558,0.36360000000000003,0.0
107498,28,89,0.6854,0.026558,0.39948,0.0
106476,28,89,0.6854,0.026558,0.29244000000000003,0.0
105709,28,89,0.6854,0.026558,0.4506,0.0
102638,28,89,0.6854,0.026558,0.12972,0.0
100333,28,89,0.6854,0.026558,0.17424,0.0
109042,28,89,0.6854,0.026558,0.2518,0.0
102387,28,89,0.6854,0.026558,0.13476,0.0
102140,28,89,0.6854,0.026558,0.13212,0.0
101629,28,89,0.6854,0.026558,0.12668,0.0
104449,29,840,0.1321,0.004518,0.1252,0.0
100354,29,840,0.1321,0.004518,0.14112,0.0
102404,29,840,0.1321,0.004518,0.12856,0.0
102405,29,840,0.1321,0.004518,0.12672,0.0
102408,29,840,0.1321,0.004518,0.19124000000000002,0.0
104459,29,840,0.1321,0.004518,0.1252,0.0
104460,29,840,0.1321,0.004518,0.14712,0.0
102413,29,840,0.1321,0.004518,0.17352,0.0
104462,29,840,0.1321,0.004518,0.12796,0.0
104463,29,840,0.1321,0.004518,0.13147999999999999,0.0
100370,29,840,0.1321,0.004518,0.20288,0.0
102419,29,840,0.1321,0.004518,0.13816,0.0
106515,29,840,0.1321,0.004518,0.45,0.0
100373,29,840,0.1321,0.004518,0.12504,0.0
102418,29,840,0.1321,0.004518,0.13704,0.0
106519,29,840,0.1321,0.004518,0.494,0.0
106521,29,840,0.1321,0.004518,0.46184000000000003,0.0
100378,29,840,0.1321,0.004518,0.17552,0.0
100377,29,840,0.1321,0.004518,0.162,0.0
102431,29,840,0.1321,0.004518,0.14132,0.0
104484,29,840,0.1321,0.004518,0.17004,0.0
104485,29,840,0.1321,0.004518,0.13696,0.0
104488,29,840,0.1321,0.004518,0.12584,0.0
104489,29,840,0.1321,0.004518,0.14064,0.0
104496,29,840,0.1321,0.004518,0.12792,0.0
104497,29,840,0.1321,0.004518,0.1294,0.0
102449,29,840,0.1321,0.004518,0.12544,0.0
104499,29,840,0.1321,0.004518,0.12636,0.0
102450,29,840,0.1321,0.004518,0.12692,0.0
100405,29,840,0.1321,0.004518,0.14264,0.0
100408,29,840,0.1321,0.004518,0.15760000000000002,0.0
104505,29,840,0.1321,0.004518,0.14368,0.0
100411,29,840,0.1321,0.004518,0.20988,0.0
102460,29,840,0.1321,0.004518,0.21856,0.0
100413,29,840,0.1321,0.004518,0.16188,0.0
102463,29,840,0.1321,0.004518,0.12508,0.0
100419,29,840,0.1321,0.004518,0.12512,0.0
100421,29,840,0.1321,0.004518,0.25172000000000005,0.0
100422,29,840,0.1321,0.004518,0.17212,0.0
100424,29,840,0.1321,0.004518,0.25684,0.0
100425,29,840,0.1321,0.004518,0.15392,0.0
102474,29,840,0.1321,0.004518,0.37328000000000006,0.0
102480,29,840,0.1321,0.004518,0.13568,0.0
104529,29,840,0.1321,0.004518,0.18844,0.0
100435,29,840,0.1321,0.004518,0.12984,0.0
104532,29,840,0.1321,0.004518,0.12588,0.0
102485,29,840,0.1321,0.004518,0.12772,0.0
102490,29,840,0.1321,0.004518,0.1496,0.0
104538,29,840,0.1321,0.004518,0.12684,0.0
100446,29,840,0.1321,0.004518,0.12792,0.0
108639,29,840,0.1321,0.004518,0.37628,0.0
104544,29,840,0.1321,0.004518,0.13668,0.0
102501,29,840,0.1321,0.004518,0.13392,0.0
100454,29,840,0.1321,0.004518,0.17076,0.0
100457,29,840,0.1321,0.004518,0.13756,0.0
100458,29,840,0.1321,0.004518,0.12840000000000001,0.0
100460,29,840,0.1321,0.004518,0.16796,0.0
108652,29,840,0.1321,0.004518,0.28696,0.0
102511,29,840,0.1321,0.004518,0.1446,0.0
100464,29,840,0.1321,0.004518,0.13928000000000001,0.0
104562,29,840,0.1321,0.004518,0.13792,0.0
102518,29,840,0.1321,0.004518,0.12552,0.0
100473,29,840,0.1321,0.004518,0.14388,0.0
104577,29,840,0.1321,0.004518,0.125,0.0
100485,29,840,0.1321,0.004518,0.126,0.0
104586,29,840,0.1321,0.004518,0.13032,0.0
104589,29,840,0.1321,0.004518,0.14908,0.0
104592,29,840,0.1321,0.004518,0.129,0.0
102546,29,840,0.1321,0.004518,0.1552,0.0
102547,29,840,0.1321,0.004518,0.13352,0.0
104594,29,840,0.1321,0.004518,0.12736,0.0
100498,29,840,0.1321,0.004518,0.12604,0.0
100499,29,840,0.1321,0.004518,0.17388,0.0
102551,29,840,0.1321,0.004518,0.22344000000000003,0.0
100503,29,840,0.1321,0.004518,0.12992,0.0
100505,29,840,0.1321,0.004518,0.15028,0.0
102558,29,840,0.1321,0.004518,0.12552,0.0
102562,29,840,0.1321,0.004518,0.13552,0.0
104611,29,840,0.1321,0.004518,0.18592,0.0
100521,29,840,0.1321,0.004518,0.13912,0.0
100524,29,840,0.1321,0.004518,0.1286,0.0
104621,29,840,0.1321,0.004518,0.16408,0.0
104623,29,840,0.1321,0.004518,0.12544,0.0
100529,29,840,0.1321,0.004518,0.14112,0.0
102578,29,840,0.1321,0.004518,0.12568000000000001,0.0
102580,29,840,0.1321,0.004518,0.12632,0.0
102583,29,840,0.1321,0.004518,0.12604,0.0
100536,29,840,0.1321,0.004518,0.15544,0.0
104637,29,840,0.1321,0.004518,0.1632,0.0
100542,29,840,0.1321,0.004518,0.12512,0.0
100543,29,840,0.1321,0.004518,0.1278,0.0
104641,29,840,0.1321,0.004518,0.12584,0.0
104642,29,840,0.1321,0.004518,0.13528,0.0
102593,29,840,0.1321,0.004518,0.13784,0.0
106695,29,840,0.1321,0.004518,0.42848,0.0
100553,29,840,0.1321,0.004518,0.1742,0.0
106699,29,840,0.1321,0.004518,0.32068,0.0
102608,29,840,0.1321,0.004518,0.14832,0.0
102610,29,840,0.1321,0.004518,0.15660000000000002,0.0
104659,29,840,0.1321,0.004518,0.12564,0.0
102614,29,840,0.1321,0.004518,0.1436,0.0
104664,29,840,0.1321,0.004518,0.12544,0.0
104669,29,840,0.1321,0.004518,0.12528,0.0
102621,29,840,0.1321,0.004518,0.18668,0.0
102623,29,840,0.1321,0.004518,0.12912,0.0
108775,29,840,0.1321,0.004518,0.39272,0.0
102631,29,840,0.1321,0.004518,0.18572,0.0
100583,29,840,0.1321,0.004518,0.12556,0.0
102637,29,840,0.1321,0.004518,0.19240000000000002,0.0
104688,29,840,0.1321,0.004518,0.12824,0.0
104690,29,840,0.1321,0.004518,0.12552,0.0
102643,29,840,0.1321,0.004518,0.32516,0.0
104694,29,840,0.1321,0.004518,0.15796,0.0
100601,29,840,0.1321,0.004518,0.125,0.0
102650,29,840,0.1321,0.004518,0.1486,0.0
100607,29,840,0.1321,0.004518,0.16164,0.0
100612,29,840,0.1321,0.004518,0.16356,0.0
102662,29,840,0.1321,0.004518,0.13848,0.0
104711,29,840,0.1321,0.004518,0.22148,0.0
100616,29,840,0.1321,0.004518,0.13224,0.0
102666,29,840,0.1321,0.004518,0.13376,0.0
100620,29,840,0.1321,0.004518,0.13448,0.0
104716,29,840,0.1321,0.004518,0.12612,0.0
100624,29,840,0.1321,0.004518,0.17932,0.0
102673,29,840,0.1321,0.004518,0.14276,0.0
104724,29,840,0.1321,0.004518,0.13076,0.0
104727,29,840,0.1321,0.004518,0.12616,0.0
100633,29,840,0.1321,0.004518,0.19384,0.0
104729,29,840,0.1321,0.004518,0.22452,0.0
100634,29,840,0.1321,0.004518,0.14636,0.0
102688,29,840,0.1321,0.004518,0.13144,0.0
104738,29,840,0.1321,0.004518,0.13252,0.0
102696,29,840,0.1321,0.004518,0.1318,0.0
108840,29,840,0.1321,0.004518,0.3834,0.0
102697,29,840,0.1321,0.004518,0.1264,0.0
100649,29,840,0.1321,0.004518,0.14064,0.0
100652,29,840,0.1321,0.004518,0.12596,0.0
104749,29,840,0.1321,0.004518,0.13096,0.0
102701,29,840,0.1321,0.004518,0.12508,0.0
104748,29,840,0.1321,0.004518,0.12672,0.0
104746,29,840,0.1321,0.004518,0.1414,0.0
102705,29,840,0.1321,0.004518,0.13147999999999999,0.0
104754,29,840,0.1321,0.004518,0.12776,0.0
102707,29,840,0.1321,0.004518,0.13728,0.0
104756,29,840,0.1321,0.004518,0.13556,0.0
102713,29,840,0.1321,0.004518,0.24868,0.0
102723,29,840,0.1321,0.004518,0.12948,0.0
100676,29,840,0.1321,0.004518,0.23804000000000003,0.0
104775,29,840,0.1321,0.004518,0.13848,0.0
104780,29,840,0.1321,0.004518,0.13548,0.0
104782,29,840,0.1321,0.004518,0.14336,0.0
100689,29,840,0.1321,0.004518,0.12544,0.0
104787,29,840,0.1321,0.004518,0.12976,0.0
102744,29,840,0.1321,0.004518,0.14844000000000002,0.0
108889,29,840,0.1321,0.004518,0.20216,0.0
102745,29,840,0.1321,0.004518,0.15416000000000002,0.0
100699,29,840,0.1321,0.004518,0.19896000000000003,0.0
102747,29,840,0.1321,0.004518,0.12508,0.0
100701,29,840,0.1321,0.004518,0.13464,0.0
100700,29,840,0.1321,0.004518,0.14264,0.0
100703,29,840,0.1321,0.004518,0.18644,0.0
104800,29,840,0.1321,0.004518,0.15252,0.0
102752,29,840,0.1321,0.004518,0.12944,0.0
100706,29,840,0.1321,0.004518,0.12524,0.0
102758,29,840,0.1321,0.004518,0.1512,0.0
100711,29,840,0.1321,0.004518,0.14196,0.0
108904,29,840,0.1321,0.004518,0.35092,0.0
102762,29,840,0.1321,0.004518,0.13328,0.0
102767,29,840,0.1321,0.004518,0.14148,0.0
102770,29,840,0.1321,0.004518,0.14376,0.0
100722,29,840,0.1321,0.004518,0.16164,0.0
100724,29,840,0.1321,0.004518,0.13024,0.0
102773,29,840,0.1321,0.004518,0.12868,0.0
100726,29,840,0.1321,0.004518,0.14792,0.0
104823,29,840,0.1321,0.004518,0.16196,0.0
104826,29,840,0.1321,0.004518,0.13296,0.0
102780,29,840,0.1321,0.004518,0.18776,0.0
102781,29,840,0.1321,0.004518,0.12524,0.0
108925,29,840,0.1321,0.004518,0.26272,0.0
104828,29,840,0.1321,0.004518,0.1636,0.0
106882,29,840,0.1321,0.004518,0.42496,0.0
100739,29,840,0.1321,0.004518,0.12604,0.0
100741,29,840,0.1321,0.004518,0.19804,0.0
102790,29,840,0.1321,0.004518,0.198,0.0
100746,29,840,0.1321,0.004518,0.13616,0.0
102795,29,840,0.1321,0.004518,0.13188,0.0
102803,29,840,0.1321,0.004518,0.13064,0.0
104851,29,840,0.1321,0.004518,0.12724,0.0
102804,29,840,0.1321,0.004518,0.125,0.0
104854,29,840,0.1321,0.004518,0.13564,0.0
100756,29,840,0.1321,0.004518,0.1252,0.0
104852,29,840,0.1321,0.004518,0.15352,0.0
102809,29,840,0.1321,0.004518,0.18492,0.0
100762,29,840,0.1321,0.004518,0.13388,0.0
102811,29,840,0.1321,0.004518,0.1296,0.0
104857,29,840,0.1321,0.004518,0.13072,0.0
100765,29,840,0.1321,0.004518,0.12508,0.0
102818,29,840,0.1321,0.004518,0.14972,0.0
102822,29,840,0.1321,0.004518,0.12504,0.0
102825,29,840,0.1321,0.004518,0.12816,0.0
106923,29,840,0.1321,0.004518,0.4424,0.0
102831,29,840,0.1321,0.004518,0.14068,0.0
104882,29,840,0.1321,0.004518,0.13572,0.0
104886,29,840,0.1321,0.004518,0.16068,0.0
104888,29,840,0.1321,0.004518,0.13916,0.0
100793,29,840,0.1321,0.004518,0.12936,0.0
104897,29,840,0.1321,0.004518,0.128,0.0
104898,29,840,0.1321,0.004518,0.13736,0.0
104899,29,840,0.1321,0.004518,0.17128,0.0
102851,29,840,0.1321,0.004518,0.13232,0.0
100803,29,840,0.1321,0.004518,0.12896,0.0
100807,29,840,0.1321,0.004518,0.1254,0.0
102856,29,840,0.1321,0.004518,0.12784,0.0
100811,29,840,0.1321,0.004518,0.1326,0.0
109004,29,840,0.1321,0.004518,0.39820000000000005,0.0
100812,29,840,0.1321,0.004518,0.13272,0.0
102863,29,840,0.1321,0.004518,0.18856,0.0
100824,29,840,0.1321,0.004518,0.1302,0.0
104920,29,840,0.1321,0.004518,0.13147999999999999,0.0
102874,29,840,0.1321,0.004518,0.13128,0.0
109023,29,840,0.1321,0.004518,0.3068,0.0
104930,29,840,0.1321,0.004518,0.14796,0.0
100835,29,840,0.1321,0.004518,0.12584,0.0
104932,29,840,0.1321,0.004518,0.22192,0.0
109030,29,840,0.1321,0.004518,0.41688000000000003,0.0
102887,29,840,0.1321,0.004518,0.2042,0.0
102888,29,840,0.1321,0.004518,0.13508,0.0
109032,29,840,0.1321,0.004518,0.22892,0.0
104939,29,840,0.1321,0.004518,0.1704,0.0
102895,29,840,0.1321,0.004518,0.13752,0.0
100852,29,840,0.1321,0.004518,0.12748,0.0
109047,29,840,0.1321,0.004518,0.36988,0.0
104955,29,840,0.1321,0.004518,0.12856,0.0
104960,29,840,0.1321,0.004518,0.13336,0.0
102913,29,840,0.1321,0.004518,0.17124,0.0
102923,29,840,0.1321,0.004518,0.18024,0.0
100876,29,840,0.1321,0.004518,0.15252,0.0
107020,29,840,0.1321,0.004518,0.45632000000000006,0.0
100878,29,840,0.1321,0.004518,0.1518,0.0
104974,29,840,0.1321,0.004518,0.12632,0.0
104971,29,840,0.1321,0.004518,0.12564,0.0
104977,29,840,0.1321,0.004518,0.12856,0.0
104978,29,840,0.1321,0.004518,0.1578,0.0
102931,29,840,0.1321,0.004518,0.13012,0.0
100884,29,840,0.1321,0.004518,0.15204,0.0
100882,29,840,0.1321,0.004518,0.14692,0.0
102934,29,840,0.1321,0.004518,0.1262,0.0
100888,29,840,0.1321,0.004518,0.15,0.0
109082,29,840,0.1321,0.004518,0.29356000000000004,0.0
109083,29,840,0.1321,0.004518,0.42332000000000003,0.0
102941,29,840,0.1321,0.004518,0.12536,0.0
100896,29,840,0.1321,0.004518,0.1484,0.0
107040,29,840,0.1321,0.004518,0.43408,0.0
104992,29,840,0.1321,0.004518,0.12672,0.0
107045,29,840,0.1321,0.004518,0.45680000000000004,0.0
102951,29,840,0.1321,0.004518,0.12764,0.0
102953,29,840,0.1321,0.004518,0.16324,0.0
100906,29,840,0.1321,0.004518,0.15152,0.0
102955,29,840,0.1321,0.004518,0.14976,0.0
100908,29,840,0.1321,0.004518,0.15468,0.0
100909,29,840,0.1321,0.004518,0.14788,0.0
105006,29,840,0.1321,0.004518,0.45880000000000004,0.0
100913,29,840,0.1321,0.004518,0.14468,0.0
105010,29,840,0.1321,0.004518,0.43096,0.0
102966,29,840,0.1321,0.004518,0.12584,0.0
102967,29,840,0.1321,0.004518,0.1812,0.0
102968,29,840,0.1321,0.004518,0.125,0.0
102970,29,840,0.1321,0.004518,0.13224,0.0
102987,29,840,0.1321,0.004518,0.12512,0.0
102988,29,840,0.1321,0.004518,0.17996,0.0
100942,29,840,0.1321,0.004518,0.1422,0.0
102995,29,840,0.1321,0.004518,0.13456,0.0
102996,29,840,0.1321,0.004518,0.1354,0.0
103001,29,840,0.1321,0.004518,0.1618,0.0
103005,29,840,0.1321,0.004518,0.12504,0.0
107105,29,840,0.1321,0.004518,0.49476000000000003,0.0
103016,29,840,0.1321,0.004518,0.13192,0.0
100972,29,840,0.1321,0.004518,0.1474,0.0
103022,29,840,0.1321,0.004518,0.14088,0.0
107118,29,840,0.1321,0.004518,0.34864000000000006,0.0
105073,29,840,0.1321,0.004518,0.35188,0.0
107121,29,840,0.1321,0.004518,0.44480000000000003,0.0
100978,29,840,0.1321,0.004518,0.19628,0.0
100977,29,840,0.1321,0.004518,0.12964,0.0
100981,29,840,0.1321,0.004518,0.20116,0.0
103026,29,840,0.1321,0.004518,0.14172,0.0
103034,29,840,0.1321,0.004518,0.17268,0.0
100992,29,840,0.1321,0.004518,0.12748,0.0
100993,29,840,0.1321,0.004518,0.12524,0.0
103041,29,840,0.1321,0.004518,0.154,0.0
107139,29,840,0.1321,0.004518,0.45128,0.0
100999,29,840,0.1321,0.004518,0.12732,0.0
101004,29,840,0.1321,0.004518,0.21384,0.0
103053,29,840,0.1321,0.004518,0.156,0.0
103052,29,840,0.1321,0.004518,0.1496,0.0
103056,29,840,0.1321,0.004518,0.1408,0.0
103063,29,840,0.1321,0.004518,0.12512,0.0
103066,29,840,0.1321,0.004518,0.14764,0.0
101019,29,840,0.1321,0.004518,0.1396,0.0
101022,29,840,0.1321,0.004518,0.135,0.0
101027,29,840,0.1321,0.004518,0.12516,0.0
101028,29,840,0.1321,0.004518,0.14572000000000002,0.0
103076,29,840,0.1321,0.004518,0.1252,0.0
101034,29,840,0.1321,0.004518,0.1822,0.0
103087,29,840,0.1321,0.004518,0.14272,0.0
107186,29,840,0.1321,0.004518,0.34456000000000003,0.0
101044,29,840,0.1321,0.004518,0.12516,0.0
103096,29,840,0.1321,0.004518,0.18992,0.0
109242,29,840,0.1321,0.004518,0.36856,0.0
103098,29,840,0.1321,0.004518,0.13112000000000001,0.0
101050,29,840,0.1321,0.004518,0.20932,0.0
101053,29,840,0.1321,0.004518,0.1252,0.0
103108,29,840,0.1321,0.004518,0.179,0.0
103110,29,840,0.1321,0.004518,0.13584,0.0
103114,29,840,0.1321,0.004518,0.14392,0.0
103117,29,840,0.1321,0.004518,0.12832,0.0
109263,29,840,0.1321,0.004518,0.29764,0.0
101074,29,840,0.1321,0.004518,0.12844,0.0
101076,29,840,0.1321,0.004518,0.14568,0.0
101079,29,840,0.1321,0.004518,0.1256,0.0
103130,29,840,0.1321,0.004518,0.15056,0.0
103134,29,840,0.1321,0.004518,0.125,0.0
107234,29,840,0.1321,0.004518,0.4918,0.0
103138,29,840,0.1321,0.004518,0.13144,0.0
103141,29,840,0.1321,0.004518,0.18712,0.0
109288,29,840,0.1321,0.004518,0.33824,0.0
103145,29,840,0.1321,0.004518,0.14016,0.0
105194,29,840,0.1321,0.004518,0.43892000000000003,0.0
103151,29,840,0.1321,0.004518,0.13448,0.0
103155,29,840,0.1321,0.004518,0.14356,0.0
101107,29,840,0.1321,0.004518,0.12532,0.0
101109,29,840,0.1321,0.004518,0.15004,0.0
103159,29,840,0.1321,0.004518,0.12676,0.0
103165,29,840,0.1321,0.004518,0.12652,0.0
101117,29,840,0.1321,0.004518,0.13476,0.0
101121,29,840,0.1321,0.004518,0.14372000000000001,0.0
103172,29,840,0.1321,0.004518,0.12616,0.0
103173,29,840,0.1321,0.004518,0.23256,0.0
101124,29,840,0.1321,0.004518,0.17788,0.0
103176,29,840,0.1321,0.004518,0.199,0.0
103177,29,840,0.1321,0.004518,0.13204,0.0
103178,29,840,0.1321,0.004518,0.13476,0.0
109325,29,840,0.1321,0.004518,0.3076,0.0
101136,29,840,0.1321,0.004518,0.16932,0.0
107281,29,840,0.1321,0.004518,0.48656000000000005,0.0
103184,29,840,0.1321,0.004518,0.21136,0.0
103187,29,840,0.1321,0.004518,0.12536,0.0
105240,29,840,0.1321,0.004518,0.49008,0.0
103192,29,840,0.1321,0.004518,0.14348,0.0
103194,29,840,0.1321,0.004518,0.13936,0.0
101147,29,840,0.1321,0.004518,0.13072,0.0
103197,29,840,0.1321,0.004518,0.12984,0.0
103202,29,840,0.1321,0.004518,0.16024,0.0
101154,29,840,0.1321,0.004518,0.1332,0.0
101161,29,840,0.1321,0.004518,0.18359999999999999,0.0
103214,29,840,0.1321,0.004518,0.13716,0.0
101167,29,840,0.1321,0.004518,0.13052,0.0
103217,29,840,0.1321,0.004518,0.13184,0.0
101170,29,840,0.1321,0.004518,0.12516,0.0
103221,29,840,0.1321,0.004518,0.1476,0.0
101174,29,840,0.1321,0.004518,0.1386,0.0
107318,29,840,0.1321,0.004518,0.453,0.0
101176,29,840,0.1321,0.004518,0.12572,0.0
103225,29,840,0.1321,0.004518,0.1648,0.0
105274,29,840,0.1321,0.004518,0.35224,0.0
101179,29,840,0.1321,0.004518,0.1394,0.0
101178,29,840,0.1321,0.004518,0.12772,0.0
103230,29,840,0.1321,0.004518,0.125,0.0
107326,29,840,0.1321,0.004518,0.48968,0.0
103232,29,840,0.1321,0.004518,0.19512000000000002,0.0
101185,29,840,0.1321,0.004518,0.12588,0.0
107329,29,840,0.1321,0.004518,0.42108,0.0
109381,29,840,0.1321,0.004518,0.25328,0.0
103238,29,840,0.1321,0.004518,0.12644,0.0
101193,29,840,0.1321,0.004518,0.17048,0.0
103242,29,840,0.1321,0.004518,0.22452,0.0
105291,29,840,0.1321,0.004518,0.38967999999999997,0.0
101196,29,840,0.1321,0.004518,0.13028,0.0
103245,29,840,0.1321,0.004518,0.12512,0.0
101198,29,840,0.1321,0.004518,0.12512,0.0
105297,29,840,0.1321,0.004518,0.44576,0.0
103249,29,840,0.1321,0.004518,0.1366,0.0
101203,29,840,0.1321,0.004518,0.12604,0.0
103250,29,840,0.1321,0.004518,0.14356,0.0
105302,29,840,0.1321,0.004518,0.44532,0.0
103254,29,840,0.1321,0.004518,0.12584,0.0
103257,29,840,0.1321,0.004518,0.13252,0.0
103259,29,840,0.1321,0.004518,0.17552,0.0
101214,29,840,0.1321,0.004518,0.12976,0.0
103263,29,840,0.1321,0.004518,0.14644000000000001,0.0
107365,29,840,0.1321,0.004518,0.37516,0.0
103278,29,840,0.1321,0.004518,0.13728,0.0
103279,29,840,0.1321,0.004518,0.14072,0.0
107376,29,840,0.1321,0.004518,0.40776,0.0
101235,29,840,0.1321,0.004518,0.12524,0.0
103288,29,840,0.1321,0.004518,0.16008,0.0
101241,29,840,0.1321,0.004518,0.13996,0.0
105339,29,840,0.1321,0.004518,0.37648000000000004,0.0
101244,29,840,0.1321,0.004518,0.13584,0.0
103295,29,840,0.1321,0.004518,0.12788,0.0
101253,29,840,0.1321,0.004518,0.12612,0.0
101260,29,840,0.1321,0.004518,0.17748,0.0
101261,29,840,0.1321,0.004518,0.14236,0.0
101263,29,840,0.1321,0.004518,0.125,0.0
101267,29,840,0.1321,0.004518,0.13824,0.0
101268,29,840,0.1321,0.004518,0.12648,0.0
103323,29,840,0.1321,0.004518,0.14407999999999999,0.0
103325,29,840,0.1321,0.004518,0.13416,0.0
101280,29,840,0.1321,0.004518,0.12996,0.0
101281,29,840,0.1321,0.004518,0.1326,0.0
101284,29,840,0.1321,0.004518,0.12524,0.0
103332,29,840,0.1321,0.004518,0.13628,0.0
101288,29,840,0.1321,0.004518,0.13984,0.0
101292,29,840,0.1321,0.004518,0.13096,0.0
101293,29,840,0.1321,0.004518,0.125,0.0
101298,29,840,0.1321,0.004518,0.14424,0.0
109494,29,840,0.1321,0.004518,0.27236000000000005,0.0
101307,29,840,0.1321,0.004518,0.1252,0.0
107452,29,840,0.1321,0.004518,0.51112,0.0
103360,29,840,0.1321,0.004518,0.12648,0.0
105409,29,840,0.1321,0.004518,0.48100000000000004,0.0
103363,29,840,0.1321,0.004518,0.1314,0.0
103366,29,840,0.1321,0.004518,0.12792,0.0
101319,29,840,0.1321,0.004518,0.13892,0.0
101324,29,840,0.1321,0.004518,0.20168000000000003,0.0
103373,29,840,0.1321,0.004518,0.13504,0.0
101332,29,840,0.1321,0.004518,0.15224,0.0
107477,29,840,0.1321,0.004518,0.46548,0.0
107483,29,840,0.1321,0.004518,0.50656,0.0
101342,29,840,0.1321,0.004518,0.13072,0.0
103396,29,840,0.1321,0.004518,0.14364,0.0
103397,29,840,0.1321,0.004518,0.1336,0.0
103398,29,840,0.1321,0.004518,0.139,0.0
103399,29,840,0.1321,0.004518,0.14192,0.0
101351,29,840,0.1321,0.004518,0.17788,0.0
101353,29,840,0.1321,0.004518,0.13004,0.0
103403,29,840,0.1321,0.004518,0.1612,0.0
103406,29,840,0.1321,0.004518,0.16192,0.0
101359,29,840,0.1321,0.004518,0.1254,0.0
101361,29,840,0.1321,0.004518,0.1292,0.0
103415,29,840,0.1321,0.004518,0.14168,0.0
101370,29,840,0.1321,0.004518,0.12548,0.0
103419,29,840,0.1321,0.004518,0.14252,0.0
101372,29,840,0.1321,0.004518,0.13724,0.0
101373,29,840,0.1321,0.004518,0.17932,0.0
101374,29,840,0.1321,0.004518,0.1266,0.0
101376,29,840,0.1321,0.004518,0.13064,0.0
101377,29,840,0.1321,0.004518,0.12532,0.0
101379,29,840,0.1321,0.004518,0.12556,0.0
101385,29,840,0.1321,0.004518,0.13512,0.0
101387,29,840,0.1321,0.004518,0.1876,0.0
103435,29,840,0.1321,0.004518,0.31412,0.0
101394,29,840,0.1321,0.004518,0.126,0.0
103449,29,840,0.1321,0.004518,0.12536,0.0
103454,29,840,0.1321,0.004518,0.13064,0.0
101408,29,840,0.1321,0.004518,0.14456,0.0
107553,29,840,0.1321,0.004518,0.47512,0.0
101410,29,840,0.1321,0.004518,0.13728,0.0
107555,29,840,0.1321,0.004518,0.42932000000000003,0.0
103456,29,840,0.1321,0.004518,0.14524,0.0
103461,29,840,0.1321,0.004518,0.12672,0.0
107561,29,840,0.1321,0.004518,0.35936,0.0
103467,29,840,0.1321,0.004518,0.1258,0.0
103471,29,840,0.1321,0.004518,0.13276,0.0
103473,29,840,0.1321,0.004518,0.3038,0.0
101427,29,840,0.1321,0.004518,0.18248,0.0
107573,29,840,0.1321,0.004518,0.4904,0.0
101432,29,840,0.1321,0.004518,0.13504,0.0
101435,29,840,0.1321,0.004518,0.13788,0.0
107589,29,840,0.1321,0.004518,0.49088,0.0
101449,29,840,0.1321,0.004518,0.1442,0.0
101450,29,840,0.1321,0.004518,0.12532,0.0
103497,29,840,0.1321,0.004518,0.12884,0.0
103503,29,840,0.1321,0.004518,0.14248,0.0
101455,29,840,0.1321,0.004518,0.13128,0.0
107601,29,840,0.1321,0.004518,0.44256000000000006,0.0
103506,29,840,0.1321,0.004518,0.15536,0.0
103511,29,840,0.1321,0.004518,0.13147999999999999,0.0
103513,29,840,0.1321,0.004518,0.13568,0.0
101466,29,840,0.1321,0.004518,0.12788,0.0
105563,29,840,0.1321,0.004518,0.46868,0.0
101469,29,840,0.1321,0.004518,0.12532,0.0
101472,29,840,0.1321,0.004518,0.13988,0.0
103522,29,840,0.1321,0.004518,0.21308,0.0
103524,29,840,0.1321,0.004518,0.15796,0.0
101479,29,840,0.1321,0.004518,0.1254,0.0
103531,29,840,0.1321,0.004518,0.13324,0.0
103533,29,840,0.1321,0.004518,0.12616,0.0
101487,29,840,0.1321,0.004518,0.1292,0.0
103536,29,840,0.1321,0.004518,0.19128,0.0
103540,29,840,0.1321,0.004518,0.12652,0.0
103548,29,840,0.1321,0.004518,0.12768,0.0
103550,29,840,0.1321,0.004518,0.12596,0.0
109695,29,840,0.1321,0.004518,0.34604,0.0
101507,29,840,0.1321,0.004518,0.16292,0.0
103569,29,840,0.1321,0.004518,0.14048,0.0
101521,29,840,0.1321,0.004518,0.17484,0.0
109720,29,840,0.1321,0.004518,0.2918,0.0
107674,29,840,0.1321,0.004518,0.33999999999999997,0.0
103582,29,840,0.1321,0.004518,0.1252,0.0
103583,29,840,0.1321,0.004518,0.17915999999999999,0.0
101537,29,840,0.1321,0.004518,0.16768,0.0
103590,29,840,0.1321,0.004518,0.15992,0.0
101544,29,840,0.1321,0.004518,0.14768,0.0
103600,29,840,0.1321,0.004518,0.1302,0.0
103602,29,840,0.1321,0.004518,0.1612,0.0
101564,29,840,0.1321,0.004518,0.1542,0.0
105667,29,840,0.1321,0.004518,0.2972,0.0
105669,29,840,0.1321,0.004518,0.3008,0.0
103623,29,840,0.1321,0.004518,0.13564,0.0
103625,29,840,0.1321,0.004518,0.13084,0.0
107722,29,840,0.1321,0.004518,0.47932,0.0
101579,29,840,0.1321,0.004518,0.12724,0.0
103631,29,840,0.1321,0.004518,0.12648,0.0
101586,29,840,0.1321,0.004518,0.16824,0.0
103636,29,840,0.1321,0.004518,0.18692,0.0
107738,29,840,0.1321,0.004518,0.49388000000000004,0.0
101599,29,840,0.1321,0.004518,0.12512,0.0
103651,29,840,0.1321,0.004518,0.13376,0.0
103654,29,840,0.1321,0.004518,0.1622,0.0
103659,29,840,0.1321,0.004518,0.16920000000000002,0.0
103662,29,840,0.1321,0.004518,0.12756,0.0
103664,29,840,0.1321,0.004518,0.26324000000000003,0.0
105720,29,840,0.1321,0.004518,0.42212,0.0
109817,29,840,0.1321,0.004518,0.23424,0.0
103678,29,840,0.1321,0.004518,0.12772,0.0
103682,29,840,0.1321,0.004518,0.15436,0.0
103687,29,840,0.1321,0.004518,0.13984,0.0
101640,29,840,0.1321,0.004518,0.17044,0.0
103690,29,840,0.1321,0.004518,0.15544,0.0
103694,29,840,0.1321,0.004518,0.14407999999999999,0.0
101650,29,840,0.1321,0.004518,0.12704,0.0
101667,29,840,0.1321,0.004518,0.18124,0.0
101669,29,840,0.1321,0.004518,0.15224,0.0
103719,29,840,0.1321,0.004518,0.1272,0.0
107815,29,840,0.1321,0.004518,0.41032,0.0
107820,29,840,0.1321,0.004518,0.3776,0.0
103728,29,840,0.1321,0.004518,0.20572000000000001,0.0
101680,29,840,0.1321,0.004518,0.12512,0.0
101683,29,840,0.1321,0.004518,0.125,0.0
103732,29,840,0.1321,0.004518,0.21536,0.0
103734,29,840,0.1321,0.004518,0.15936,0.0
103737,29,840,0.1321,0.004518,0.12692,0.0
105795,29,840,0.1321,0.004518,0.32612,0.0
103747,29,840,0.1321,0.004518,0.14984,0.0
105801,29,840,0.1321,0.004518,0.5179199999999999,0.0
101709,29,840,0.1321,0.004518,0.22624,0.0
103758,29,840,0.1321,0.004518,0.14772000000000002,0.0
101713,29,840,0.1321,0.004518,0.12504,0.0
103763,29,840,0.1321,0.004518,0.16396,0.0
101717,29,840,0.1321,0.004518,0.14928,0.0
103766,29,840,0.1321,0.004518,0.13784,0.0
107869,29,840,0.1321,0.004518,0.41124,0.0
101728,29,840,0.1321,0.004518,0.23152,0.0
103778,29,840,0.1321,0.004518,0.15968,0.0
101730,29,840,0.1321,0.004518,0.126,0.0
101732,29,840,0.1321,0.004518,0.17848,0.0
101744,29,840,0.1321,0.004518,0.12512,0.0
101745,29,840,0.1321,0.004518,0.1256,0.0
103793,29,840,0.1321,0.004518,0.2272,0.0
105843,29,840,0.1321,0.004518,0.38284,0.0
103798,29,840,0.1321,0.004518,0.13792,0.0
105847,29,840,0.1321,0.004518,0.33576000000000006,0.0
101751,29,840,0.1321,0.004518,0.13332,0.0
103801,29,840,0.1321,0.004518,0.14048,0.0
109946,29,840,0.1321,0.004518,0.38136000000000003,0.0
109943,29,840,0.1321,0.004518,0.40956000000000004,0.0
105858,29,840,0.1321,0.004518,0.47204,0.0
101762,29,840,0.1321,0.004518,0.136,0.0
107923,29,840,0.1321,0.004518,0.38892000000000004,0.0
101781,29,840,0.1321,0.004518,0.15856,0.0
103831,29,840,0.1321,0.004518,0.13692,0.0
101784,29,840,0.1321,0.004518,0.13848,0.0
103833,29,840,0.1321,0.004518,0.13012,0.0
101785,29,840,0.1321,0.004518,0.1274,0.0
101789,29,840,0.1321,0.004518,0.1252,0.0
101792,29,840,0.1321,0.004518,0.1264,0.0
105890,29,840,0.1321,0.004518,0.43344000000000005,0.0
101796,29,840,0.1321,0.004518,0.127,0.0
105895,29,840,0.1321,0.004518,0.47532,0.0
101800,29,840,0.1321,0.004518,0.16292,0.0
101801,29,840,0.1321,0.004518,0.27296,0.0
103852,29,840,0.1321,0.004518,0.125,0.0
101810,29,840,0.1321,0.004518,0.139,0.0
103859,29,840,0.1321,0.004518,0.125,0.0
101812,29,840,0.1321,0.004518,0.12952,0.0
101819,29,840,0.1321,0.004518,0.1354,0.0
101820,29,840,0.1321,0.004518,0.1698,0.0
105917,29,840,0.1321,0.004518,0.50568,0.0
105918,29,840,0.1321,0.004518,0.30988000000000004,0.0
103870,29,840,0.1321,0.004518,0.14812,0.0
103871,29,840,0.1321,0.004518,0.14284,0.0
101825,29,840,0.1321,0.004518,0.14096,0.0
107973,29,840,0.1321,0.004518,0.30736,0.0
103880,29,840,0.1321,0.004518,0.127,0.0
101836,29,840,0.1321,0.004518,0.15884,0.0
103885,29,840,0.1321,0.004518,0.14044,0.0
103891,29,840,0.1321,0.004518,0.133,0.0
101843,29,840,0.1321,0.004518,0.15112,0.0
101847,29,840,0.1321,0.004518,0.125,0.0
103896,29,840,0.1321,0.004518,0.14708,0.0
103904,29,840,0.1321,0.004518,0.14384,0.0
103905,29,840,0.1321,0.004518,0.1256,0.0
105954,29,840,0.1321,0.004518,0.46492,0.0
101858,29,840,0.1321,0.004518,0.12656,0.0
101864,29,840,0.1321,0.004518,0.13976,0.0
103915,29,840,0.1321,0.004518,0.13044,0.0
103918,29,840,0.1321,0.004518,0.12744,0.0
101870,29,840,0.1321,0.004518,0.12696,0.0
103921,29,840,0.1321,0.004518,0.13368,0.0
101874,29,840,0.1321,0.004518,0.1332,0.0
108017,29,840,0.1321,0.004518,0.42308,0.0
108020,29,840,0.1321,0.004518,0.33996000000000004,0.0
103925,29,840,0.1321,0.004518,0.15316000000000002,0.0
101876,29,840,0.1321,0.004518,0.12536,0.0
103927,29,840,0.1321,0.004518,0.13724,0.0
103924,29,840,0.1321,0.004518,0.1404,0.0
101886,29,840,0.1321,0.004518,0.125,0.0
105983,29,840,0.1321,0.004518,0.48960000000000004,0.0
103943,29,840,0.1321,0.004518,0.12616,0.0
103944,29,840,0.1321,0.004518,0.17392000000000002,0.0
101897,29,840,0.1321,0.004518,0.1282,0.0
108040,29,840,0.1321,0.004518,0.4822,0.0
103946,29,840,0.1321,0.004518,0.12608,0.0
101900,29,840,0.1321,0.004518,0.17428,0.0
103950,29,840,0.1321,0.004518,0.14816000000000001,0.0
103956,29,840,0.1321,0.004518,0.14124,0.0
101908,29,840,0.1321,0.004518,0.15012,0.0
103959,29,840,0.1321,0.004518,0.13472,0.0
103961,29,840,0.1321,0.004518,0.1348,0.0
101914,29,840,0.1321,0.004518,0.16788,0.0
106011,29,840,0.1321,0.004518,0.45596000000000003,0.0
108057,29,840,0.1321,0.004518,0.49888,0.0
108062,29,840,0.1321,0.004518,0.40024000000000004,0.0
101919,29,840,0.1321,0.004518,0.20568,0.0
101920,29,840,0.1321,0.004518,0.1272,0.0
101925,29,840,0.1321,0.004518,0.17124,0.0
101928,29,840,0.1321,0.004518,0.19008000000000003,0.0
103976,29,840,0.1321,0.004518,0.1624,0.0
101931,29,840,0.1321,0.004518,0.12512,0.0
101932,29,840,0.1321,0.004518,0.12704,0.0
101933,29,840,0.1321,0.004518,0.125,0.0
106029,29,840,0.1321,0.004518,0.44168,0.0
101940,29,840,0.1321,0.004518,0.1252,0.0
103989,29,840,0.1321,0.004518,0.16744,0.0
101942,29,840,0.1321,0.004518,0.12504,0.0
101947,29,840,0.1321,0.004518,0.13008,0.0
101949,29,840,0.1321,0.004518,0.13164,0.0
104000,29,840,0.1321,0.004518,0.15916,0.0
101954,29,840,0.1321,0.004518,0.14579999999999999,0.0
101955,29,840,0.1321,0.004518,0.1298,0.0
104005,29,840,0.1321,0.004518,0.15904000000000001,0.0
104012,29,840,0.1321,0.004518,0.1726,0.0
104014,29,840,0.1321,0.004518,0.22172,0.0
104015,29,840,0.1321,0.004518,0.12552,0.0
101968,29,840,0.1321,0.004518,0.13212,0.0
101972,29,840,0.1321,0.004518,0.14200000000000002,0.0
101975,29,840,0.1321,0.004518,0.12504,0.0
101976,29,840,0.1321,0.004518,0.19308,0.0
101982,29,840,0.1321,0.004518,0.12948,0.0
104032,29,840,0.1321,0.004518,0.21636,0.0
101985,29,840,0.1321,0.004518,0.1398,0.0
101989,29,840,0.1321,0.004518,0.13828000000000001,0.0
106085,29,840,0.1321,0.004518,0.46940000000000004,0.0
104039,29,840,0.1321,0.004518,0.13388,0.0
104043,29,840,0.1321,0.004518,0.12512,0.0
104045,29,840,0.1321,0.004518,0.19984000000000002,0.0
101999,29,840,0.1321,0.004518,0.1366,0.0
102000,29,840,0.1321,0.004518,0.12636,0.0
102001,29,840,0.1321,0.004518,0.24972,0.0
104050,29,840,0.1321,0.004518,0.13512,0.0
102002,29,840,0.1321,0.004518,0.1572,0.0
108144,29,840,0.1321,0.004518,0.45608000000000004,0.0
102017,29,840,0.1321,0.004518,0.17044,0.0
106114,29,840,0.1321,0.004518,0.22064,0.0
104066,29,840,0.1321,0.004518,0.19164,0.0
104067,29,840,0.1321,0.004518,0.14484,0.0
104070,29,840,0.1321,0.004518,0.16584,0.0
104071,29,840,0.1321,0.004518,0.12656,0.0
102022,29,840,0.1321,0.004518,0.12944,0.0
104075,29,840,0.1321,0.004518,0.13988,0.0
102035,29,840,0.1321,0.004518,0.13376,0.0
102037,29,840,0.1321,0.004518,0.12792,0.0
102039,29,840,0.1321,0.004518,0.1598,0.0
102040,29,840,0.1321,0.004518,0.1704,0.0
104090,29,840,0.1321,0.004518,0.13312,0.0
102043,29,840,0.1321,0.004518,0.26024,0.0
102044,29,840,0.1321,0.004518,0.1262,0.0
102049,29,840,0.1321,0.004518,0.1722,0.0
100004,29,840,0.1321,0.004518,0.16644,0.0
104100,29,840,0.1321,0.004518,0.1264,0.0
102052,29,840,0.1321,0.004518,0.1314,0.0
100011,29,840,0.1321,0.004518,0.13396,0.0
104108,29,840,0.1321,0.004518,0.15496,0.0
104110,29,840,0.1321,0.004518,0.12852,0.0
104117,29,840,0.1321,0.004518,0.13544,0.0
104118,29,840,0.1321,0.004518,0.14044,0.0
100026,29,840,0.1321,0.004518,0.16476000000000002,0.0
100028,29,840,0.1321,0.004518,0.1418,0.0
102080,29,840,0.1321,0.004518,0.12792,0.0
108227,29,840,0.1321,0.004518,0.43312,0.0
102085,29,840,0.1321,0.004518,0.12924,0.0
100038,29,840,0.1321,0.004518,0.12908,0.0
102088,29,840,0.1321,0.004518,0.1256,0.0
102093,29,840,0.1321,0.004518,0.13564,0.0
102095,29,840,0.1321,0.004518,0.14416,0.0
102098,29,840,0.1321,0.004518,0.12504,0.0
100058,29,840,0.1321,0.004518,0.19312,0.0
102108,29,840,0.1321,0.004518,0.12548,0.0
104156,29,840,0.1321,0.004518,0.12556,0.0
102110,29,840,0.1321,0.004518,0.12976,0.0
102112,29,840,0.1321,0.004518,0.16072,0.0
102117,29,840,0.1321,0.004518,0.21036,0.0
100075,29,840,0.1321,0.004518,0.12548,0.0
104171,29,840,0.1321,0.004518,0.24056,0.0
100078,29,840,0.1321,0.004518,0.19364,0.0
106223,29,840,0.1321,0.004518,0.34243999999999997,0.0
100080,29,840,0.1321,0.004518,0.2018,0.0
104178,29,840,0.1321,0.004518,0.13836,0.0
102131,29,840,0.1321,0.004518,0.1262,0.0
104181,29,840,0.1321,0.004518,0.20552,0.0
100087,29,840,0.1321,0.004518,0.14072,0.0
104183,29,840,0.1321,0.004518,0.125,0.0
102138,29,840,0.1321,0.004518,0.12544,0.0
100093,29,840,0.1321,0.004518,0.12964,0.0
100094,29,840,0.1321,0.004518,0.1258,0.0
100095,29,840,0.1321,0.004518,0.17876,0.0
102144,29,840,0.1321,0.004518,0.17356,0.0
108286,29,840,0.1321,0.004518,0.46864,0.0
102154,29,840,0.1321,0.004518,0.1264,0.0
100107,29,840,0.1321,0.004518,0.13804,0.0
104205,29,840,0.1321,0.004518,0.14324,0.0
104206,29,840,0.1321,0.004518,0.15036,0.0
106255,29,840,0.1321,0.004518,0.49968,0.0
104208,29,840,0.1321,0.004518,0.15564,0.0
104213,29,840,0.1321,0.004518,0.12868,0.0
104217,29,840,0.1321,0.004518,0.146,0.0
102172,29,840,0.1321,0.004518,0.14064,0.0
106270,29,840,0.1321,0.004518,0.45324000000000003,0.0
104223,29,840,0.1321,0.004518,0.17892,0.0
100128,29,840,0.1321,0.004518,0.14612,0.0
104226,29,840,0.1321,0.004518,0.15912,0.0
104232,29,840,0.1321,0.004518,0.1328,0.0
102184,29,840,0.1321,0.004518,0.28180000000000005,0.0
100138,29,840,0.1321,0.004518,0.21364,0.0
104236,29,840,0.1321,0.004518,0.14212,0.0
100141,29,840,0.1321,0.004518,0.15816,0.0
102190,29,840,0.1321,0.004518,0.14268,0.0
104240,29,840,0.1321,0.004518,0.14596,0.0
100144,29,840,0.1321,0.004518,0.1282,0.0
104244,29,840,0.1321,0.004518,0.131,0.0
106295,29,840,0.1321,0.004518,0.48376,0.0
104251,29,840,0.1321,0.004518,0.1456,0.0
100157,29,840,0.1321,0.004518,0.13036,0.0
100162,29,840,0.1321,0.004518,0.125,0.0
102212,29,840,0.1321,0.004518,0.1334,0.0
102213,29,840,0.1321,0.004518,0.13964,0.0
104261,29,840,0.1321,0.004518,0.13096,0.0
100171,29,840,0.1321,0.004518,0.23952,0.0
102220,29,840,0.1321,0.004518,0.14732,0.0
102221,29,840,0.1321,0.004518,0.183,0.0
100173,29,840,0.1321,0.004518,0.12612,0.0
104272,29,840,0.1321,0.004518,0.1318,0.0
100178,29,840,0.1321,0.004518,0.1374,0.0
104275,29,840,0.1321,0.004518,0.12856,0.0
102228,29,840,0.1321,0.004518,0.15368,0.0
100183,29,840,0.1321,0.004518,0.125,0.0
100186,29,840,0.1321,0.004518,0.13764,0.0
102235,29,840,0.1321,0.004518,0.14592,0.0
108379,29,840,0.1321,0.004518,0.44204,0.0
104283,29,840,0.1321,0.004518,0.13432,0.0
100189,29,840,0.1321,0.004518,0.15264,0.0
102239,29,840,0.1321,0.004518,0.12528,0.0
104293,29,840,0.1321,0.004518,0.13416,0.0
102246,29,840,0.1321,0.004518,0.13828000000000001,0.0
102247,29,840,0.1321,0.004518,0.12512,0.0
102251,29,840,0.1321,0.004518,0.12592,0.0
100203,29,840,0.1321,0.004518,0.1378,0.0
104302,29,840,0.1321,0.004518,0.15228,0.0
104305,29,840,0.1321,0.004518,0.14184,0.0
104307,29,840,0.1321,0.004518,0.13244,0.0
100212,29,840,0.1321,0.004518,0.12528,0.0
104311,29,840,0.1321,0.004518,0.12696,0.0
102264,29,840,0.1321,0.004518,0.12556,0.0
104317,29,840,0.1321,0.004518,0.1522,0.0
100223,29,840,0.1321,0.004518,0.18508,0.0
104320,29,840,0.1321,0.004518,0.16192,0.0
102279,29,840,0.1321,0.004518,0.1318,0.0
100231,29,840,0.1321,0.004518,0.15544,0.0
106377,29,840,0.1321,0.004518,0.43268,0.0
100234,29,840,0.1321,0.004518,0.13604,0.0
104331,29,840,0.1321,0.004518,0.16016,0.0
100235,29,840,0.1321,0.004518,0.17980000000000002,0.0
108426,29,840,0.1321,0.004518,0.35212,0.0
104334,29,840,0.1321,0.004518,0.125,0.0
100239,29,840,0.1321,0.004518,0.12536,0.0
102288,29,840,0.1321,0.004518,0.13636,0.0
104338,29,840,0.1321,0.004518,0.1874,0.0
102290,29,840,0.1321,0.004518,0.14592,0.0
100245,29,840,0.1321,0.004518,0.18996000000000002,0.0
106389,29,840,0.1321,0.004518,0.42396,0.0
102298,29,840,0.1321,0.004518,0.13124,0.0
100254,29,840,0.1321,0.004518,0.13956,0.0
104350,29,840,0.1321,0.004518,0.15764,0.0
100256,29,840,0.1321,0.004518,0.15944,0.0
104356,29,840,0.1321,0.004518,0.12524,0.0
102309,29,840,0.1321,0.004518,0.17408,0.0
102308,29,840,0.1321,0.004518,0.1274,0.0
104361,29,840,0.1321,0.004518,0.13548,0.0
100265,29,840,0.1321,0.004518,0.3012,0.0
100270,29,840,0.1321,0.004518,0.12584,0.0
100275,29,840,0.1321,0.004518,0.12576,0.0
104372,29,840,0.1321,0.004518,0.13452,0.0
102326,29,840,0.1321,0.004518,0.12552,0.0
102328,29,840,0.1321,0.004518,0.12992,0.0
104377,29,840,0.1321,0.004518,0.14232,0.0
100282,29,840,0.1321,0.004518,0.17496,0.0
104381,29,840,0.1321,0.004518,0.13332,0.0
100287,29,840,0.1321,0.004518,0.13524,0.0
102337,29,840,0.1321,0.004518,0.18631999999999999,0.0
102338,29,840,0.1321,0.004518,0.12824,0.0
104386,29,840,0.1321,0.004518,0.13536,0.0
108483,29,840,0.1321,0.004518,0.44068,0.0
100297,29,840,0.1321,0.004518,0.13136,0.0
104398,29,840,0.1321,0.004518,0.13112000000000001,0.0
100303,29,840,0.1321,0.004518,0.201,0.0
100311,29,840,0.1321,0.004518,0.12988,0.0
104408,29,840,0.1321,0.004518,0.17872,0.0
102360,29,840,0.1321,0.004518,0.21808,0.0
104414,29,840,0.1321,0.004518,0.12512,0.0
104415,29,840,0.1321,0.004518,0.15772,0.0
102373,29,840,0.1321,0.004518,0.1444,0.0
104422,29,840,0.1321,0.004518,0.12764,0.0
104423,29,840,0.1321,0.004518,0.13252,0.0
100326,29,840,0.1321,0.004518,0.1578,0.0
102381,29,840,0.1321,0.004518,0.1292,0.0
104430,29,840,0.1321,0.004518,0.13704,0.0
100334,29,840,0.1321,0.004518,0.13012,0.0
100349,29,840,0.1321,0.004518,0.17124,0.0
100350,29,840,0.1321,0.004518,0.13152,0.0
101378,30,268,0.5522,0.010118,0.1326,0.0
104452,30,268,0.5522,0.010118,0.13652,0.0
102412,30,268,0.5522,0.010118,0.133,0.0
108558,30,268,0.5522,0.010118,0.23748000000000002,0.0
107535,30,268,0.5522,0.010118,0.36172000000000004,0.0
108561,30,268,0.5522,0.010118,0.41587999999999997,0.0
109588,30,268,0.5522,0.010118,0.33755999999999997,0.0
109600,30,268,0.5522,0.010118,0.39348,0.0
101411,30,268,0.5522,0.010118,0.12784,0.0
107556,30,268,0.5522,0.010118,0.4586,0.0
104486,30,268,0.5522,0.010118,0.14352,0.0
108586,30,268,0.5522,0.010118,0.3428,0.0
105520,30,268,0.5522,0.010118,0.34687999999999997,0.0
106549,30,268,0.5522,0.010118,0.48348,0.0
104501,30,268,0.5522,0.010118,0.12724,0.0
104502,30,268,0.5522,0.010118,0.13636,0.0
104506,30,268,0.5522,0.010118,0.1406,0.0
102458,30,268,0.5522,0.010118,0.1304,0.0
106558,30,268,0.5522,0.010118,0.45632000000000006,0.0
103487,30,268,0.5522,0.010118,0.15012,0.0
101441,30,268,0.5522,0.010118,0.12764,0.0
107587,30,268,0.5522,0.010118,0.31164000000000003,0.0
102467,30,268,0.5522,0.010118,0.13488,0.0
105547,30,268,0.5522,0.010118,0.49696,0.0
106573,30,268,0.5522,0.010118,0.4028,0.0
103510,30,268,0.5522,0.010118,0.19124000000000002,0.0
104542,30,268,0.5522,0.010118,0.16496,0.0
109664,30,268,0.5522,0.010118,0.17828,0.0
109672,30,268,0.5522,0.010118,0.32316,0.0
107626,30,268,0.5522,0.010118,0.25804000000000005,0.0
107631,30,268,0.5522,0.010118,0.41187999999999997,0.0
108659,30,268,0.5522,0.010118,0.23232,0.0
109683,30,268,0.5522,0.010118,0.46920000000000006,0.0
100471,30,268,0.5522,0.010118,0.12792,0.0
109691,30,268,0.5522,0.010118,0.33172,0.0
109693,30,268,0.5522,0.010118,0.41452,0.0
101501,30,268,0.5522,0.010118,0.12524,0.0
100477,30,268,0.5522,0.010118,0.17396,0.0
103417,30,268,0.5522,0.010118,0.16324,0.0
107650,30,268,0.5522,0.010118,0.41840000000000005,0.0
103554,30,268,0.5522,0.010118,0.12636,0.0
100483,30,268,0.5522,0.010118,0.12688,0.0
109711,30,268,0.5522,0.010118,0.34324,0.0
107673,30,268,0.5522,0.010118,0.33492,0.0
100510,30,268,0.5522,0.010118,0.12892,0.0
100513,30,268,0.5522,0.010118,0.12508,0.0
108706,30,268,0.5522,0.010118,0.26812,0.0
108709,30,268,0.5522,0.010118,0.19424000000000002,0.0
100519,30,268,0.5522,0.010118,0.13704,0.0
104616,30,268,0.5522,0.010118,0.125,0.0
108713,30,268,0.5522,0.010118,0.24156,0.0
106665,30,268,0.5522,0.010118,0.49772,0.0
107691,30,268,0.5522,0.010118,0.43596,0.0
104617,30,268,0.5522,0.010118,0.13492,0.0
102570,30,268,0.5522,0.010118,0.18408,0.0
106674,30,268,0.5522,0.010118,0.48796,0.0
102579,30,268,0.5522,0.010118,0.19916,0.0
107700,30,268,0.5522,0.010118,0.49752,0.0
109747,30,268,0.5522,0.010118,0.268,0.0
101558,30,268,0.5522,0.010118,0.14276,0.0
109751,30,268,0.5522,0.010118,0.38424,0.0
106683,30,268,0.5522,0.010118,0.41128000000000003,0.0
107709,30,268,0.5522,0.010118,0.28704,0.0
101571,30,268,0.5522,0.010118,0.17132,0.0
109766,30,268,0.5522,0.010118,0.22560000000000002,0.0
103624,30,268,0.5522,0.010118,0.12528,0.0
108749,30,268,0.5522,0.010118,0.33692,0.0
106703,30,268,0.5522,0.010118,0.31424,0.0
105680,30,268,0.5522,0.010118,0.324,0.0
100561,30,268,0.5522,0.010118,0.14772000000000002,0.0
109776,30,268,0.5522,0.010118,0.39992,0.0
101594,30,268,0.5522,0.010118,0.13048,0.0
102626,30,268,0.5522,0.010118,0.20948,0.0
109795,30,268,0.5522,0.010118,0.38820000000000005,0.0
107753,30,268,0.5522,0.010118,0.40348,0.0
100586,30,268,0.5522,0.010118,0.13896,0.0
106735,30,268,0.5522,0.010118,0.46924000000000005,0.0
107761,30,268,0.5522,0.010118,0.50636,0.0
109811,30,268,0.5522,0.010118,0.29696,0.0
107777,30,268,0.5522,0.010118,0.44284,0.0
106757,30,268,0.5522,0.010118,0.46628000000000003,0.0
106758,30,268,0.5522,0.010118,0.38168,0.0
105737,30,268,0.5522,0.010118,0.47132,0.0
104715,30,268,0.5522,0.010118,0.17164000000000001,0.0
103699,30,268,0.5522,0.010118,0.19124000000000002,0.0
108820,30,268,0.5522,0.010118,0.39172,0.0
105751,30,268,0.5522,0.010118,0.34208,0.0
102680,30,268,0.5522,0.010118,0.12712,0.0
103705,30,268,0.5522,0.010118,0.1266,0.0
107809,30,268,0.5522,0.010118,0.34912,0.0
106791,30,268,0.5522,0.010118,0.45632000000000006,0.0
106802,30,268,0.5522,0.010118,0.4852,0.0
106818,30,268,0.5522,0.010118,0.48752,0.0
100674,30,268,0.5522,0.010118,0.13308,0.0
101700,30,268,0.5522,0.010118,0.13804,0.0
103749,30,268,0.5522,0.010118,0.15232,0.0
108876,30,268,0.5522,0.010118,0.37876,0.0
105807,30,268,0.5522,0.010118,0.426,0.0
105811,30,268,0.5522,0.010118,0.48688,0.0
102739,30,268,0.5522,0.010118,0.14196,0.0
103772,30,268,0.5522,0.010118,0.14024,0.0
108897,30,268,0.5522,0.010118,0.42044000000000004,0.0
104802,30,268,0.5522,0.010118,0.14504,0.0
107880,30,268,0.5522,0.010118,0.50768,0.0
101738,30,268,0.5522,0.010118,0.12936,0.0
108910,30,268,0.5522,0.010118,0.38156,0.0
107887,30,268,0.5522,0.010118,0.51736,0.0
108921,30,268,0.5522,0.010118,0.278,0.0
103805,30,268,0.5522,0.010118,0.13736,0.0
102785,30,268,0.5522,0.010118,0.12684,0.0
100740,30,268,0.5522,0.010118,0.13136,0.0
106886,30,268,0.5522,0.010118,0.44904000000000005,0.0
100745,30,268,0.5522,0.010118,0.20132,0.0
104842,30,268,0.5522,0.010118,0.13384000000000001,0.0
103817,30,268,0.5522,0.010118,0.13144,0.0
102798,30,268,0.5522,0.010118,0.16368,0.0
107919,30,268,0.5522,0.010118,0.45048,0.0
105874,30,268,0.5522,0.010118,0.46712,0.0
105878,30,268,0.5522,0.010118,0.37724,0.0
107928,30,268,0.5522,0.010118,0.45396000000000003,0.0
107932,30,268,0.5522,0.010118,0.40628000000000003,0.0
103837,30,268,0.5522,0.010118,0.125,0.0
100770,30,268,0.5522,0.010118,0.12624,0.0
101797,30,268,0.5522,0.010118,0.12632,0.0
109993,30,268,0.5522,0.010118,0.18576,0.0
105902,30,268,0.5522,0.010118,0.44724,0.0
100785,30,268,0.5522,0.010118,0.21876,0.0
102834,30,268,0.5522,0.010118,0.13556,0.0
104889,30,268,0.5522,0.010118,0.13496,0.0
107966,30,268,0.5522,0.010118,0.43996,0.0
106960,30,268,0.5522,0.010118,0.41824,0.0
104921,30,268,0.5522,0.010118,0.12736,0.0
104927,30,268,0.5522,0.010118,0.14068,0.0
106977,30,268,0.5522,0.010118,0.45708000000000004,0.0
109025,30,268,0.5522,0.010118,0.25928,0.0
102886,30,268,0.5522,0.010118,0.13328,0.0
100839,30,268,0.5522,0.010118,0.1476,0.0
106988,30,268,0.5522,0.010118,0.49616,0.0
106991,30,268,0.5522,0.010118,0.35724,0.0
105973,30,268,0.5522,0.010118,0.44704000000000005,0.0
105980,30,268,0.5522,0.010118,0.38772,0.0
109062,30,268,0.5522,0.010118,0.31956,0.0
108059,30,268,0.5522,0.010118,0.40788,0.0
100895,30,268,0.5522,0.010118,0.12528,0.0
102950,30,268,0.5522,0.010118,0.14372000000000001,0.0
107047,30,268,0.5522,0.010118,0.3836,0.0
101943,30,268,0.5522,0.010118,0.21124,0.0
106049,30,268,0.5522,0.010118,0.41868,0.0
108097,30,268,0.5522,0.010118,0.45852000000000004,0.0
108099,30,268,0.5522,0.010118,0.45592000000000005,0.0
105030,30,268,0.5522,0.010118,0.36404000000000003,0.0
104022,30,268,0.5522,0.010118,0.1254,0.0
108119,30,268,0.5522,0.010118,0.34512,0.0
100955,30,268,0.5522,0.010118,0.12968,0.0
106084,30,268,0.5522,0.010118,0.43548000000000003,0.0
101990,30,268,0.5522,0.010118,0.12796,0.0
103018,30,268,0.5522,0.010118,0.16628,0.0
101997,30,268,0.5522,0.010118,0.17048,0.0
106095,30,268,0.5522,0.010118,0.46680000000000005,0.0
104048,30,268,0.5522,0.010118,0.12692,0.0
105074,30,268,0.5522,0.010118,0.36951999999999996,0.0
108147,30,268,0.5522,0.010118,0.35404,0.0
106108,30,268,0.5522,0.010118,0.45252000000000003,0.0
108156,30,268,0.5522,0.010118,0.38732000000000005,0.0
107135,30,268,0.5522,0.010118,0.29584,0.0
102018,30,268,0.5522,0.010118,0.16104000000000002,0.0
106115,30,268,0.5522,0.010118,0.44332,0.0
100998,30,268,0.5522,0.010118,0.12512,0.0
105094,30,268,0.5522,0.010118,0.49932,0.0
102026,30,268,0.5522,0.010118,0.12508,0.0
103054,30,268,0.5522,0.010118,0.12624,0.0
102034,30,268,0.5522,0.010118,0.17188,0.0
101011,30,268,0.5522,0.010118,0.12524,0.0
106147,30,268,0.5522,0.010118,0.43596,0.0
104121,30,268,0.5522,0.010118,0.24424,0.0
106178,30,268,0.5522,0.010118,0.512,0.0
108228,30,268,0.5522,0.010118,0.48816000000000004,0.0
105157,30,268,0.5522,0.010118,0.4334,0.0
107205,30,268,0.5522,0.010118,0.4862,0.0
103113,30,268,0.5522,0.010118,0.12888,0.0
104142,30,268,0.5522,0.010118,0.12556,0.0
106193,30,268,0.5522,0.010118,0.45724000000000004,0.0
104147,30,268,0.5522,0.010118,0.14592,0.0
106200,30,268,0.5522,0.010118,0.46024,0.0
100059,30,268,0.5522,0.010118,0.17856,0.0
106208,30,268,0.5522,0.010118,0.38652000000000003,0.0
100067,30,268,0.5522,0.010118,0.13472,0.0
101093,30,268,0.5522,0.010118,0.12612,0.0
106214,30,268,0.5522,0.010118,0.51292,0.0
108267,30,268,0.5522,0.010118,0.46040000000000003,0.0
107243,30,268,0.5522,0.010118,0.39304,0.0
109298,30,268,0.5522,0.010118,0.3446,0.0
102130,30,268,0.5522,0.010118,0.12512,0.0
102136,30,268,0.5522,0.010118,0.12544,0.0
104185,30,268,0.5522,0.010118,0.16312,0.0
109314,30,268,0.5522,0.010118,0.24644,0.0
101137,30,268,0.5522,0.010118,0.12964,0.0
105237,30,268,0.5522,0.010118,0.41732,0.0
100121,30,268,0.5522,0.010118,0.12524,0.0
102177,30,268,0.5522,0.010118,0.1406,0.0
106274,30,268,0.5522,0.010118,0.4464,0.0
107300,30,268,0.5522,0.010118,0.30872,0.0
105253,30,268,0.5522,0.010118,0.35796000000000006,0.0
106278,30,268,0.5522,0.010118,0.49204000000000003,0.0
103204,30,268,0.5522,0.010118,0.16024,0.0
101158,30,268,0.5522,0.010118,0.17068,0.0
109365,30,268,0.5522,0.010118,0.40516,0.0
105270,30,268,0.5522,0.010118,0.38384,0.0
104247,30,268,0.5522,0.010118,0.1514,0.0
100152,30,268,0.5522,0.010118,0.1526,0.0
106300,30,268,0.5522,0.010118,0.38168,0.0
108361,30,268,0.5522,0.010118,0.38780000000000003,0.0
104267,30,268,0.5522,0.010118,0.12596,0.0
101200,30,268,0.5522,0.010118,0.12736,0.0
107346,30,268,0.5522,0.010118,0.42248,0.0
109394,30,268,0.5522,0.010118,0.31256,0.0
102236,30,268,0.5522,0.010118,0.13084,0.0
109407,30,268,0.5522,0.010118,0.36452,0.0
105319,30,268,0.5522,0.010118,0.50804,0.0
104296,30,268,0.5522,0.010118,0.13124,0.0
107368,30,268,0.5522,0.010118,0.44496,0.0
100204,30,268,0.5522,0.010118,0.15052,0.0
108400,30,268,0.5522,0.010118,0.42660000000000003,0.0
106357,30,268,0.5522,0.010118,0.452,0.0
100213,30,268,0.5522,0.010118,0.16432,0.0
102265,30,268,0.5522,0.010118,0.13476,0.0
101242,30,268,0.5522,0.010118,0.15816,0.0
103293,30,268,0.5522,0.010118,0.14035999999999998,0.0
107389,30,268,0.5522,0.010118,0.454,0.0
107398,30,268,0.5522,0.010118,0.47716000000000003,0.0
106380,30,268,0.5522,0.010118,0.45512,0.0
109453,30,268,0.5522,0.010118,0.27104,0.0
107406,30,268,0.5522,0.010118,0.5226,0.0
107409,30,268,0.5522,0.010118,0.39411999999999997,0.0
106386,30,268,0.5522,0.010118,0.47344,0.0
107412,30,268,0.5522,0.010118,0.42048,0.0
107417,30,268,0.5522,0.010118,0.46784000000000003,0.0
106394,30,268,0.5522,0.010118,0.432,0.0
109468,30,268,0.5522,0.010118,0.32652000000000003,0.0
109470,30,268,0.5522,0.010118,0.28056000000000003,0.0
102302,30,268,0.5522,0.010118,0.12512,0.0
105379,30,268,0.5522,0.010118,0.35352000000000006,0.0
100260,30,268,0.5522,0.010118,0.169,0.0
100267,30,268,0.5522,0.010118,0.12924,0.0
107436,30,268,0.5522,0.010118,0.43976000000000004,0.0
109491,30,268,0.5522,0.010118,0.3518,0.0
100276,30,268,0.5522,0.010118,0.27196,0.0
103353,30,268,0.5522,0.010118,0.13472,0.0
103354,30,268,0.5522,0.010118,0.12764,0.0
100291,30,268,0.5522,0.010118,0.14296,0.0
104387,30,268,0.5522,0.010118,0.14164,0.0
104389,30,268,0.5522,0.010118,0.18788,0.0
105414,30,268,0.5522,0.010118,0.41976,0.0
109518,30,268,0.5522,0.010118,0.35056,0.0
109521,30,268,0.5522,0.010118,0.3628,0.0
103378,30,268,0.5522,0.010118,0.19788,0.0
106452,30,268,0.5522,0.010118,0.37240000000000006,0.0
103385,30,268,0.5522,0.010118,0.15676,0.0
100320,30,268,0.5522,0.010118,0.13784,0.0
104420,30,268,0.5522,0.010118,0.16188,0.0
107493,30,268,0.5522,0.010118,0.43928,0.0
108527,30,268,0.5522,0.010118,0.27536000000000005,0.0
100338,30,268,0.5522,0.010118,0.21484,0.0
103411,30,268,0.5522,0.010118,0.14788,0.0
108532,30,268,0.5522,0.010118,0.41452,0.0
103413,30,268,0.5522,0.010118,0.16856,0.0
107513,30,268,0.5522,0.010118,0.39976,0.0
102397,30,268,0.5522,0.010118,0.13796,0.0
